# converted by scripts/glb-to-obj.mjs
o .art-assets/wheat/google-field-of-wheat
v 0.491943 0.027248 -0.226063
v 0.486937 0.027015 -0.220766
v 0.416987 0.250836 -0.243909
v 0.460244 0.259775 -0.285386
v 0.462510 0.262048 -0.282436
v 0.419253 0.253109 -0.240959
v 0.487942 0.027478 -0.220037
v 0.492948 0.027711 -0.225334
v 0.492948 0.027711 -0.225334
v 0.487942 0.027478 -0.220037
v 0.486937 0.027015 -0.220766
v 0.491943 0.027248 -0.226063
v 0.486937 0.027015 -0.220766
v 0.487942 0.027478 -0.220037
v 0.419253 0.253109 -0.240959
v 0.416987 0.250836 -0.243909
v 0.492948 0.027711 -0.225334
v 0.491943 0.027248 -0.226063
v 0.460244 0.259775 -0.285386
v 0.462510 0.262048 -0.282436
v 0.462510 0.262048 -0.282436
v 0.460244 0.259775 -0.285386
v 0.297858 0.390222 -0.305193
v 0.297858 0.390222 -0.305193
v 0.419253 0.253109 -0.240959
v 0.462510 0.262048 -0.282436
v 0.416987 0.250836 -0.243909
v 0.419253 0.253109 -0.240959
v 0.297858 0.390222 -0.305193
v 0.460244 0.259775 -0.285386
v 0.416987 0.250836 -0.243909
v 0.297858 0.390222 -0.305193
v 0.456700 1.144389 -0.238382
v 0.488046 1.122360 -0.194879
v 0.489998 1.165730 -0.194210
v 0.458456 1.183421 -0.237780
v 0.488046 1.122360 -0.194879
v 0.540932 1.140852 -0.208990
v 0.542689 1.179884 -0.208388
v 0.489998 1.165730 -0.194210
v 0.483397 1.439990 -0.222509
v 0.506356 1.425757 -0.203918
v 0.512015 1.425770 -0.221439
v 0.456700 1.144389 -0.238382
v 0.503276 1.122365 -0.239676
v 0.488046 1.122360 -0.194879
v 0.503276 1.122365 -0.239676
v 0.505188 1.165736 -0.239023
v 0.542689 1.179884 -0.208388
v 0.540932 1.140852 -0.208990
v 0.512015 1.425770 -0.221439
v 0.506356 1.425757 -0.203918
v 0.536873 1.437746 -0.203979
v 0.488046 1.122360 -0.194879
v 0.503276 1.122365 -0.239676
v 0.540932 1.140852 -0.208990
v 0.458456 1.183421 -0.237780
v 0.505188 1.165736 -0.239023
v 0.503276 1.122365 -0.239676
v 0.456700 1.144389 -0.238382
v 0.458456 1.183421 -0.237780
v 0.489998 1.165730 -0.194210
v 0.491624 1.178798 -0.197069
v 0.461766 1.194136 -0.234202
v 0.461766 1.194136 -0.234202
v 0.504731 1.178804 -0.235785
v 0.505188 1.165736 -0.239023
v 0.458456 1.183421 -0.237780
v 0.542689 1.179884 -0.208388
v 0.505188 1.165736 -0.239023
v 0.504731 1.178804 -0.235785
v 0.538880 1.190898 -0.207321
v 0.489998 1.165730 -0.194210
v 0.542689 1.179884 -0.208388
v 0.538880 1.190898 -0.207321
v 0.491624 1.178798 -0.197069
v 0.461766 1.194136 -0.234202
v 0.491624 1.178798 -0.197069
v 0.493821 1.227618 -0.196317
v 0.464014 1.244101 -0.233431
v 0.464014 1.244101 -0.233431
v 0.506877 1.227626 -0.235053
v 0.504731 1.178804 -0.235785
v 0.461766 1.194136 -0.234202
v 0.538880 1.190898 -0.207321
v 0.504731 1.178804 -0.235785
v 0.506877 1.227626 -0.235053
v 0.541129 1.240863 -0.206551
v 0.491624 1.178798 -0.197069
v 0.538880 1.190898 -0.207321
v 0.541129 1.240863 -0.206551
v 0.493821 1.227618 -0.196317
v 0.464014 1.244101 -0.233431
v 0.493821 1.227618 -0.196317
v 0.495780 1.239436 -0.200329
v 0.467292 1.253882 -0.229848
v 0.467292 1.253882 -0.229848
v 0.505977 1.239444 -0.230700
v 0.506877 1.227626 -0.235053
v 0.464014 1.244101 -0.233431
v 0.541129 1.240863 -0.206551
v 0.506877 1.227626 -0.235053
v 0.505977 1.239444 -0.230700
v 0.537266 1.250945 -0.205513
v 0.493821 1.227618 -0.196317
v 0.541129 1.240863 -0.206551
v 0.537266 1.250945 -0.205513
v 0.495780 1.239436 -0.200329
v 0.467292 1.253882 -0.229848
v 0.495780 1.239436 -0.200329
v 0.497659 1.281189 -0.199685
v 0.469216 1.296626 -0.229188
v 0.469216 1.296626 -0.229188
v 0.507813 1.281199 -0.230073
v 0.505977 1.239444 -0.230700
v 0.467292 1.253882 -0.229848
v 0.537266 1.250945 -0.205513
v 0.505977 1.239444 -0.230700
v 0.507813 1.281199 -0.230073
v 0.539190 1.293689 -0.204854
v 0.495780 1.239436 -0.200329
v 0.537266 1.250945 -0.205513
v 0.539190 1.293689 -0.204854
v 0.497659 1.281189 -0.199685
v 0.469216 1.296626 -0.229188
v 0.497659 1.281189 -0.199685
v 0.499167 1.292108 -0.202504
v 0.471707 1.306354 -0.226910
v 0.471707 1.306354 -0.226910
v 0.507286 1.292117 -0.226931
v 0.507813 1.281199 -0.230073
v 0.469216 1.296626 -0.229188
v 0.539190 1.293689 -0.204854
v 0.507813 1.281199 -0.230073
v 0.507286 1.292117 -0.226931
v 0.536731 1.303625 -0.204342
v 0.497659 1.281189 -0.199685
v 0.539190 1.293689 -0.204854
v 0.536731 1.303625 -0.204342
v 0.499167 1.292108 -0.202504
v 0.471707 1.306354 -0.226910
v 0.499167 1.292108 -0.202504
v 0.501216 1.337631 -0.201802
v 0.473706 1.350775 -0.226225
v 0.473706 1.350775 -0.226225
v 0.509289 1.337642 -0.226247
v 0.507286 1.292117 -0.226931
v 0.471707 1.306354 -0.226910
v 0.536731 1.303625 -0.204342
v 0.507286 1.292117 -0.226931
v 0.509289 1.337642 -0.226247
v 0.538730 1.348046 -0.203657
v 0.499167 1.292108 -0.202504
v 0.536731 1.303625 -0.204342
v 0.538730 1.348046 -0.203657
v 0.501216 1.337631 -0.201802
v 0.473706 1.350775 -0.226225
v 0.501216 1.337631 -0.201802
v 0.502292 1.347376 -0.203533
v 0.476283 1.357976 -0.225127
v 0.476283 1.357976 -0.225127
v 0.509089 1.347387 -0.224216
v 0.509289 1.337642 -0.226247
v 0.473706 1.350775 -0.226225
v 0.538730 1.348046 -0.203657
v 0.509289 1.337642 -0.226247
v 0.509089 1.347387 -0.224216
v 0.536692 1.355441 -0.204185
v 0.501216 1.337631 -0.201802
v 0.538730 1.348046 -0.203657
v 0.536692 1.355441 -0.204185
v 0.502292 1.347376 -0.203533
v 0.476283 1.357976 -0.225127
v 0.502292 1.347376 -0.203533
v 0.503972 1.384698 -0.202958
v 0.477906 1.394053 -0.224571
v 0.477906 1.394053 -0.224571
v 0.510731 1.384710 -0.223655
v 0.509089 1.347387 -0.224216
v 0.476283 1.357976 -0.225127
v 0.536692 1.355441 -0.204185
v 0.509089 1.347387 -0.224216
v 0.510731 1.384710 -0.223655
v 0.538316 1.391518 -0.203629
v 0.502292 1.347376 -0.203533
v 0.536692 1.355441 -0.204185
v 0.538316 1.391518 -0.203629
v 0.503972 1.384698 -0.202958
v 0.477906 1.394053 -0.224571
v 0.503972 1.384698 -0.202958
v 0.505032 1.396342 -0.204372
v 0.481783 1.404127 -0.223061
v 0.481783 1.404127 -0.223061
v 0.510728 1.396354 -0.221879
v 0.510731 1.384710 -0.223655
v 0.477906 1.394053 -0.224571
v 0.538316 1.391518 -0.203629
v 0.510731 1.384710 -0.223655
v 0.510728 1.396354 -0.221879
v 0.535259 1.401883 -0.204532
v 0.503972 1.384698 -0.202958
v 0.538316 1.391518 -0.203629
v 0.535259 1.401883 -0.204532
v 0.505032 1.396342 -0.204372
v 0.481783 1.404127 -0.223061
v 0.505032 1.396342 -0.204372
v 0.506356 1.425757 -0.203918
v 0.483397 1.439990 -0.222509
v 0.483397 1.439990 -0.222509
v 0.512015 1.425770 -0.221439
v 0.510728 1.396354 -0.221879
v 0.481783 1.404127 -0.223061
v 0.535259 1.401883 -0.204532
v 0.510728 1.396354 -0.221879
v 0.512015 1.425770 -0.221439
v 0.536873 1.437746 -0.203979
v 0.505032 1.396342 -0.204372
v 0.535259 1.401883 -0.204532
v 0.536873 1.437746 -0.203979
v 0.506356 1.425757 -0.203918
v 0.492227 0.863324 -0.225685
v 0.488809 0.863165 -0.222069
v 0.441048 1.015987 -0.237870
v 0.470583 1.022091 -0.266190
v 0.472130 1.023642 -0.264175
v 0.442595 1.017539 -0.235856
v 0.489495 0.863481 -0.221570
v 0.492913 0.863640 -0.225187
v 0.492913 0.863640 -0.225187
v 0.489495 0.863481 -0.221570
v 0.488809 0.863165 -0.222069
v 0.492227 0.863324 -0.225685
v 0.488809 0.863165 -0.222069
v 0.489495 0.863481 -0.221570
v 0.442595 1.017539 -0.235856
v 0.441048 1.015987 -0.237870
v 0.492913 0.863640 -0.225187
v 0.492227 0.863324 -0.225685
v 0.470583 1.022091 -0.266190
v 0.472130 1.023642 -0.264175
v 0.472130 1.023642 -0.264175
v 0.470583 1.022091 -0.266190
v 0.359709 1.111158 -0.279714
v 0.359709 1.111158 -0.279714
v 0.442595 1.017539 -0.235856
v 0.472130 1.023642 -0.264175
v 0.441048 1.015987 -0.237870
v 0.442595 1.017539 -0.235856
v 0.359709 1.111158 -0.279714
v 0.470583 1.022091 -0.266190
v 0.441048 1.015987 -0.237870
v 0.359709 1.111158 -0.279714
v 0.494526 0.019929 -0.230141
v 0.484925 0.019929 -0.230294
v 0.490018 1.121232 -0.228549
v 0.499540 1.122360 -0.228423
v 0.484925 0.019929 -0.230294
v 0.481812 0.019929 -0.221210
v 0.486905 1.121232 -0.219465
v 0.490018 1.121232 -0.228549
v 0.481812 0.019929 -0.221210
v 0.489489 0.019929 -0.215443
v 0.494503 1.122360 -0.213725
v 0.486905 1.121232 -0.219465
v 0.494503 1.122360 -0.213725
v 0.489489 0.019929 -0.215443
v 0.497347 0.019929 -0.220963
v 0.502312 1.123058 -0.219261
v 0.497347 0.019929 -0.220963
v 0.494526 0.019929 -0.230141
v 0.499540 1.122360 -0.228423
v 0.502312 1.123058 -0.219261
v 0.484925 0.019929 -0.230294
v 0.494526 0.019929 -0.230141
v 0.489620 0.019929 -0.223610
v 0.481812 0.019929 -0.221210
v 0.484925 0.019929 -0.230294
v 0.489620 0.019929 -0.223610
v 0.489489 0.019929 -0.215443
v 0.481812 0.019929 -0.221210
v 0.489620 0.019929 -0.223610
v 0.497347 0.019929 -0.220963
v 0.489489 0.019929 -0.215443
v 0.489620 0.019929 -0.223610
v 0.494526 0.019929 -0.230141
v 0.497347 0.019929 -0.220963
v 0.489620 0.019929 -0.223610
v 0.490068 0.728815 -0.217617
v 0.495187 0.728099 -0.224170
v 0.563945 0.977724 -0.209899
v 0.517441 0.983984 -0.158657
v 0.514292 0.986253 -0.161848
v 0.560795 0.979993 -0.213090
v 0.494088 0.728845 -0.224867
v 0.488970 0.729561 -0.218314
v 0.488970 0.729561 -0.218314
v 0.494088 0.728845 -0.224867
v 0.495187 0.728099 -0.224170
v 0.490068 0.728815 -0.217617
v 0.495187 0.728099 -0.224170
v 0.494088 0.728845 -0.224867
v 0.560795 0.979993 -0.213090
v 0.563945 0.977724 -0.209899
v 0.488970 0.729561 -0.218314
v 0.490068 0.728815 -0.217617
v 0.517441 0.983984 -0.158657
v 0.514292 0.986253 -0.161848
v 0.514292 0.986253 -0.161848
v 0.517441 0.983984 -0.158657
v 0.650441 1.082345 -0.155219
v 0.650441 1.082345 -0.155219
v 0.560795 0.979993 -0.213090
v 0.514292 0.986253 -0.161848
v 0.563945 0.977724 -0.209899
v 0.560795 0.979993 -0.213090
v 0.650441 1.082345 -0.155219
v 0.517441 0.983984 -0.158657
v 0.563945 0.977724 -0.209899
v 0.650441 1.082345 -0.155219
v 0.490609 0.248089 -0.217756
v 0.495727 0.247372 -0.224309
v 0.562055 0.452442 -0.210871
v 0.515552 0.458702 -0.159629
v 0.512402 0.460971 -0.162820
v 0.558906 0.454711 -0.214062
v 0.494629 0.248118 -0.225005
v 0.489511 0.248834 -0.218453
v 0.489511 0.248834 -0.218453
v 0.494629 0.248118 -0.225005
v 0.495727 0.247372 -0.224309
v 0.490609 0.248089 -0.217756
v 0.495727 0.247372 -0.224309
v 0.494629 0.248118 -0.225005
v 0.558906 0.454711 -0.214062
v 0.562055 0.452442 -0.210871
v 0.489511 0.248834 -0.218453
v 0.490609 0.248089 -0.217756
v 0.515552 0.458702 -0.159629
v 0.512402 0.460971 -0.162820
v 0.512402 0.460971 -0.162820
v 0.515552 0.458702 -0.159629
v 0.650982 0.601619 -0.155358
v 0.650982 0.601619 -0.155358
v 0.558906 0.454711 -0.214062
v 0.512402 0.460971 -0.162820
v 0.562055 0.452442 -0.210871
v 0.558906 0.454711 -0.214062
v 0.650982 0.601619 -0.155358
v 0.515552 0.458702 -0.159629
v 0.562055 0.452442 -0.210871
v 0.650982 0.601619 -0.155358
v 0.491426 0.408312 -0.227259
v 0.487327 0.408121 -0.222922
v 0.448637 0.613528 -0.235504
v 0.485326 0.614779 -0.269026
v 0.487626 0.615913 -0.266458
v 0.450937 0.614663 -0.232936
v 0.488149 0.408500 -0.222325
v 0.492248 0.408691 -0.226662
v 0.492248 0.408691 -0.226662
v 0.488149 0.408500 -0.222325
v 0.487327 0.408121 -0.222922
v 0.491426 0.408312 -0.227259
v 0.487327 0.408121 -0.222922
v 0.488149 0.408500 -0.222325
v 0.450937 0.614663 -0.232936
v 0.448637 0.613528 -0.235504
v 0.492248 0.408691 -0.226662
v 0.491426 0.408312 -0.227259
v 0.485326 0.614779 -0.269026
v 0.487626 0.615913 -0.266458
v 0.487626 0.615913 -0.266458
v 0.485326 0.614779 -0.269026
v 0.393270 0.792256 -0.271230
v 0.393270 0.792256 -0.271230
v 0.450937 0.614663 -0.232936
v 0.487626 0.615913 -0.266458
v 0.448637 0.613528 -0.235504
v 0.450937 0.614663 -0.232936
v 0.393270 0.792256 -0.271230
v 0.485326 0.614779 -0.269026
v 0.448637 0.613528 -0.235504
v 0.393270 0.792256 -0.271230
v 0.781724 0.033425 -0.214585
v 0.785920 0.033182 -0.220573
v 0.833708 0.229407 -0.215715
v 0.795206 0.231015 -0.168540
v 0.791963 0.232442 -0.171243
v 0.830464 0.230835 -0.218418
v 0.784817 0.033659 -0.221150
v 0.780622 0.033902 -0.215162
v 0.780622 0.033902 -0.215162
v 0.784817 0.033659 -0.221150
v 0.785920 0.033182 -0.220573
v 0.781724 0.033425 -0.214585
v 0.785920 0.033182 -0.220573
v 0.784817 0.033659 -0.221150
v 0.830464 0.230835 -0.218418
v 0.833708 0.229407 -0.215715
v 0.780622 0.033902 -0.215162
v 0.781724 0.033425 -0.214585
v 0.795206 0.231015 -0.168540
v 0.791963 0.232442 -0.171243
v 0.791963 0.232442 -0.171243
v 0.795206 0.231015 -0.168540
v 0.889925 0.525486 -0.178795
v 0.889925 0.525486 -0.178795
v 0.830464 0.230835 -0.218418
v 0.791963 0.232442 -0.171243
v 0.833708 0.229407 -0.215715
v 0.830464 0.230835 -0.218418
v 0.889925 0.525486 -0.178795
v 0.795206 0.231015 -0.168540
v 0.833708 0.229407 -0.215715
v 0.889925 0.525486 -0.178795
v 0.823810 1.001506 -0.212943
v 0.849380 0.968212 -0.173803
v 0.864419 1.010154 -0.169683
v 0.837345 1.039254 -0.209235
v 0.849380 0.968212 -0.173803
v 0.905038 0.974165 -0.190170
v 0.918573 1.011912 -0.186462
v 0.864419 1.010154 -0.169683
v 0.939731 1.283003 -0.174589
v 0.958377 1.261632 -0.158962
v 0.962944 1.261732 -0.176799
v 0.823810 1.001506 -0.212943
v 0.861779 0.968247 -0.219464
v 0.849380 0.968212 -0.173803
v 0.861779 0.968247 -0.219464
v 0.876780 1.010202 -0.215357
v 0.918573 1.011912 -0.186462
v 0.905038 0.974165 -0.190170
v 0.962944 1.261732 -0.176799
v 0.958377 1.261632 -0.158962
v 0.991293 1.265658 -0.160261
v 0.849380 0.968212 -0.173803
v 0.861779 0.968247 -0.219464
v 0.905038 0.974165 -0.190170
v 0.837345 1.039254 -0.209235
v 0.876780 1.010202 -0.215357
v 0.861779 0.968247 -0.219464
v 0.823810 1.001506 -0.212943
v 0.837345 1.039254 -0.209235
v 0.864419 1.010154 -0.169683
v 0.869796 1.022794 -0.171561
v 0.843944 1.048604 -0.205030
v 0.843944 1.048604 -0.205030
v 0.880458 1.022840 -0.211019
v 0.876780 1.010202 -0.215357
v 0.837345 1.039254 -0.209235
v 0.918573 1.011912 -0.186462
v 0.876780 1.010202 -0.215357
v 0.880458 1.022840 -0.211019
v 0.918306 1.023575 -0.184209
v 0.864419 1.010154 -0.169683
v 0.918573 1.011912 -0.186462
v 0.918306 1.023575 -0.184209
v 0.869796 1.022794 -0.171561
v 0.843944 1.048604 -0.205030
v 0.869796 1.022794 -0.171561
v 0.886725 1.070007 -0.166923
v 0.861270 1.096924 -0.200283
v 0.861270 1.096924 -0.200283
v 0.897338 1.070070 -0.206398
v 0.880458 1.022840 -0.211019
v 0.843944 1.048604 -0.205030
v 0.918306 1.023575 -0.184209
v 0.880458 1.022840 -0.211019
v 0.897338 1.070070 -0.206398
v 0.935632 1.071895 -0.179463
v 0.869796 1.022794 -0.171561
v 0.918306 1.023575 -0.184209
v 0.935632 1.071895 -0.179463
v 0.886725 1.070007 -0.166923
v 0.861270 1.096924 -0.200283
v 0.886725 1.070007 -0.166923
v 0.891985 1.081439 -0.170075
v 0.867555 1.105367 -0.196148
v 0.867555 1.105367 -0.196148
v 0.900269 1.081500 -0.201023
v 0.897338 1.070070 -0.206398
v 0.861270 1.096924 -0.200283
v 0.935632 1.071895 -0.179463
v 0.897338 1.070070 -0.206398
v 0.900269 1.081500 -0.201023
v 0.935029 1.082662 -0.177311
v 0.886725 1.070007 -0.166923
v 0.935632 1.071895 -0.179463
v 0.935029 1.082662 -0.177311
v 0.891985 1.081439 -0.170075
v 0.867555 1.105367 -0.196148
v 0.891985 1.081439 -0.170075
v 0.906463 1.121818 -0.166109
v 0.882377 1.146704 -0.192087
v 0.882377 1.146704 -0.192087
v 0.914705 1.121893 -0.197070
v 0.900269 1.081500 -0.201023
v 0.867555 1.105367 -0.196148
v 0.935029 1.082662 -0.177311
v 0.900269 1.081500 -0.201023
v 0.914705 1.121893 -0.197070
v 0.949851 1.123999 -0.173251
v 0.891985 1.081439 -0.170075
v 0.935029 1.082662 -0.177311
v 0.949851 1.123999 -0.173251
v 0.906463 1.121818 -0.166109
v 0.882377 1.146704 -0.192087
v 0.906463 1.121818 -0.166109
v 0.911077 1.132378 -0.168117
v 0.887827 1.155407 -0.189196
v 0.887827 1.155407 -0.189196
v 0.917662 1.132451 -0.193001
v 0.914705 1.121893 -0.197070
v 0.882377 1.146704 -0.192087
v 0.949851 1.123999 -0.173251
v 0.914705 1.121893 -0.197070
v 0.917662 1.132451 -0.193001
v 0.950525 1.134312 -0.171737
v 0.906463 1.121818 -0.166109
v 0.949851 1.123999 -0.173251
v 0.950525 1.134312 -0.171737
v 0.911077 1.132378 -0.168117
v 0.887827 1.155407 -0.189196
v 0.911077 1.132378 -0.168117
v 0.926863 1.176403 -0.163792
v 0.903231 1.198366 -0.184976
v 0.903231 1.198366 -0.184976
v 0.933404 1.176491 -0.188691
v 0.917662 1.132451 -0.193001
v 0.887827 1.155407 -0.189196
v 0.950525 1.134312 -0.171737
v 0.917662 1.132451 -0.193001
v 0.933404 1.176491 -0.188691
v 0.965929 1.177271 -0.167517
v 0.911077 1.132378 -0.168117
v 0.950525 1.134312 -0.171737
v 0.965929 1.177271 -0.167517
v 0.926863 1.176403 -0.163792
v 0.903231 1.198366 -0.184976
v 0.926863 1.176403 -0.163792
v 0.930761 1.185829 -0.164784
v 0.907939 1.204673 -0.183476
v 0.907939 1.204673 -0.183476
v 0.936263 1.185913 -0.185848
v 0.933404 1.176491 -0.188691
v 0.903231 1.198366 -0.184976
v 0.965929 1.177271 -0.167517
v 0.933404 1.176491 -0.188691
v 0.936263 1.185913 -0.185848
v 0.966186 1.185078 -0.167280
v 0.926863 1.176403 -0.163792
v 0.965929 1.177271 -0.167517
v 0.966186 1.185078 -0.167280
v 0.930761 1.185829 -0.164784
v 0.907939 1.204673 -0.183476
v 0.930761 1.185829 -0.164784
v 0.943703 1.221923 -0.161239
v 0.920449 1.239563 -0.180049
v 0.920449 1.239563 -0.180049
v 0.949169 1.222019 -0.182314
v 0.936263 1.185913 -0.185848
v 0.907939 1.204673 -0.183476
v 0.966186 1.185078 -0.167280
v 0.936263 1.185913 -0.185848
v 0.949169 1.222019 -0.182314
v 0.978697 1.219968 -0.163853
v 0.930761 1.185829 -0.164784
v 0.966186 1.185078 -0.167280
v 0.978697 1.219968 -0.163853
v 0.943703 1.221923 -0.161239
v 0.920449 1.239563 -0.180049
v 0.943703 1.221923 -0.161239
v 0.948177 1.233186 -0.161757
v 0.927295 1.248321 -0.177995
v 0.927295 1.248321 -0.177995
v 0.952780 1.233274 -0.179582
v 0.949169 1.222019 -0.182314
v 0.920449 1.239563 -0.180049
v 0.978697 1.219968 -0.163853
v 0.949169 1.222019 -0.182314
v 0.952780 1.233274 -0.179582
v 0.978857 1.230976 -0.163667
v 0.943703 1.221923 -0.161239
v 0.978697 1.219968 -0.163853
v 0.978857 1.230976 -0.163667
v 0.948177 1.233186 -0.161757
v 0.927295 1.248321 -0.177995
v 0.948177 1.233186 -0.161757
v 0.958377 1.261632 -0.158962
v 0.939731 1.283003 -0.174589
v 0.939731 1.283003 -0.174589
v 0.962944 1.261732 -0.176799
v 0.952780 1.233274 -0.179582
v 0.927295 1.248321 -0.177995
v 0.978857 1.230976 -0.163667
v 0.952780 1.233274 -0.179582
v 0.962944 1.261732 -0.176799
v 0.991293 1.265658 -0.160261
v 0.948177 1.233186 -0.161757
v 0.978857 1.230976 -0.163667
v 0.991293 1.265658 -0.160261
v 0.958377 1.261632 -0.158962
v 0.773169 0.273491 -0.223150
v 0.773265 0.273614 -0.216534
v 0.753337 0.374037 -0.183175
v 0.747116 0.372216 -0.247458
v 0.751516 0.373586 -0.247929
v 0.757738 0.375407 -0.183645
v 0.774155 0.273876 -0.216553
v 0.774059 0.273753 -0.223169
v 0.774059 0.273753 -0.223169
v 0.774155 0.273876 -0.216553
v 0.773265 0.273614 -0.216534
v 0.773169 0.273491 -0.223150
v 0.773265 0.273614 -0.216534
v 0.774155 0.273876 -0.216553
v 0.757738 0.375407 -0.183645
v 0.753337 0.374037 -0.183175
v 0.774059 0.273753 -0.223169
v 0.773169 0.273491 -0.223150
v 0.747116 0.372216 -0.247458
v 0.751516 0.373586 -0.247929
v 0.751516 0.373586 -0.247929
v 0.747116 0.372216 -0.247458
v 0.680321 0.621911 -0.237901
v 0.680321 0.621911 -0.237901
v 0.757738 0.375407 -0.183645
v 0.751516 0.373586 -0.247929
v 0.753337 0.374037 -0.183175
v 0.757738 0.375407 -0.183645
v 0.680321 0.621911 -0.237901
v 0.747116 0.372216 -0.247458
v 0.753337 0.374037 -0.183175
v 0.680321 0.621911 -0.237901
v 0.787636 0.019270 -0.224338
v 0.778180 0.017779 -0.223852
v 0.763107 0.620720 -0.227981
v 0.772560 0.621409 -0.228468
v 0.778180 0.017779 -0.223852
v 0.775643 0.017779 -0.214590
v 0.760570 0.620720 -0.218720
v 0.763107 0.620720 -0.227981
v 0.775643 0.017779 -0.214590
v 0.783531 0.019270 -0.209353
v 0.768455 0.621409 -0.213483
v 0.760570 0.620720 -0.218720
v 0.783531 0.019270 -0.209353
v 0.790944 0.020191 -0.215377
v 0.775865 0.621835 -0.219508
v 0.768455 0.621409 -0.213483
v 0.790944 0.020191 -0.215377
v 0.787636 0.019270 -0.224338
v 0.772560 0.621409 -0.228468
v 0.775865 0.621835 -0.219508
v 0.778180 0.017779 -0.223852
v 0.787636 0.019270 -0.224338
v 0.783187 0.018858 -0.217502
v 0.775643 0.017779 -0.214590
v 0.778180 0.017779 -0.223852
v 0.783187 0.018858 -0.217502
v 0.783531 0.019270 -0.209353
v 0.775643 0.017779 -0.214590
v 0.783187 0.018858 -0.217502
v 0.790944 0.020191 -0.215377
v 0.783531 0.019270 -0.209353
v 0.783187 0.018858 -0.217502
v 0.787636 0.019270 -0.224338
v 0.790944 0.020191 -0.215377
v 0.783187 0.018858 -0.217502
v 0.760570 0.620720 -0.218720
v 0.768455 0.621409 -0.213483
v 0.853842 0.968212 -0.190090
v 0.845924 0.969528 -0.195337
v 0.763107 0.620720 -0.227981
v 0.760570 0.620720 -0.218720
v 0.845924 0.969528 -0.195337
v 0.848461 0.969528 -0.204598
v 0.772560 0.621409 -0.228468
v 0.763107 0.620720 -0.227981
v 0.848461 0.969528 -0.204598
v 0.857948 0.968212 -0.205075
v 0.775865 0.621835 -0.219508
v 0.772560 0.621409 -0.228468
v 0.857948 0.968212 -0.205075
v 0.861273 0.967399 -0.196110
v 0.768455 0.621409 -0.213483
v 0.775865 0.621835 -0.219508
v 0.861273 0.967399 -0.196110
v 0.853842 0.968212 -0.190090
v 0.799963 0.757376 -0.218015
v 0.797049 0.757531 -0.214515
v 0.795845 0.920472 -0.214339
v 0.822103 0.918517 -0.241655
v 0.824102 0.919022 -0.239774
v 0.797844 0.920976 -0.212459
v 0.797746 0.757704 -0.214088
v 0.800660 0.757549 -0.217588
v 0.800660 0.757549 -0.217588
v 0.797746 0.757704 -0.214088
v 0.797049 0.757531 -0.214515
v 0.799963 0.757376 -0.218015
v 0.797049 0.757531 -0.214515
v 0.797746 0.757704 -0.214088
v 0.797844 0.920976 -0.212459
v 0.795845 0.920472 -0.214339
v 0.800660 0.757549 -0.217588
v 0.799963 0.757376 -0.218015
v 0.822103 0.918517 -0.241655
v 0.824102 0.919022 -0.239774
v 0.824102 0.919022 -0.239774
v 0.822103 0.918517 -0.241655
v 0.777393 1.065742 -0.231939
v 0.777393 1.065742 -0.231939
v 0.797844 0.920976 -0.212459
v 0.824102 0.919022 -0.239774
v 0.795845 0.920472 -0.214339
v 0.797844 0.920976 -0.212459
v 0.777393 1.065742 -0.231939
v 0.822103 0.918517 -0.241655
v 0.795845 0.920472 -0.214339
v 0.777393 1.065742 -0.231939
v 0.769415 0.623469 -0.215231
v 0.773905 0.622238 -0.222148
v 0.871682 0.769116 -0.204473
v 0.830363 0.780554 -0.149901
v 0.827584 0.783584 -0.152734
v 0.868903 0.772146 -0.207305
v 0.772949 0.623224 -0.222724
v 0.768459 0.624454 -0.215807
v 0.768459 0.624454 -0.215807
v 0.772949 0.623224 -0.222724
v 0.773905 0.622238 -0.222148
v 0.769415 0.623469 -0.215231
v 0.773905 0.622238 -0.222148
v 0.772949 0.623224 -0.222724
v 0.868903 0.772146 -0.207305
v 0.871682 0.769116 -0.204473
v 0.768459 0.624454 -0.215807
v 0.769415 0.623469 -0.215231
v 0.830363 0.780554 -0.149901
v 0.827584 0.783584 -0.152734
v 0.827584 0.783584 -0.152734
v 0.830363 0.780554 -0.149901
v 1.000000 0.810210 -0.144756
v 1.000000 0.810210 -0.144756
v 0.868903 0.772146 -0.207305
v 0.827584 0.783584 -0.152734
v 0.871682 0.769116 -0.204473
v 0.868903 0.772146 -0.207305
v 1.000000 0.810210 -0.144756
v 0.830363 0.780554 -0.149901
v 0.871682 0.769116 -0.204473
v 1.000000 0.810210 -0.144756
v -0.343064 0.011987 -0.182631
v -0.340285 0.011752 -0.189369
v -0.266685 0.236845 -0.192786
v -0.292238 0.245835 -0.138577
v -0.295409 0.248120 -0.140522
v -0.269857 0.239131 -0.194730
v -0.341484 0.012218 -0.189691
v -0.344263 0.012452 -0.182953
v -0.344263 0.012452 -0.182953
v -0.341484 0.012218 -0.189691
v -0.340285 0.011752 -0.189369
v -0.343064 0.011987 -0.182631
v -0.340285 0.011752 -0.189369
v -0.341484 0.012218 -0.189691
v -0.269857 0.239131 -0.194730
v -0.266685 0.236845 -0.192786
v -0.344263 0.012452 -0.182953
v -0.343064 0.011987 -0.182631
v -0.292238 0.245835 -0.138577
v -0.295409 0.248120 -0.140522
v -0.295409 0.248120 -0.140522
v -0.292238 0.245835 -0.138577
v -0.133516 0.377022 -0.178183
v -0.133516 0.377022 -0.178183
v -0.269857 0.239131 -0.194730
v -0.295409 0.248120 -0.140522
v -0.266685 0.236845 -0.192786
v -0.269857 0.239131 -0.194730
v -0.133516 0.377022 -0.178183
v -0.292238 0.245835 -0.138577
v -0.266685 0.236845 -0.192786
v -0.133516 0.377022 -0.178183
v -0.305746 1.135475 -0.183738
v -0.350583 1.113321 -0.213145
v -0.352645 1.156937 -0.213072
v -0.307602 1.174729 -0.183672
v -0.350583 1.113321 -0.213145
v -0.394919 1.131917 -0.181046
v -0.396775 1.171172 -0.180980
v -0.352645 1.156937 -0.213072
v -0.336355 1.432755 -0.189009
v -0.364446 1.418441 -0.198153
v -0.363462 1.418454 -0.179768
v -0.305746 1.135475 -0.183738
v -0.348777 1.113325 -0.165865
v -0.350583 1.113321 -0.213145
v -0.348777 1.113325 -0.165865
v -0.350796 1.156943 -0.165790
v -0.396775 1.171172 -0.180980
v -0.394919 1.131917 -0.181046
v -0.363462 1.418454 -0.179768
v -0.364446 1.418441 -0.198153
v -0.392921 1.430498 -0.187178
v -0.350583 1.113321 -0.213145
v -0.348777 1.113325 -0.165865
v -0.394919 1.131917 -0.181046
v -0.307602 1.174729 -0.183672
v -0.350796 1.156943 -0.165790
v -0.348777 1.113325 -0.165865
v -0.305746 1.135475 -0.183738
v -0.307602 1.174729 -0.183672
v -0.352645 1.156937 -0.213072
v -0.353141 1.170079 -0.209820
v -0.311973 1.185504 -0.185829
v -0.311973 1.185504 -0.185829
v -0.351527 1.170085 -0.168978
v -0.350796 1.156943 -0.165790
v -0.307602 1.174729 -0.183672
v -0.396775 1.171172 -0.180980
v -0.350796 1.156943 -0.165790
v -0.351527 1.170085 -0.168978
v -0.393600 1.182248 -0.183338
v -0.352645 1.156937 -0.213072
v -0.396775 1.171172 -0.180980
v -0.393600 1.182248 -0.183338
v -0.353141 1.170079 -0.209820
v -0.311973 1.185504 -0.185829
v -0.353141 1.170079 -0.209820
v -0.355462 1.219176 -0.209737
v -0.314348 1.235753 -0.185744
v -0.314348 1.235753 -0.185744
v -0.353793 1.219185 -0.168893
v -0.351527 1.170085 -0.168978
v -0.311973 1.185504 -0.185829
v -0.393600 1.182248 -0.183338
v -0.351527 1.170085 -0.168978
v -0.353793 1.219185 -0.168893
v -0.395975 1.232497 -0.183253
v -0.353141 1.170079 -0.209820
v -0.393600 1.182248 -0.183338
v -0.395975 1.232497 -0.183253
v -0.355462 1.219176 -0.209737
v -0.314348 1.235753 -0.185744
v -0.355462 1.219176 -0.209737
v -0.355855 1.231062 -0.205289
v -0.318691 1.245590 -0.187917
v -0.318691 1.245590 -0.187917
v -0.354511 1.231070 -0.173280
v -0.353793 1.219185 -0.168893
v -0.314348 1.235753 -0.185744
v -0.395975 1.232497 -0.183253
v -0.353793 1.219185 -0.168893
v -0.354511 1.231070 -0.173280
v -0.392740 1.242636 -0.185605
v -0.355462 1.219176 -0.209737
v -0.395975 1.232497 -0.183253
v -0.392740 1.242636 -0.185605
v -0.355855 1.231062 -0.205289
v -0.318691 1.245590 -0.187917
v -0.355855 1.231062 -0.205289
v -0.357840 1.273053 -0.205218
v -0.320724 1.288577 -0.187845
v -0.320724 1.288577 -0.187845
v -0.356449 1.273062 -0.173209
v -0.354511 1.231070 -0.173280
v -0.318691 1.245590 -0.187917
v -0.392740 1.242636 -0.185605
v -0.354511 1.231070 -0.173280
v -0.356449 1.273062 -0.173209
v -0.394772 1.285623 -0.185532
v -0.355855 1.231062 -0.205289
v -0.392740 1.242636 -0.185605
v -0.394772 1.285623 -0.185532
v -0.357840 1.273053 -0.205218
v -0.320724 1.288577 -0.187845
v -0.357840 1.273053 -0.205218
v -0.358240 1.284033 -0.202046
v -0.323865 1.298360 -0.189081
v -0.323865 1.298360 -0.189081
v -0.357081 1.284042 -0.176332
v -0.356449 1.273062 -0.173209
v -0.320724 1.288577 -0.187845
v -0.394772 1.285623 -0.185532
v -0.356449 1.273062 -0.173209
v -0.357081 1.284042 -0.176332
v -0.392659 1.295616 -0.186890
v -0.357840 1.273053 -0.205218
v -0.394772 1.285623 -0.185532
v -0.392659 1.295616 -0.186890
v -0.358240 1.284033 -0.202046
v -0.323865 1.298360 -0.189081
v -0.358240 1.284033 -0.202046
v -0.360404 1.329815 -0.201969
v -0.325977 1.343033 -0.189005
v -0.325977 1.343033 -0.189005
v -0.359197 1.329826 -0.176254
v -0.357081 1.284042 -0.176332
v -0.323865 1.298360 -0.189081
v -0.392659 1.295616 -0.186890
v -0.357081 1.284042 -0.176332
v -0.359197 1.329826 -0.176254
v -0.394771 1.340289 -0.186814
v -0.358240 1.284033 -0.202046
v -0.392659 1.295616 -0.186890
v -0.394771 1.340289 -0.186814
v -0.360404 1.329815 -0.201969
v -0.325977 1.343033 -0.189005
v -0.360404 1.329815 -0.201969
v -0.360790 1.339615 -0.199967
v -0.328776 1.350275 -0.189108
v -0.328776 1.350275 -0.189108
v -0.359736 1.339626 -0.178222
v -0.359197 1.329826 -0.176254
v -0.325977 1.343033 -0.189005
v -0.394771 1.340289 -0.186814
v -0.359197 1.329826 -0.176254
v -0.359736 1.339626 -0.178222
v -0.392679 1.347726 -0.187050
v -0.360404 1.329815 -0.201969
v -0.394771 1.340289 -0.186814
v -0.392679 1.347726 -0.187050
v -0.360790 1.339615 -0.199967
v -0.328776 1.350275 -0.189108
v -0.360790 1.339615 -0.199967
v -0.362564 1.377149 -0.199903
v -0.330491 1.386557 -0.189047
v -0.330491 1.386557 -0.189047
v -0.361470 1.377162 -0.178158
v -0.359736 1.339626 -0.178222
v -0.328776 1.350275 -0.189108
v -0.392679 1.347726 -0.187050
v -0.359736 1.339626 -0.178222
v -0.361470 1.377162 -0.178158
v -0.394394 1.384008 -0.186989
v -0.360790 1.339615 -0.199967
v -0.392679 1.347726 -0.187050
v -0.394394 1.384008 -0.186989
v -0.362564 1.377149 -0.199903
v -0.330491 1.386557 -0.189047
v -0.362564 1.377149 -0.199903
v -0.363048 1.388860 -0.198203
v -0.334651 1.396689 -0.189070
v -0.334651 1.396689 -0.189070
v -0.362103 1.388871 -0.179818
v -0.361470 1.377162 -0.178158
v -0.330491 1.386557 -0.189047
v -0.394394 1.384008 -0.186989
v -0.361470 1.377162 -0.178158
v -0.362103 1.388871 -0.179818
v -0.391217 1.394432 -0.187239
v -0.362564 1.377149 -0.199903
v -0.394394 1.384008 -0.186989
v -0.391217 1.394432 -0.187239
v -0.363048 1.388860 -0.198203
v -0.334651 1.396689 -0.189070
v -0.363048 1.388860 -0.198203
v -0.364446 1.418441 -0.198153
v -0.336355 1.432755 -0.189009
v -0.336355 1.432755 -0.189009
v -0.363462 1.418454 -0.179768
v -0.362103 1.388871 -0.179818
v -0.334651 1.396689 -0.189070
v -0.391217 1.394432 -0.187239
v -0.362103 1.388871 -0.179818
v -0.363462 1.418454 -0.179768
v -0.392921 1.430498 -0.187178
v -0.363048 1.388860 -0.198203
v -0.391217 1.394432 -0.187239
v -0.392921 1.430498 -0.187178
v -0.364446 1.418441 -0.198153
v -0.343465 0.852813 -0.182883
v -0.341567 0.852653 -0.187483
v -0.291314 1.006343 -0.189816
v -0.308761 1.012481 -0.152803
v -0.310926 1.014042 -0.154131
v -0.293480 1.007904 -0.191144
v -0.342386 0.852971 -0.187703
v -0.344283 0.853131 -0.183102
v -0.344283 0.853131 -0.183102
v -0.342386 0.852971 -0.187703
v -0.341567 0.852653 -0.187483
v -0.343465 0.852813 -0.182883
v -0.341567 0.852653 -0.187483
v -0.342386 0.852971 -0.187703
v -0.293480 1.007904 -0.191144
v -0.291314 1.006343 -0.189816
v -0.344283 0.853131 -0.183102
v -0.343465 0.852813 -0.182883
v -0.308761 1.012481 -0.152803
v -0.310926 1.014042 -0.154131
v -0.310926 1.014042 -0.154131
v -0.308761 1.012481 -0.152803
v -0.200388 1.102054 -0.179845
v -0.200388 1.102054 -0.179845
v -0.293480 1.007904 -0.191144
v -0.310926 1.014042 -0.154131
v -0.291314 1.006343 -0.189816
v -0.293480 1.007904 -0.191144
v -0.200388 1.102054 -0.179845
v -0.308761 1.012481 -0.152803
v -0.291314 1.006343 -0.189816
v -0.200388 1.102054 -0.179845
v -0.344017 0.004626 -0.177899
v -0.334996 0.004626 -0.181191
v -0.340377 1.112186 -0.180999
v -0.349314 1.113321 -0.177710
v -0.334996 0.004626 -0.181191
v -0.335340 0.004626 -0.190788
v -0.340721 1.112186 -0.190595
v -0.340377 1.112186 -0.180999
v -0.335340 0.004626 -0.190788
v -0.344573 0.004626 -0.193426
v -0.349870 1.113321 -0.193237
v -0.340721 1.112186 -0.190595
v -0.349870 1.113321 -0.193237
v -0.344573 0.004626 -0.193426
v -0.349936 0.004626 -0.185461
v -0.355180 1.114022 -0.185273
v -0.349936 0.004626 -0.185461
v -0.344017 0.004626 -0.177899
v -0.349314 1.113321 -0.177710
v -0.355180 1.114022 -0.185273
v -0.334996 0.004626 -0.181191
v -0.344017 0.004626 -0.177899
v -0.341772 0.004626 -0.185753
v -0.335340 0.004626 -0.190788
v -0.334996 0.004626 -0.181191
v -0.341772 0.004626 -0.185753
v -0.344573 0.004626 -0.193426
v -0.335340 0.004626 -0.190788
v -0.341772 0.004626 -0.185753
v -0.349936 0.004626 -0.185461
v -0.344573 0.004626 -0.193426
v -0.341772 0.004626 -0.185753
v -0.344017 0.004626 -0.177899
v -0.349936 0.004626 -0.185461
v -0.341772 0.004626 -0.185753
v -0.344336 0.717540 -0.191189
v -0.346770 0.716820 -0.183239
v -0.416083 0.967863 -0.171963
v -0.390992 0.974158 -0.236452
v -0.386909 0.976440 -0.234599
v -0.412000 0.970145 -0.170110
v -0.345496 0.717570 -0.182981
v -0.343061 0.718290 -0.190931
v -0.343061 0.718290 -0.190931
v -0.345496 0.717570 -0.182981
v -0.346770 0.716820 -0.183239
v -0.344336 0.717540 -0.191189
v -0.346770 0.716820 -0.183239
v -0.345496 0.717570 -0.182981
v -0.412000 0.970145 -0.170110
v -0.416083 0.967863 -0.171963
v -0.343061 0.718290 -0.190931
v -0.344336 0.717540 -0.191189
v -0.390992 0.974158 -0.236452
v -0.386909 0.976440 -0.234599
v -0.386909 0.976440 -0.234599
v -0.390992 0.974158 -0.236452
v -0.516418 1.073079 -0.192075
v -0.516418 1.073079 -0.192075
v -0.412000 0.970145 -0.170110
v -0.386909 0.976440 -0.234599
v -0.416083 0.967863 -0.171963
v -0.412000 0.970145 -0.170110
v -0.516418 1.073079 -0.192075
v -0.390992 0.974158 -0.236452
v -0.416083 0.967863 -0.171963
v -0.516418 1.073079 -0.192075
v -0.344791 0.234082 -0.190866
v -0.347225 0.233361 -0.182916
v -0.413971 0.439597 -0.171732
v -0.388880 0.445892 -0.236221
v -0.384797 0.448173 -0.234368
v -0.409888 0.441878 -0.169879
v -0.345951 0.234111 -0.182658
v -0.343516 0.234832 -0.190608
v -0.343516 0.234832 -0.190608
v -0.345951 0.234111 -0.182658
v -0.347225 0.233361 -0.182916
v -0.344791 0.234082 -0.190866
v -0.347225 0.233361 -0.182916
v -0.345951 0.234111 -0.182658
v -0.409888 0.441878 -0.169879
v -0.413971 0.439597 -0.171732
v -0.343516 0.234832 -0.190608
v -0.344791 0.234082 -0.190866
v -0.388880 0.445892 -0.236221
v -0.384797 0.448173 -0.234368
v -0.384797 0.448173 -0.234368
v -0.388880 0.445892 -0.236221
v -0.516873 0.589620 -0.191752
v -0.516873 0.589620 -0.191752
v -0.409888 0.441878 -0.169879
v -0.384797 0.448173 -0.234368
v -0.413971 0.439597 -0.171732
v -0.409888 0.441878 -0.169879
v -0.516873 0.589620 -0.191752
v -0.388880 0.445892 -0.236221
v -0.413971 0.439597 -0.171732
v -0.516873 0.589620 -0.191752
v -0.342153 0.395215 -0.181700
v -0.339877 0.395023 -0.187216
v -0.299247 0.601598 -0.189310
v -0.321513 0.602856 -0.144880
v -0.324580 0.603996 -0.146456
v -0.302314 0.602739 -0.190886
v -0.340859 0.395404 -0.187480
v -0.343135 0.395596 -0.181963
v -0.343135 0.395596 -0.181963
v -0.340859 0.395404 -0.187480
v -0.339877 0.395023 -0.187216
v -0.342153 0.395215 -0.181700
v -0.339877 0.395023 -0.187216
v -0.340859 0.395404 -0.187480
v -0.302314 0.602739 -0.190886
v -0.299247 0.601598 -0.189310
v -0.343135 0.395596 -0.181963
v -0.342153 0.395215 -0.181700
v -0.321513 0.602856 -0.144880
v -0.324580 0.603996 -0.146456
v -0.324580 0.603996 -0.146456
v -0.321513 0.602856 -0.144880
v -0.234762 0.781341 -0.175759
v -0.234762 0.781341 -0.175759
v -0.302314 0.602739 -0.190886
v -0.324580 0.603996 -0.146456
v -0.299247 0.601598 -0.189310
v -0.302314 0.602739 -0.190886
v -0.234762 0.781341 -0.175759
v -0.321513 0.602856 -0.144880
v -0.299247 0.601598 -0.189310
v -0.234762 0.781341 -0.175759
v 0.059412 0.019394 -0.217146
v 0.055865 0.018738 -0.210784
v -0.027616 0.208334 -0.217527
v 0.005727 0.214067 -0.268153
v 0.008883 0.216145 -0.265816
v -0.024459 0.210412 -0.215190
v 0.056910 0.019421 -0.210329
v 0.060456 0.020077 -0.216691
v 0.060456 0.020077 -0.216691
v 0.056910 0.019421 -0.210329
v 0.055865 0.018738 -0.210784
v 0.059412 0.019394 -0.217146
v 0.055865 0.018738 -0.210784
v 0.056910 0.019421 -0.210329
v -0.024459 0.210412 -0.215190
v -0.027616 0.208334 -0.217527
v 0.060456 0.020077 -0.216691
v 0.059412 0.019394 -0.217146
v 0.005727 0.214067 -0.268153
v 0.008883 0.216145 -0.265816
v 0.008883 0.216145 -0.265816
v 0.005727 0.214067 -0.268153
v -0.140583 0.495662 -0.258643
v -0.140583 0.495662 -0.258643
v -0.024459 0.210412 -0.215190
v 0.008883 0.216145 -0.265816
v -0.027616 0.208334 -0.217527
v -0.024459 0.210412 -0.215190
v -0.140583 0.495662 -0.258643
v 0.005727 0.214067 -0.268153
v -0.027616 0.208334 -0.217527
v -0.140583 0.495662 -0.258643
v -0.160455 0.986913 -0.246461
v -0.182840 0.947564 -0.281909
v -0.205687 0.987176 -0.285962
v -0.181018 1.022564 -0.250109
v -0.182840 0.947564 -0.281909
v -0.237111 0.945321 -0.260567
v -0.257674 0.980973 -0.264215
v -0.205687 0.987176 -0.285962
v -0.329440 1.249895 -0.282898
v -0.345167 1.224697 -0.295990
v -0.348102 1.224849 -0.277814
v -0.160455 0.986913 -0.246461
v -0.191007 0.947616 -0.235304
v -0.182840 0.947564 -0.281909
v -0.191007 0.947616 -0.235304
v -0.213818 0.987249 -0.239348
v -0.257674 0.980973 -0.264215
v -0.237111 0.945321 -0.260567
v -0.348102 1.224849 -0.277814
v -0.345167 1.224697 -0.295990
v -0.378091 1.223510 -0.291726
v -0.182840 0.947564 -0.281909
v -0.191007 0.947616 -0.235304
v -0.237111 0.945321 -0.260567
v -0.181018 1.022564 -0.250109
v -0.213818 0.987249 -0.239348
v -0.191007 0.947616 -0.235304
v -0.160455 0.986913 -0.246461
v -0.181018 1.022564 -0.250109
v -0.205687 0.987176 -0.285962
v -0.213128 0.999116 -0.283999
v -0.189584 1.030728 -0.253976
v -0.189584 1.030728 -0.253976
v -0.220137 0.999187 -0.243731
v -0.213818 0.987249 -0.239348
v -0.181018 1.022564 -0.250109
v -0.257674 0.980973 -0.264215
v -0.213818 0.987249 -0.239348
v -0.220137 0.999187 -0.243731
v -0.259759 0.992655 -0.266864
v -0.205687 0.987176 -0.285962
v -0.257674 0.980973 -0.264215
v -0.259759 0.992655 -0.266864
v -0.213128 0.999116 -0.283999
v -0.189584 1.030728 -0.253976
v -0.213128 0.999116 -0.283999
v -0.238847 1.043708 -0.288561
v -0.215906 1.076365 -0.258645
v -0.215906 1.076365 -0.258645
v -0.245809 1.043804 -0.248281
v -0.220137 0.999187 -0.243731
v -0.189584 1.030728 -0.253976
v -0.259759 0.992655 -0.266864
v -0.220137 0.999187 -0.243731
v -0.245809 1.043804 -0.248281
v -0.286081 1.038292 -0.271533
v -0.213128 0.999116 -0.283999
v -0.259759 0.992655 -0.266864
v -0.286081 1.038292 -0.271533
v -0.238847 1.043708 -0.288561
v -0.215906 1.076365 -0.258645
v -0.238847 1.043708 -0.288561
v -0.245838 1.054506 -0.285302
v -0.223992 1.083669 -0.262444
v -0.223992 1.083669 -0.262444
v -0.251263 1.054598 -0.253727
v -0.245809 1.043804 -0.248281
v -0.215906 1.076365 -0.258645
v -0.286081 1.038292 -0.271533
v -0.245809 1.043804 -0.248281
v -0.251263 1.054598 -0.253727
v -0.287663 1.049131 -0.274082
v -0.238847 1.043708 -0.288561
v -0.286081 1.038292 -0.271533
v -0.287663 1.049131 -0.274082
v -0.245838 1.054506 -0.285302
v -0.223992 1.083669 -0.262444
v -0.245838 1.054506 -0.285302
v -0.267835 1.092643 -0.289203
v -0.246511 1.122710 -0.266438
v -0.246511 1.122710 -0.266438
v -0.273220 1.092757 -0.257620
v -0.251263 1.054598 -0.253727
v -0.223992 1.083669 -0.262444
v -0.287663 1.049131 -0.274082
v -0.251263 1.054598 -0.253727
v -0.273220 1.092757 -0.257620
v -0.310181 1.088172 -0.278077
v -0.245838 1.054506 -0.285302
v -0.287663 1.049131 -0.274082
v -0.310181 1.088172 -0.278077
v -0.267835 1.092643 -0.289203
v -0.246511 1.122710 -0.266438
v -0.267835 1.092643 -0.289203
v -0.274132 1.102618 -0.287116
v -0.253715 1.130465 -0.269085
v -0.253715 1.130465 -0.269085
v -0.278423 1.102729 -0.261735
v -0.273220 1.092757 -0.257620
v -0.246511 1.122710 -0.266438
v -0.310181 1.088172 -0.278077
v -0.273220 1.092757 -0.257620
v -0.278423 1.102729 -0.261735
v -0.312876 1.098377 -0.279856
v -0.267835 1.092643 -0.289203
v -0.310181 1.088172 -0.278077
v -0.312876 1.098377 -0.279856
v -0.274132 1.102618 -0.287116
v -0.253715 1.130465 -0.269085
v -0.274132 1.102618 -0.287116
v -0.298114 1.144198 -0.291370
v -0.277117 1.171039 -0.273236
v -0.277117 1.171039 -0.273236
v -0.302364 1.144332 -0.265980
v -0.278423 1.102729 -0.261735
v -0.253715 1.130465 -0.269085
v -0.312876 1.098377 -0.279856
v -0.278423 1.102729 -0.261735
v -0.302364 1.144332 -0.265980
v -0.336278 1.138950 -0.284007
v -0.274132 1.102618 -0.287116
v -0.312876 1.098377 -0.279856
v -0.336278 1.138950 -0.284007
v -0.298114 1.144198 -0.291370
v -0.277117 1.171039 -0.273236
v -0.298114 1.144198 -0.291370
v -0.303589 1.153101 -0.290323
v -0.283030 1.176564 -0.274491
v -0.283030 1.176564 -0.274491
v -0.307155 1.153229 -0.268847
v -0.302364 1.144332 -0.265980
v -0.277117 1.171039 -0.273236
v -0.336278 1.138950 -0.284007
v -0.302364 1.144332 -0.265980
v -0.307155 1.153229 -0.268847
v -0.337990 1.146757 -0.284474
v -0.298114 1.144198 -0.291370
v -0.336278 1.138950 -0.284007
v -0.337990 1.146757 -0.284474
v -0.303589 1.153101 -0.290323
v -0.283030 1.176564 -0.274491
v -0.303589 1.153101 -0.290323
v -0.323251 1.187191 -0.293811
v -0.302036 1.209516 -0.277863
v -0.302036 1.209516 -0.277863
v -0.326783 1.187337 -0.272327
v -0.307155 1.153229 -0.268847
v -0.283030 1.176564 -0.274491
v -0.337990 1.146757 -0.284474
v -0.307155 1.153229 -0.268847
v -0.326783 1.187337 -0.272327
v -0.356996 1.179709 -0.287846
v -0.303589 1.153101 -0.290323
v -0.337990 1.146757 -0.284474
v -0.356996 1.179709 -0.287846
v -0.323251 1.187191 -0.293811
v -0.302036 1.209516 -0.277863
v -0.323251 1.187191 -0.293811
v -0.329671 1.197830 -0.293242
v -0.310547 1.217139 -0.279547
v -0.310547 1.217139 -0.279547
v -0.332639 1.197964 -0.275073
v -0.326783 1.187337 -0.272327
v -0.302036 1.209516 -0.277863
v -0.356996 1.179709 -0.287846
v -0.326783 1.187337 -0.272327
v -0.332639 1.197964 -0.275073
v -0.359199 1.190754 -0.288375
v -0.323251 1.187191 -0.293811
v -0.356996 1.179709 -0.287846
v -0.359199 1.190754 -0.288375
v -0.329671 1.197830 -0.293242
v -0.310547 1.217139 -0.279547
v -0.329671 1.197830 -0.293242
v -0.345167 1.224697 -0.295990
v -0.329440 1.249895 -0.282898
v -0.329440 1.249895 -0.282898
v -0.348102 1.224849 -0.277814
v -0.332639 1.197964 -0.275073
v -0.310547 1.217139 -0.279547
v -0.359199 1.190754 -0.288375
v -0.332639 1.197964 -0.275073
v -0.348102 1.224849 -0.277814
v -0.378091 1.223510 -0.291726
v -0.329671 1.197830 -0.293242
v -0.359199 1.190754 -0.288375
v -0.378091 1.223510 -0.291726
v -0.345167 1.224697 -0.295990
v 0.024310 0.262771 -0.217278
v 0.023613 0.262588 -0.223857
v 0.021730 0.365398 -0.262214
v 0.033809 0.367400 -0.198775
v 0.029279 0.368091 -0.197936
v 0.017201 0.366090 -0.261376
v 0.022693 0.262710 -0.223763
v 0.023390 0.262893 -0.217184
v 0.023390 0.262893 -0.217184
v 0.022693 0.262710 -0.223763
v 0.023613 0.262588 -0.223857
v 0.024310 0.262771 -0.217278
v 0.023613 0.262588 -0.223857
v 0.022693 0.262710 -0.223763
v 0.017201 0.366090 -0.261376
v 0.021730 0.365398 -0.262214
v 0.023390 0.262893 -0.217184
v 0.024310 0.262771 -0.217278
v 0.033809 0.367400 -0.198775
v 0.029279 0.368091 -0.197936
v 0.029279 0.368091 -0.197936
v 0.033809 0.367400 -0.198775
v 0.052486 0.629040 -0.222747
v 0.052486 0.629040 -0.222747
v 0.017201 0.366090 -0.261376
v 0.029279 0.368091 -0.197936
v 0.021730 0.365398 -0.262214
v 0.017201 0.366090 -0.261376
v 0.052486 0.629040 -0.222747
v 0.033809 0.367400 -0.198775
v 0.021730 0.365398 -0.262214
v 0.052486 0.629040 -0.222747
v 0.057075 0.004626 -0.206421
v 0.066586 0.004626 -0.207747
v -0.029392 0.614085 -0.224772
v -0.038751 0.613279 -0.223419
v 0.066586 0.004626 -0.207747
v 0.068263 0.004626 -0.217202
v -0.027715 0.614085 -0.234227
v -0.029392 0.614085 -0.224772
v 0.068263 0.004626 -0.217202
v 0.059789 0.004626 -0.221719
v -0.036038 0.613279 -0.238717
v -0.027715 0.614085 -0.234227
v 0.059789 0.004626 -0.221719
v 0.052875 0.004626 -0.215056
v -0.042859 0.612781 -0.232037
v -0.036038 0.613279 -0.238717
v 0.052875 0.004626 -0.215056
v 0.057075 0.004626 -0.206421
v -0.038751 0.613279 -0.223419
v -0.042859 0.612781 -0.232037
v 0.066586 0.004626 -0.207747
v 0.057075 0.004626 -0.206421
v 0.060917 0.004626 -0.213629
v 0.068263 0.004626 -0.217202
v 0.066586 0.004626 -0.207747
v 0.060917 0.004626 -0.213629
v 0.059789 0.004626 -0.221719
v 0.068263 0.004626 -0.217202
v 0.060917 0.004626 -0.213629
v 0.052875 0.004626 -0.215056
v 0.059789 0.004626 -0.221719
v 0.060917 0.004626 -0.213629
v 0.057075 0.004626 -0.206421
v 0.052875 0.004626 -0.215056
v 0.060917 0.004626 -0.213629
v -0.027715 0.614085 -0.234227
v -0.036038 0.613279 -0.238717
v -0.185789 0.947564 -0.265280
v -0.177803 0.950393 -0.260850
v -0.029392 0.614085 -0.224772
v -0.027715 0.614085 -0.234227
v -0.177803 0.950393 -0.260850
v -0.179480 0.950393 -0.251395
v -0.038751 0.613279 -0.223419
v -0.029392 0.614085 -0.224772
v -0.179480 0.950393 -0.251395
v -0.188503 0.947564 -0.249982
v -0.042859 0.612781 -0.232037
v -0.038751 0.613279 -0.223419
v -0.188503 0.947564 -0.249982
v -0.192403 0.945815 -0.258564
v -0.036038 0.613279 -0.238717
v -0.042859 0.612781 -0.232037
v -0.192403 0.945815 -0.258564
v -0.185789 0.947564 -0.265280
v -0.091616 0.745259 -0.235681
v -0.089092 0.745730 -0.239444
v -0.117958 0.909913 -0.245059
v -0.140966 0.904926 -0.215339
v -0.143185 0.905029 -0.217038
v -0.120178 0.910016 -0.246759
v -0.089845 0.745773 -0.239809
v -0.092369 0.745302 -0.236046
v -0.092369 0.745302 -0.236046
v -0.089845 0.745773 -0.239809
v -0.089092 0.745730 -0.239444
v -0.091616 0.745259 -0.235681
v -0.089092 0.745730 -0.239444
v -0.089845 0.745773 -0.239809
v -0.120178 0.910016 -0.246759
v -0.117958 0.909913 -0.245059
v -0.092369 0.745302 -0.236046
v -0.091616 0.745259 -0.235681
v -0.140966 0.904926 -0.215339
v -0.143185 0.905029 -0.217038
v -0.143185 0.905029 -0.217038
v -0.140966 0.904926 -0.215339
v -0.125085 1.059870 -0.234036
v -0.125085 1.059870 -0.234036
v -0.120178 0.910016 -0.246759
v -0.143185 0.905029 -0.217038
v -0.117958 0.909913 -0.245059
v -0.120178 0.910016 -0.246759
v -0.125085 1.059870 -0.234036
v -0.140966 0.904926 -0.215339
v -0.117958 0.909913 -0.245059
v -0.125085 1.059870 -0.234036
v -0.037206 0.615275 -0.236954
v -0.040778 0.613619 -0.229608
v -0.165336 0.744939 -0.242777
v -0.131690 0.760694 -0.301350
v -0.129273 0.764315 -0.298893
v -0.162919 0.748561 -0.240320
v -0.039972 0.614790 -0.229157
v -0.036400 0.616446 -0.236504
v -0.036400 0.616446 -0.236504
v -0.039972 0.614790 -0.229157
v -0.040778 0.613619 -0.229608
v -0.037206 0.615275 -0.236954
v -0.040778 0.613619 -0.229608
v -0.039972 0.614790 -0.229157
v -0.162919 0.748561 -0.240320
v -0.165336 0.744939 -0.242777
v -0.036400 0.616446 -0.236504
v -0.037206 0.615275 -0.236954
v -0.131690 0.760694 -0.301350
v -0.129273 0.764315 -0.298893
v -0.129273 0.764315 -0.298893
v -0.131690 0.760694 -0.301350
v -0.304049 0.763024 -0.291443
v -0.304049 0.763024 -0.291443
v -0.162919 0.748561 -0.240320
v -0.129273 0.764315 -0.298893
v -0.165336 0.744939 -0.242777
v -0.162919 0.748561 -0.240320
v -0.304049 0.763024 -0.291443
v -0.131690 0.760694 -0.301350
v -0.165336 0.744939 -0.242777
v -0.304049 0.763024 -0.291443
v 0.218443 0.012610 -0.193048
v 0.221222 0.012356 -0.199786
v 0.294822 0.256525 -0.203202
v 0.269270 0.266276 -0.148994
v 0.266098 0.268755 -0.150939
v 0.291650 0.259004 -0.205147
v 0.220023 0.012861 -0.200108
v 0.217244 0.013116 -0.193370
v 0.217244 0.013116 -0.193370
v 0.220023 0.012861 -0.200108
v 0.221222 0.012356 -0.199786
v 0.218443 0.012610 -0.193048
v 0.221222 0.012356 -0.199786
v 0.220023 0.012861 -0.200108
v 0.291650 0.259004 -0.205147
v 0.294822 0.256525 -0.203202
v 0.217244 0.013116 -0.193370
v 0.218443 0.012610 -0.193048
v 0.269270 0.266276 -0.148994
v 0.266098 0.268755 -0.150939
v 0.266098 0.268755 -0.150939
v 0.269270 0.266276 -0.148994
v 0.427992 0.408581 -0.188600
v 0.427992 0.408581 -0.188600
v 0.291650 0.259004 -0.205147
v 0.266098 0.268755 -0.150939
v 0.294822 0.256525 -0.203202
v 0.291650 0.259004 -0.205147
v 0.427992 0.408581 -0.188600
v 0.269270 0.266276 -0.148994
v 0.294822 0.256525 -0.203202
v 0.427992 0.408581 -0.188600
v 0.255761 1.231309 -0.194155
v 0.210925 1.207278 -0.223562
v 0.208863 1.254590 -0.223489
v 0.253905 1.273890 -0.194089
v 0.210925 1.207278 -0.223562
v 0.166588 1.227451 -0.191463
v 0.164733 1.270032 -0.191396
v 0.208863 1.254590 -0.223489
v 0.225152 1.553783 -0.199426
v 0.197061 1.538256 -0.208570
v 0.198046 1.538270 -0.190184
v 0.255761 1.231309 -0.194155
v 0.212731 1.207283 -0.176282
v 0.210925 1.207278 -0.223562
v 0.212731 1.207283 -0.176282
v 0.210712 1.254597 -0.176207
v 0.164733 1.270032 -0.191396
v 0.166588 1.227451 -0.191463
v 0.198046 1.538270 -0.190184
v 0.197061 1.538256 -0.208570
v 0.168586 1.551335 -0.197595
v 0.210925 1.207278 -0.223562
v 0.212731 1.207283 -0.176282
v 0.166588 1.227451 -0.191463
v 0.253905 1.273890 -0.194089
v 0.210712 1.254597 -0.176207
v 0.212731 1.207283 -0.176282
v 0.255761 1.231309 -0.194155
v 0.253905 1.273890 -0.194089
v 0.208863 1.254590 -0.223489
v 0.208367 1.268846 -0.220237
v 0.249535 1.285579 -0.196246
v 0.249535 1.285579 -0.196246
v 0.209980 1.268853 -0.179395
v 0.210712 1.254597 -0.176207
v 0.253905 1.273890 -0.194089
v 0.164733 1.270032 -0.191396
v 0.210712 1.254597 -0.176207
v 0.209980 1.268853 -0.179395
v 0.167907 1.282047 -0.193755
v 0.208863 1.254590 -0.223489
v 0.164733 1.270032 -0.191396
v 0.167907 1.282047 -0.193755
v 0.208367 1.268846 -0.220237
v 0.249535 1.285579 -0.196246
v 0.208367 1.268846 -0.220237
v 0.206046 1.322104 -0.220153
v 0.247159 1.340086 -0.196161
v 0.247159 1.340086 -0.196161
v 0.207715 1.322113 -0.179310
v 0.209980 1.268853 -0.179395
v 0.249535 1.285579 -0.196246
v 0.167907 1.282047 -0.193755
v 0.209980 1.268853 -0.179395
v 0.207715 1.322113 -0.179310
v 0.165532 1.336554 -0.193670
v 0.208367 1.268846 -0.220237
v 0.167907 1.282047 -0.193755
v 0.165532 1.336554 -0.193670
v 0.206046 1.322104 -0.220153
v 0.247159 1.340086 -0.196161
v 0.206046 1.322104 -0.220153
v 0.205652 1.334997 -0.215706
v 0.242816 1.350757 -0.198334
v 0.242816 1.350757 -0.198334
v 0.206997 1.335006 -0.183697
v 0.207715 1.322113 -0.179310
v 0.247159 1.340086 -0.196161
v 0.165532 1.336554 -0.193670
v 0.207715 1.322113 -0.179310
v 0.206997 1.335006 -0.183697
v 0.168768 1.347552 -0.196022
v 0.206046 1.322104 -0.220153
v 0.165532 1.336554 -0.193670
v 0.168768 1.347552 -0.196022
v 0.205652 1.334997 -0.215706
v 0.242816 1.350757 -0.198334
v 0.205652 1.334997 -0.215706
v 0.203667 1.380546 -0.215635
v 0.240784 1.397386 -0.198262
v 0.240784 1.397386 -0.198262
v 0.205059 1.380557 -0.183626
v 0.206997 1.335006 -0.183697
v 0.242816 1.350757 -0.198334
v 0.168768 1.347552 -0.196022
v 0.206997 1.335006 -0.183697
v 0.205059 1.380557 -0.183626
v 0.166736 1.394182 -0.195949
v 0.205652 1.334997 -0.215706
v 0.168768 1.347552 -0.196022
v 0.166736 1.394182 -0.195949
v 0.203667 1.380546 -0.215635
v 0.240784 1.397386 -0.198262
v 0.203667 1.380546 -0.215635
v 0.203268 1.392457 -0.212463
v 0.237642 1.407998 -0.199498
v 0.237642 1.407998 -0.199498
v 0.204426 1.392467 -0.186748
v 0.205059 1.380557 -0.183626
v 0.240784 1.397386 -0.198262
v 0.166736 1.394182 -0.195949
v 0.205059 1.380557 -0.183626
v 0.204426 1.392467 -0.186748
v 0.168848 1.405021 -0.197307
v 0.203667 1.380546 -0.215635
v 0.166736 1.394182 -0.195949
v 0.168848 1.405021 -0.197307
v 0.203268 1.392457 -0.212463
v 0.237642 1.407998 -0.199498
v 0.203268 1.392457 -0.212463
v 0.201104 1.442119 -0.212386
v 0.235531 1.456458 -0.199422
v 0.235531 1.456458 -0.199422
v 0.202311 1.442131 -0.186671
v 0.204426 1.392467 -0.186748
v 0.237642 1.407998 -0.199498
v 0.168848 1.405021 -0.197307
v 0.204426 1.392467 -0.186748
v 0.202311 1.442131 -0.186671
v 0.166736 1.453481 -0.197231
v 0.203268 1.392457 -0.212463
v 0.168848 1.405021 -0.197307
v 0.166736 1.453481 -0.197231
v 0.201104 1.442119 -0.212386
v 0.235531 1.456458 -0.199422
v 0.201104 1.442119 -0.212386
v 0.200718 1.452749 -0.210384
v 0.232732 1.464313 -0.199525
v 0.232732 1.464313 -0.199525
v 0.201771 1.452761 -0.188639
v 0.202311 1.442131 -0.186671
v 0.235531 1.456458 -0.199422
v 0.166736 1.453481 -0.197231
v 0.202311 1.442131 -0.186671
v 0.201771 1.452761 -0.188639
v 0.168829 1.461548 -0.197467
v 0.201104 1.442119 -0.212386
v 0.166736 1.453481 -0.197231
v 0.168829 1.461548 -0.197467
v 0.200718 1.452749 -0.210384
v 0.232732 1.464313 -0.199525
v 0.200718 1.452749 -0.210384
v 0.198943 1.493465 -0.210320
v 0.231017 1.503670 -0.199464
v 0.231017 1.503670 -0.199464
v 0.200037 1.493478 -0.188575
v 0.201771 1.452761 -0.188639
v 0.232732 1.464313 -0.199525
v 0.168829 1.461548 -0.197467
v 0.201771 1.452761 -0.188639
v 0.200037 1.493478 -0.188575
v 0.167114 1.500905 -0.197406
v 0.200718 1.452749 -0.210384
v 0.168829 1.461548 -0.197467
v 0.167114 1.500905 -0.197406
v 0.198943 1.493465 -0.210320
v 0.231017 1.503670 -0.199464
v 0.198943 1.493465 -0.210320
v 0.198459 1.506168 -0.208620
v 0.226857 1.514660 -0.199487
v 0.226857 1.514660 -0.199487
v 0.199404 1.506180 -0.190234
v 0.200037 1.493478 -0.188575
v 0.231017 1.503670 -0.199464
v 0.167114 1.500905 -0.197406
v 0.200037 1.493478 -0.188575
v 0.199404 1.506180 -0.190234
v 0.170291 1.512212 -0.197656
v 0.198943 1.493465 -0.210320
v 0.167114 1.500905 -0.197406
v 0.170291 1.512212 -0.197656
v 0.198459 1.506168 -0.208620
v 0.226857 1.514660 -0.199487
v 0.198459 1.506168 -0.208620
v 0.197061 1.538256 -0.208570
v 0.225152 1.553783 -0.199426
v 0.225152 1.553783 -0.199426
v 0.198046 1.538270 -0.190184
v 0.199404 1.506180 -0.190234
v 0.226857 1.514660 -0.199487
v 0.170291 1.512212 -0.197656
v 0.199404 1.506180 -0.190234
v 0.198046 1.538270 -0.190184
v 0.168586 1.551335 -0.197595
v 0.198459 1.506168 -0.208620
v 0.170291 1.512212 -0.197656
v 0.168586 1.551335 -0.197595
v 0.197061 1.538256 -0.208570
v 0.218043 0.924693 -0.193300
v 0.219941 0.924520 -0.197900
v 0.270193 1.091235 -0.200233
v 0.252747 1.097893 -0.163220
v 0.250581 1.099586 -0.164548
v 0.268028 1.092928 -0.201561
v 0.219122 0.924865 -0.198120
v 0.217224 0.925038 -0.193519
v 0.217224 0.925038 -0.193519
v 0.219122 0.924865 -0.198120
v 0.219941 0.924520 -0.197900
v 0.218043 0.924693 -0.193300
v 0.219941 0.924520 -0.197900
v 0.219122 0.924865 -0.198120
v 0.268028 1.092928 -0.201561
v 0.270193 1.091235 -0.200233
v 0.217224 0.925038 -0.193519
v 0.218043 0.924693 -0.193300
v 0.252747 1.097893 -0.163220
v 0.250581 1.099586 -0.164548
v 0.250581 1.099586 -0.164548
v 0.252747 1.097893 -0.163220
v 0.361120 1.195057 -0.190262
v 0.361120 1.195057 -0.190262
v 0.268028 1.092928 -0.201561
v 0.250581 1.099586 -0.164548
v 0.270193 1.091235 -0.200233
v 0.268028 1.092928 -0.201561
v 0.361120 1.195057 -0.190262
v 0.252747 1.097893 -0.163220
v 0.270193 1.091235 -0.200233
v 0.361120 1.195057 -0.190262
v 0.217490 0.004626 -0.188316
v 0.226511 0.004626 -0.191608
v 0.221130 1.206047 -0.191416
v 0.212194 1.207278 -0.188126
v 0.226511 0.004626 -0.191608
v 0.226167 0.004626 -0.201205
v 0.220787 1.206047 -0.201012
v 0.221130 1.206047 -0.191416
v 0.226167 0.004626 -0.201205
v 0.216934 0.004626 -0.203843
v 0.211638 1.207278 -0.203654
v 0.220787 1.206047 -0.201012
v 0.211638 1.207278 -0.203654
v 0.216934 0.004626 -0.203843
v 0.211572 0.004626 -0.195878
v 0.206327 1.208039 -0.195690
v 0.211572 0.004626 -0.195878
v 0.217490 0.004626 -0.188316
v 0.212194 1.207278 -0.188126
v 0.206327 1.208039 -0.195690
v 0.226511 0.004626 -0.191608
v 0.217490 0.004626 -0.188316
v 0.219735 0.004626 -0.196170
v 0.226167 0.004626 -0.201205
v 0.226511 0.004626 -0.191608
v 0.219735 0.004626 -0.196170
v 0.216934 0.004626 -0.203843
v 0.226167 0.004626 -0.201205
v 0.219735 0.004626 -0.196170
v 0.211572 0.004626 -0.195878
v 0.216934 0.004626 -0.203843
v 0.219735 0.004626 -0.196170
v 0.217490 0.004626 -0.188316
v 0.211572 0.004626 -0.195878
v 0.219735 0.004626 -0.196170
v 0.217172 0.777956 -0.201606
v 0.214737 0.777175 -0.193656
v 0.145425 1.049493 -0.182380
v 0.170515 1.056322 -0.246869
v 0.174598 1.058797 -0.245016
v 0.149508 1.051968 -0.180527
v 0.216012 0.777989 -0.193398
v 0.218447 0.778770 -0.201348
v 0.218447 0.778770 -0.201348
v 0.216012 0.777989 -0.193398
v 0.214737 0.777175 -0.193656
v 0.217172 0.777956 -0.201606
v 0.214737 0.777175 -0.193656
v 0.216012 0.777989 -0.193398
v 0.149508 1.051968 -0.180527
v 0.145425 1.049493 -0.182380
v 0.218447 0.778770 -0.201348
v 0.217172 0.777956 -0.201606
v 0.170515 1.056322 -0.246869
v 0.174598 1.058797 -0.245016
v 0.174598 1.058797 -0.245016
v 0.170515 1.056322 -0.246869
v 0.045090 1.163626 -0.202492
v 0.045090 1.163626 -0.202492
v 0.149508 1.051968 -0.180527
v 0.174598 1.058797 -0.245016
v 0.145425 1.049493 -0.182380
v 0.149508 1.051968 -0.180527
v 0.045090 1.163626 -0.202492
v 0.170515 1.056322 -0.246869
v 0.145425 1.049493 -0.182380
v 0.045090 1.163626 -0.202492
v 0.216717 0.253527 -0.201283
v 0.214282 0.252746 -0.193333
v 0.147537 0.476458 -0.182149
v 0.172627 0.483287 -0.246638
v 0.176710 0.485762 -0.244785
v 0.151620 0.478933 -0.180296
v 0.215557 0.253559 -0.193075
v 0.217992 0.254341 -0.201025
v 0.217992 0.254341 -0.201025
v 0.215557 0.253559 -0.193075
v 0.214282 0.252746 -0.193333
v 0.216717 0.253527 -0.201283
v 0.214282 0.252746 -0.193333
v 0.215557 0.253559 -0.193075
v 0.151620 0.478933 -0.180296
v 0.147537 0.476458 -0.182149
v 0.217992 0.254341 -0.201025
v 0.216717 0.253527 -0.201283
v 0.172627 0.483287 -0.246638
v 0.176710 0.485762 -0.244785
v 0.176710 0.485762 -0.244785
v 0.172627 0.483287 -0.246638
v 0.044635 0.639196 -0.202169
v 0.044635 0.639196 -0.202169
v 0.151620 0.478933 -0.180296
v 0.176710 0.485762 -0.244785
v 0.147537 0.476458 -0.182149
v 0.151620 0.478933 -0.180296
v 0.044635 0.639196 -0.202169
v 0.172627 0.483287 -0.246638
v 0.147537 0.476458 -0.182149
v 0.044635 0.639196 -0.202169
v 0.219354 0.428316 -0.192117
v 0.221630 0.428108 -0.197633
v 0.262261 0.652189 -0.199727
v 0.239994 0.653553 -0.155297
v 0.236927 0.654790 -0.156872
v 0.259194 0.653426 -0.201303
v 0.220648 0.428521 -0.197896
v 0.218373 0.428729 -0.192380
v 0.218373 0.428729 -0.192380
v 0.220648 0.428521 -0.197896
v 0.221630 0.428108 -0.197633
v 0.219354 0.428316 -0.192117
v 0.221630 0.428108 -0.197633
v 0.220648 0.428521 -0.197896
v 0.259194 0.653426 -0.201303
v 0.262261 0.652189 -0.199727
v 0.218373 0.428729 -0.192380
v 0.219354 0.428316 -0.192117
v 0.239994 0.653553 -0.155297
v 0.236927 0.654790 -0.156872
v 0.236927 0.654790 -0.156872
v 0.239994 0.653553 -0.155297
v 0.326745 0.847164 -0.186176
v 0.326745 0.847164 -0.186176
v 0.259194 0.653426 -0.201303
v 0.236927 0.654790 -0.156872
v 0.262261 0.652189 -0.199727
v 0.259194 0.653426 -0.201303
v 0.326745 0.847164 -0.186176
v 0.239994 0.653553 -0.155297
v 0.262261 0.652189 -0.199727
v 0.326745 0.847164 -0.186176
v 0.008816 0.027248 0.197639
v 0.003810 0.027015 0.202936
v -0.066140 0.250836 0.179793
v -0.022884 0.259775 0.138316
v -0.020618 0.262048 0.141267
v -0.063874 0.253109 0.182744
v 0.004814 0.027478 0.203666
v 0.009820 0.027711 0.198369
v 0.009820 0.027711 0.198369
v 0.004814 0.027478 0.203666
v 0.003810 0.027015 0.202936
v 0.008816 0.027248 0.197639
v 0.003810 0.027015 0.202936
v 0.004814 0.027478 0.203666
v -0.063874 0.253109 0.182744
v -0.066140 0.250836 0.179793
v 0.009820 0.027711 0.198369
v 0.008816 0.027248 0.197639
v -0.022884 0.259775 0.138316
v -0.020618 0.262048 0.141267
v -0.020618 0.262048 0.141267
v -0.022884 0.259775 0.138316
v -0.185269 0.390222 0.118509
v -0.185269 0.390222 0.118509
v -0.063874 0.253109 0.182744
v -0.020618 0.262048 0.141267
v -0.066140 0.250836 0.179793
v -0.063874 0.253109 0.182744
v -0.185269 0.390222 0.118509
v -0.022884 0.259775 0.138316
v -0.066140 0.250836 0.179793
v -0.185269 0.390222 0.118509
v -0.026428 1.144389 0.185321
v 0.004919 1.122360 0.228824
v 0.006871 1.165730 0.229492
v -0.024671 1.183421 0.185923
v 0.004919 1.122360 0.228824
v 0.057805 1.140852 0.214713
v 0.059562 1.179884 0.215314
v 0.006871 1.165730 0.229492
v 0.000269 1.439990 0.201194
v 0.023229 1.425757 0.219784
v 0.028888 1.425770 0.202263
v -0.026428 1.144389 0.185321
v 0.020149 1.122365 0.184027
v 0.004919 1.122360 0.228824
v 0.020149 1.122365 0.184027
v 0.022061 1.165736 0.184679
v 0.059562 1.179884 0.215314
v 0.057805 1.140852 0.214713
v 0.028888 1.425770 0.202263
v 0.023229 1.425757 0.219784
v 0.053746 1.437746 0.219724
v 0.004919 1.122360 0.228824
v 0.020149 1.122365 0.184027
v 0.057805 1.140852 0.214713
v -0.024671 1.183421 0.185923
v 0.022061 1.165736 0.184679
v 0.020149 1.122365 0.184027
v -0.026428 1.144389 0.185321
v -0.024671 1.183421 0.185923
v 0.006871 1.165730 0.229492
v 0.008497 1.178798 0.226633
v -0.021361 1.194136 0.189501
v -0.021361 1.194136 0.189501
v 0.021603 1.178804 0.187918
v 0.022061 1.165736 0.184679
v -0.024671 1.183421 0.185923
v 0.059562 1.179884 0.215314
v 0.022061 1.165736 0.184679
v 0.021603 1.178804 0.187918
v 0.055753 1.190898 0.216381
v 0.006871 1.165730 0.229492
v 0.059562 1.179884 0.215314
v 0.055753 1.190898 0.216381
v 0.008497 1.178798 0.226633
v -0.021361 1.194136 0.189501
v 0.008497 1.178798 0.226633
v 0.010694 1.227618 0.227386
v -0.019113 1.244101 0.190271
v -0.019113 1.244101 0.190271
v 0.023749 1.227626 0.188650
v 0.021603 1.178804 0.187918
v -0.021361 1.194136 0.189501
v 0.055753 1.190898 0.216381
v 0.021603 1.178804 0.187918
v 0.023749 1.227626 0.188650
v 0.058002 1.240863 0.217152
v 0.008497 1.178798 0.226633
v 0.055753 1.190898 0.216381
v 0.058002 1.240863 0.217152
v 0.010694 1.227618 0.227386
v -0.019113 1.244101 0.190271
v 0.010694 1.227618 0.227386
v 0.012653 1.239436 0.223374
v -0.015835 1.253882 0.193855
v -0.015835 1.253882 0.193855
v 0.022850 1.239444 0.193003
v 0.023749 1.227626 0.188650
v -0.019113 1.244101 0.190271
v 0.058002 1.240863 0.217152
v 0.023749 1.227626 0.188650
v 0.022850 1.239444 0.193003
v 0.054139 1.250945 0.218190
v 0.010694 1.227618 0.227386
v 0.058002 1.240863 0.217152
v 0.054139 1.250945 0.218190
v 0.012653 1.239436 0.223374
v -0.015835 1.253882 0.193855
v 0.012653 1.239436 0.223374
v 0.014532 1.281189 0.224018
v -0.013911 1.296626 0.194514
v -0.013911 1.296626 0.194514
v 0.024685 1.281199 0.193630
v 0.022850 1.239444 0.193003
v -0.015835 1.253882 0.193855
v 0.054139 1.250945 0.218190
v 0.022850 1.239444 0.193003
v 0.024685 1.281199 0.193630
v 0.056062 1.293689 0.218849
v 0.012653 1.239436 0.223374
v 0.054139 1.250945 0.218190
v 0.056062 1.293689 0.218849
v 0.014532 1.281189 0.224018
v -0.013911 1.296626 0.194514
v 0.014532 1.281189 0.224018
v 0.016040 1.292108 0.221199
v -0.011420 1.306354 0.196793
v -0.011420 1.306354 0.196793
v 0.024159 1.292117 0.196772
v 0.024685 1.281199 0.193630
v -0.013911 1.296626 0.194514
v 0.056062 1.293689 0.218849
v 0.024685 1.281199 0.193630
v 0.024159 1.292117 0.196772
v 0.053604 1.303625 0.219361
v 0.014532 1.281189 0.224018
v 0.056062 1.293689 0.218849
v 0.053604 1.303625 0.219361
v 0.016040 1.292108 0.221199
v -0.011420 1.306354 0.196793
v 0.016040 1.292108 0.221199
v 0.018089 1.337631 0.221901
v -0.009421 1.350775 0.197478
v -0.009421 1.350775 0.197478
v 0.026162 1.337642 0.197456
v 0.024159 1.292117 0.196772
v -0.011420 1.306354 0.196793
v 0.053604 1.303625 0.219361
v 0.024159 1.292117 0.196772
v 0.026162 1.337642 0.197456
v 0.055603 1.348046 0.220046
v 0.016040 1.292108 0.221199
v 0.053604 1.303625 0.219361
v 0.055603 1.348046 0.220046
v 0.018089 1.337631 0.221901
v -0.009421 1.350775 0.197478
v 0.018089 1.337631 0.221901
v 0.019165 1.347376 0.220169
v -0.006844 1.357976 0.198575
v -0.006844 1.357976 0.198575
v 0.025962 1.347387 0.199487
v 0.026162 1.337642 0.197456
v -0.009421 1.350775 0.197478
v 0.055603 1.348046 0.220046
v 0.026162 1.337642 0.197456
v 0.025962 1.347387 0.199487
v 0.053565 1.355441 0.219518
v 0.018089 1.337631 0.221901
v 0.055603 1.348046 0.220046
v 0.053565 1.355441 0.219518
v 0.019165 1.347376 0.220169
v -0.006844 1.357976 0.198575
v 0.019165 1.347376 0.220169
v 0.020845 1.384698 0.220745
v -0.005221 1.394053 0.199131
v -0.005221 1.394053 0.199131
v 0.027604 1.384710 0.200048
v 0.025962 1.347387 0.199487
v -0.006844 1.357976 0.198575
v 0.053565 1.355441 0.219518
v 0.025962 1.347387 0.199487
v 0.027604 1.384710 0.200048
v 0.055188 1.391518 0.220074
v 0.019165 1.347376 0.220169
v 0.053565 1.355441 0.219518
v 0.055188 1.391518 0.220074
v 0.020845 1.384698 0.220745
v -0.005221 1.394053 0.199131
v 0.020845 1.384698 0.220745
v 0.021905 1.396342 0.219331
v -0.001345 1.404127 0.200641
v -0.001345 1.404127 0.200641
v 0.027601 1.396354 0.201824
v 0.027604 1.384710 0.200048
v -0.005221 1.394053 0.199131
v 0.055188 1.391518 0.220074
v 0.027604 1.384710 0.200048
v 0.027601 1.396354 0.201824
v 0.052132 1.401883 0.219171
v 0.020845 1.384698 0.220745
v 0.055188 1.391518 0.220074
v 0.052132 1.401883 0.219171
v 0.021905 1.396342 0.219331
v -0.001345 1.404127 0.200641
v 0.021905 1.396342 0.219331
v 0.023229 1.425757 0.219784
v 0.000269 1.439990 0.201194
v 0.000269 1.439990 0.201194
v 0.028888 1.425770 0.202263
v 0.027601 1.396354 0.201824
v -0.001345 1.404127 0.200641
v 0.052132 1.401883 0.219171
v 0.027601 1.396354 0.201824
v 0.028888 1.425770 0.202263
v 0.053746 1.437746 0.219724
v 0.021905 1.396342 0.219331
v 0.052132 1.401883 0.219171
v 0.053746 1.437746 0.219724
v 0.023229 1.425757 0.219784
v 0.009100 0.863324 0.198017
v 0.005681 0.863165 0.201634
v -0.042079 1.015987 0.185832
v -0.012544 1.022091 0.157512
v -0.010997 1.023642 0.159527
v -0.040532 1.017539 0.187847
v 0.006367 0.863481 0.202132
v 0.009786 0.863640 0.198515
v 0.009786 0.863640 0.198515
v 0.006367 0.863481 0.202132
v 0.005681 0.863165 0.201634
v 0.009100 0.863324 0.198017
v 0.005681 0.863165 0.201634
v 0.006367 0.863481 0.202132
v -0.040532 1.017539 0.187847
v -0.042079 1.015987 0.185832
v 0.009786 0.863640 0.198515
v 0.009100 0.863324 0.198017
v -0.012544 1.022091 0.157512
v -0.010997 1.023642 0.159527
v -0.010997 1.023642 0.159527
v -0.012544 1.022091 0.157512
v -0.123419 1.111158 0.143989
v -0.123419 1.111158 0.143989
v -0.040532 1.017539 0.187847
v -0.010997 1.023642 0.159527
v -0.042079 1.015987 0.185832
v -0.040532 1.017539 0.187847
v -0.123419 1.111158 0.143989
v -0.012544 1.022091 0.157512
v -0.042079 1.015987 0.185832
v -0.123419 1.111158 0.143989
v 0.011399 0.019929 0.193561
v 0.001797 0.019929 0.193408
v 0.006891 1.121232 0.195153
v 0.016413 1.122360 0.195279
v 0.001797 0.019929 0.193408
v -0.001315 0.019929 0.202492
v 0.003778 1.121232 0.204238
v 0.006891 1.121232 0.195153
v -0.001315 0.019929 0.202492
v 0.006362 0.019929 0.208260
v 0.011376 1.122360 0.209978
v 0.003778 1.121232 0.204238
v 0.011376 1.122360 0.209978
v 0.006362 0.019929 0.208260
v 0.014220 0.019929 0.202740
v 0.019185 1.123058 0.204441
v 0.014220 0.019929 0.202740
v 0.011399 0.019929 0.193561
v 0.016413 1.122360 0.195279
v 0.019185 1.123058 0.204441
v 0.001797 0.019929 0.193408
v 0.011399 0.019929 0.193561
v 0.006492 0.019929 0.200092
v -0.001315 0.019929 0.202492
v 0.001797 0.019929 0.193408
v 0.006492 0.019929 0.200092
v 0.006362 0.019929 0.208260
v -0.001315 0.019929 0.202492
v 0.006492 0.019929 0.200092
v 0.014220 0.019929 0.202740
v 0.006362 0.019929 0.208260
v 0.006492 0.019929 0.200092
v 0.011399 0.019929 0.193561
v 0.014220 0.019929 0.202740
v 0.006492 0.019929 0.200092
v 0.006941 0.728815 0.206085
v 0.012059 0.728099 0.199533
v 0.080817 0.977724 0.213803
v 0.034314 0.983984 0.265045
v 0.031164 0.986253 0.261854
v 0.077668 0.979993 0.210612
v 0.010961 0.728845 0.198836
v 0.005843 0.729561 0.205389
v 0.005843 0.729561 0.205389
v 0.010961 0.728845 0.198836
v 0.012059 0.728099 0.199533
v 0.006941 0.728815 0.206085
v 0.012059 0.728099 0.199533
v 0.010961 0.728845 0.198836
v 0.077668 0.979993 0.210612
v 0.080817 0.977724 0.213803
v 0.005843 0.729561 0.205389
v 0.006941 0.728815 0.206085
v 0.034314 0.983984 0.265045
v 0.031164 0.986253 0.261854
v 0.031164 0.986253 0.261854
v 0.034314 0.983984 0.265045
v 0.167314 1.082345 0.268484
v 0.167314 1.082345 0.268484
v 0.077668 0.979993 0.210612
v 0.031164 0.986253 0.261854
v 0.080817 0.977724 0.213803
v 0.077668 0.979993 0.210612
v 0.167314 1.082345 0.268484
v 0.034314 0.983984 0.265045
v 0.080817 0.977724 0.213803
v 0.167314 1.082345 0.268484
v 0.007482 0.248089 0.205946
v 0.012600 0.247372 0.199394
v 0.078928 0.452442 0.212832
v 0.032424 0.458702 0.264074
v 0.029275 0.460971 0.260883
v 0.075778 0.454711 0.209641
v 0.011501 0.248118 0.198697
v 0.006383 0.248834 0.205250
v 0.006383 0.248834 0.205250
v 0.011501 0.248118 0.198697
v 0.012600 0.247372 0.199394
v 0.007482 0.248089 0.205946
v 0.012600 0.247372 0.199394
v 0.011501 0.248118 0.198697
v 0.075778 0.454711 0.209641
v 0.078928 0.452442 0.212832
v 0.006383 0.248834 0.205250
v 0.007482 0.248089 0.205946
v 0.032424 0.458702 0.264074
v 0.029275 0.460971 0.260883
v 0.029275 0.460971 0.260883
v 0.032424 0.458702 0.264074
v 0.167855 0.601619 0.268345
v 0.167855 0.601619 0.268345
v 0.075778 0.454711 0.209641
v 0.029275 0.460971 0.260883
v 0.078928 0.452442 0.212832
v 0.075778 0.454711 0.209641
v 0.167855 0.601619 0.268345
v 0.032424 0.458702 0.264074
v 0.078928 0.452442 0.212832
v 0.167855 0.601619 0.268345
v 0.008298 0.408312 0.196443
v 0.004200 0.408121 0.200780
v -0.034491 0.613528 0.188199
v 0.002198 0.614779 0.154676
v 0.004499 0.615913 0.157245
v -0.032190 0.614663 0.190767
v 0.005022 0.408500 0.201378
v 0.009121 0.408691 0.197041
v 0.009121 0.408691 0.197041
v 0.005022 0.408500 0.201378
v 0.004200 0.408121 0.200780
v 0.008298 0.408312 0.196443
v 0.004200 0.408121 0.200780
v 0.005022 0.408500 0.201378
v -0.032190 0.614663 0.190767
v -0.034491 0.613528 0.188199
v 0.009121 0.408691 0.197041
v 0.008298 0.408312 0.196443
v 0.002198 0.614779 0.154676
v 0.004499 0.615913 0.157245
v 0.004499 0.615913 0.157245
v 0.002198 0.614779 0.154676
v -0.089858 0.792256 0.152472
v -0.089858 0.792256 0.152472
v -0.032190 0.614663 0.190767
v 0.004499 0.615913 0.157245
v -0.034491 0.613528 0.188199
v -0.032190 0.614663 0.190767
v -0.089858 0.792256 0.152472
v 0.002198 0.614779 0.154676
v -0.034491 0.613528 0.188199
v -0.089858 0.792256 0.152472
v 0.298597 0.033425 0.209118
v 0.302793 0.033182 0.203130
v 0.350581 0.229407 0.207988
v 0.312079 0.231015 0.255163
v 0.308835 0.232442 0.252460
v 0.347337 0.230835 0.205285
v 0.301690 0.033659 0.202553
v 0.297494 0.033902 0.208540
v 0.297494 0.033902 0.208540
v 0.301690 0.033659 0.202553
v 0.302793 0.033182 0.203130
v 0.298597 0.033425 0.209118
v 0.302793 0.033182 0.203130
v 0.301690 0.033659 0.202553
v 0.347337 0.230835 0.205285
v 0.350581 0.229407 0.207988
v 0.297494 0.033902 0.208540
v 0.298597 0.033425 0.209118
v 0.312079 0.231015 0.255163
v 0.308835 0.232442 0.252460
v 0.308835 0.232442 0.252460
v 0.312079 0.231015 0.255163
v 0.406798 0.525486 0.244907
v 0.406798 0.525486 0.244907
v 0.347337 0.230835 0.205285
v 0.308835 0.232442 0.252460
v 0.350581 0.229407 0.207988
v 0.347337 0.230835 0.205285
v 0.406798 0.525486 0.244907
v 0.312079 0.231015 0.255163
v 0.350581 0.229407 0.207988
v 0.406798 0.525486 0.244907
v 0.340683 1.001506 0.210760
v 0.366253 0.968212 0.249900
v 0.381292 1.010154 0.254020
v 0.354218 1.039254 0.214468
v 0.366253 0.968212 0.249900
v 0.421911 0.974165 0.233532
v 0.435446 1.011912 0.237240
v 0.381292 1.010154 0.254020
v 0.456603 1.283003 0.249114
v 0.475250 1.261632 0.264740
v 0.479817 1.261732 0.246904
v 0.340683 1.001506 0.210760
v 0.378652 0.968247 0.204238
v 0.366253 0.968212 0.249900
v 0.378652 0.968247 0.204238
v 0.393652 1.010202 0.208345
v 0.435446 1.011912 0.237240
v 0.421911 0.974165 0.233532
v 0.479817 1.261732 0.246904
v 0.475250 1.261632 0.264740
v 0.508166 1.265658 0.263442
v 0.366253 0.968212 0.249900
v 0.378652 0.968247 0.204238
v 0.421911 0.974165 0.233532
v 0.354218 1.039254 0.214468
v 0.393652 1.010202 0.208345
v 0.378652 0.968247 0.204238
v 0.340683 1.001506 0.210760
v 0.354218 1.039254 0.214468
v 0.381292 1.010154 0.254020
v 0.386668 1.022794 0.252142
v 0.360816 1.048604 0.218673
v 0.360816 1.048604 0.218673
v 0.397331 1.022840 0.212683
v 0.393652 1.010202 0.208345
v 0.354218 1.039254 0.214468
v 0.435446 1.011912 0.237240
v 0.393652 1.010202 0.208345
v 0.397331 1.022840 0.212683
v 0.435179 1.023575 0.239494
v 0.381292 1.010154 0.254020
v 0.435446 1.011912 0.237240
v 0.435179 1.023575 0.239494
v 0.386668 1.022794 0.252142
v 0.360816 1.048604 0.218673
v 0.386668 1.022794 0.252142
v 0.403598 1.070007 0.256780
v 0.378142 1.096924 0.223419
v 0.378142 1.096924 0.223419
v 0.414210 1.070070 0.217304
v 0.397331 1.022840 0.212683
v 0.360816 1.048604 0.218673
v 0.435179 1.023575 0.239494
v 0.397331 1.022840 0.212683
v 0.414210 1.070070 0.217304
v 0.452505 1.071895 0.244240
v 0.386668 1.022794 0.252142
v 0.435179 1.023575 0.239494
v 0.452505 1.071895 0.244240
v 0.403598 1.070007 0.256780
v 0.378142 1.096924 0.223419
v 0.403598 1.070007 0.256780
v 0.408857 1.081439 0.253627
v 0.384428 1.105367 0.227555
v 0.384428 1.105367 0.227555
v 0.417142 1.081500 0.222680
v 0.414210 1.070070 0.217304
v 0.378142 1.096924 0.223419
v 0.452505 1.071895 0.244240
v 0.414210 1.070070 0.217304
v 0.417142 1.081500 0.222680
v 0.451902 1.082662 0.246392
v 0.403598 1.070007 0.256780
v 0.452505 1.071895 0.244240
v 0.451902 1.082662 0.246392
v 0.408857 1.081439 0.253627
v 0.384428 1.105367 0.227555
v 0.408857 1.081439 0.253627
v 0.423336 1.121818 0.257594
v 0.399250 1.146704 0.231615
v 0.399250 1.146704 0.231615
v 0.431578 1.121893 0.226632
v 0.417142 1.081500 0.222680
v 0.384428 1.105367 0.227555
v 0.451902 1.082662 0.246392
v 0.417142 1.081500 0.222680
v 0.431578 1.121893 0.226632
v 0.466724 1.123999 0.250452
v 0.408857 1.081439 0.253627
v 0.451902 1.082662 0.246392
v 0.466724 1.123999 0.250452
v 0.423336 1.121818 0.257594
v 0.399250 1.146704 0.231615
v 0.423336 1.121818 0.257594
v 0.427950 1.132378 0.255586
v 0.404700 1.155407 0.234506
v 0.404700 1.155407 0.234506
v 0.434534 1.132451 0.230701
v 0.431578 1.121893 0.226632
v 0.399250 1.146704 0.231615
v 0.466724 1.123999 0.250452
v 0.431578 1.121893 0.226632
v 0.434534 1.132451 0.230701
v 0.467398 1.134312 0.251965
v 0.423336 1.121818 0.257594
v 0.466724 1.123999 0.250452
v 0.467398 1.134312 0.251965
v 0.427950 1.132378 0.255586
v 0.404700 1.155407 0.234506
v 0.427950 1.132378 0.255586
v 0.443736 1.176403 0.259910
v 0.420103 1.198366 0.238726
v 0.420103 1.198366 0.238726
v 0.450276 1.176491 0.235012
v 0.434534 1.132451 0.230701
v 0.404700 1.155407 0.234506
v 0.467398 1.134312 0.251965
v 0.434534 1.132451 0.230701
v 0.450276 1.176491 0.235012
v 0.482802 1.177271 0.256185
v 0.427950 1.132378 0.255586
v 0.467398 1.134312 0.251965
v 0.482802 1.177271 0.256185
v 0.443736 1.176403 0.259910
v 0.420103 1.198366 0.238726
v 0.443736 1.176403 0.259910
v 0.447634 1.185829 0.258918
v 0.424811 1.204673 0.240226
v 0.424811 1.204673 0.240226
v 0.453135 1.185913 0.237854
v 0.450276 1.176491 0.235012
v 0.420103 1.198366 0.238726
v 0.482802 1.177271 0.256185
v 0.450276 1.176491 0.235012
v 0.453135 1.185913 0.237854
v 0.483059 1.185078 0.256423
v 0.443736 1.176403 0.259910
v 0.482802 1.177271 0.256185
v 0.483059 1.185078 0.256423
v 0.447634 1.185829 0.258918
v 0.424811 1.204673 0.240226
v 0.447634 1.185829 0.258918
v 0.460576 1.221923 0.262464
v 0.437322 1.239563 0.243654
v 0.437322 1.239563 0.243654
v 0.466042 1.222019 0.241389
v 0.453135 1.185913 0.237854
v 0.424811 1.204673 0.240226
v 0.483059 1.185078 0.256423
v 0.453135 1.185913 0.237854
v 0.466042 1.222019 0.241389
v 0.495569 1.219968 0.259850
v 0.447634 1.185829 0.258918
v 0.483059 1.185078 0.256423
v 0.495569 1.219968 0.259850
v 0.460576 1.221923 0.262464
v 0.437322 1.239563 0.243654
v 0.460576 1.221923 0.262464
v 0.465050 1.233186 0.261946
v 0.444167 1.248321 0.245707
v 0.444167 1.248321 0.245707
v 0.469652 1.233274 0.244121
v 0.466042 1.222019 0.241389
v 0.437322 1.239563 0.243654
v 0.495569 1.219968 0.259850
v 0.466042 1.222019 0.241389
v 0.469652 1.233274 0.244121
v 0.495730 1.230976 0.260035
v 0.460576 1.221923 0.262464
v 0.495569 1.219968 0.259850
v 0.495730 1.230976 0.260035
v 0.465050 1.233186 0.261946
v 0.444167 1.248321 0.245707
v 0.465050 1.233186 0.261946
v 0.475250 1.261632 0.264740
v 0.456603 1.283003 0.249114
v 0.456603 1.283003 0.249114
v 0.479817 1.261732 0.246904
v 0.469652 1.233274 0.244121
v 0.444167 1.248321 0.245707
v 0.495730 1.230976 0.260035
v 0.469652 1.233274 0.244121
v 0.479817 1.261732 0.246904
v 0.508166 1.265658 0.263442
v 0.465050 1.233186 0.261946
v 0.495730 1.230976 0.260035
v 0.508166 1.265658 0.263442
v 0.475250 1.261632 0.264740
v 0.290042 0.273491 0.200552
v 0.290137 0.273614 0.207168
v 0.270210 0.374037 0.240528
v 0.263988 0.372216 0.176245
v 0.268389 0.373586 0.175774
v 0.274611 0.375407 0.240058
v 0.291027 0.273876 0.207150
v 0.290932 0.273753 0.200534
v 0.290932 0.273753 0.200534
v 0.291027 0.273876 0.207150
v 0.290137 0.273614 0.207168
v 0.290042 0.273491 0.200552
v 0.290137 0.273614 0.207168
v 0.291027 0.273876 0.207150
v 0.274611 0.375407 0.240058
v 0.270210 0.374037 0.240528
v 0.290932 0.273753 0.200534
v 0.290042 0.273491 0.200552
v 0.263988 0.372216 0.176245
v 0.268389 0.373586 0.175774
v 0.268389 0.373586 0.175774
v 0.263988 0.372216 0.176245
v 0.197193 0.621911 0.185801
v 0.197193 0.621911 0.185801
v 0.274611 0.375407 0.240058
v 0.268389 0.373586 0.175774
v 0.270210 0.374037 0.240528
v 0.274611 0.375407 0.240058
v 0.197193 0.621911 0.185801
v 0.263988 0.372216 0.176245
v 0.270210 0.374037 0.240528
v 0.197193 0.621911 0.185801
v 0.304509 0.019270 0.199365
v 0.295053 0.017779 0.199851
v 0.279980 0.620720 0.195721
v 0.289432 0.621409 0.195234
v 0.295053 0.017779 0.199851
v 0.292516 0.017779 0.209112
v 0.277442 0.620720 0.204983
v 0.279980 0.620720 0.195721
v 0.292516 0.017779 0.209112
v 0.300404 0.019270 0.214350
v 0.285327 0.621409 0.210220
v 0.277442 0.620720 0.204983
v 0.300404 0.019270 0.214350
v 0.307816 0.020191 0.208326
v 0.292737 0.621835 0.204195
v 0.285327 0.621409 0.210220
v 0.307816 0.020191 0.208326
v 0.304509 0.019270 0.199365
v 0.289432 0.621409 0.195234
v 0.292737 0.621835 0.204195
v 0.295053 0.017779 0.199851
v 0.304509 0.019270 0.199365
v 0.300060 0.018858 0.206201
v 0.292516 0.017779 0.209112
v 0.295053 0.017779 0.199851
v 0.300060 0.018858 0.206201
v 0.300404 0.019270 0.214350
v 0.292516 0.017779 0.209112
v 0.300060 0.018858 0.206201
v 0.307816 0.020191 0.208326
v 0.300404 0.019270 0.214350
v 0.300060 0.018858 0.206201
v 0.304509 0.019270 0.199365
v 0.307816 0.020191 0.208326
v 0.300060 0.018858 0.206201
v 0.277442 0.620720 0.204983
v 0.285327 0.621409 0.210220
v 0.370715 0.968212 0.233612
v 0.362797 0.969528 0.228366
v 0.279980 0.620720 0.195721
v 0.277442 0.620720 0.204983
v 0.362797 0.969528 0.228366
v 0.365334 0.969528 0.219105
v 0.289432 0.621409 0.195234
v 0.279980 0.620720 0.195721
v 0.365334 0.969528 0.219105
v 0.374820 0.968212 0.218627
v 0.292737 0.621835 0.204195
v 0.289432 0.621409 0.195234
v 0.374820 0.968212 0.218627
v 0.378146 0.967399 0.227593
v 0.285327 0.621409 0.210220
v 0.292737 0.621835 0.204195
v 0.378146 0.967399 0.227593
v 0.370715 0.968212 0.233612
v 0.316836 0.757376 0.205687
v 0.313922 0.757531 0.209187
v 0.312718 0.920472 0.209363
v 0.338975 0.918517 0.182048
v 0.340975 0.919022 0.183928
v 0.314717 0.920976 0.211244
v 0.314619 0.757704 0.209614
v 0.317533 0.757549 0.206114
v 0.317533 0.757549 0.206114
v 0.314619 0.757704 0.209614
v 0.313922 0.757531 0.209187
v 0.316836 0.757376 0.205687
v 0.313922 0.757531 0.209187
v 0.314619 0.757704 0.209614
v 0.314717 0.920976 0.211244
v 0.312718 0.920472 0.209363
v 0.317533 0.757549 0.206114
v 0.316836 0.757376 0.205687
v 0.338975 0.918517 0.182048
v 0.340975 0.919022 0.183928
v 0.340975 0.919022 0.183928
v 0.338975 0.918517 0.182048
v 0.294265 1.065742 0.191764
v 0.294265 1.065742 0.191764
v 0.314717 0.920976 0.211244
v 0.340975 0.919022 0.183928
v 0.312718 0.920472 0.209363
v 0.314717 0.920976 0.211244
v 0.294265 1.065742 0.191764
v 0.338975 0.918517 0.182048
v 0.312718 0.920472 0.209363
v 0.294265 1.065742 0.191764
v 0.286287 0.623469 0.208472
v 0.290777 0.622238 0.201554
v 0.388555 0.769116 0.219230
v 0.347236 0.780554 0.273801
v 0.344457 0.783584 0.270969
v 0.385776 0.772146 0.216397
v 0.289822 0.623224 0.200978
v 0.285332 0.624454 0.207896
v 0.285332 0.624454 0.207896
v 0.289822 0.623224 0.200978
v 0.290777 0.622238 0.201554
v 0.286287 0.623469 0.208472
v 0.290777 0.622238 0.201554
v 0.289822 0.623224 0.200978
v 0.385776 0.772146 0.216397
v 0.388555 0.769116 0.219230
v 0.285332 0.624454 0.207896
v 0.286287 0.623469 0.208472
v 0.347236 0.780554 0.273801
v 0.344457 0.783584 0.270969
v 0.344457 0.783584 0.270969
v 0.347236 0.780554 0.273801
v 0.516873 0.810210 0.278947
v 0.516873 0.810210 0.278947
v 0.385776 0.772146 0.216397
v 0.344457 0.783584 0.270969
v 0.388555 0.769116 0.219230
v 0.385776 0.772146 0.216397
v 0.516873 0.810210 0.278947
v 0.347236 0.780554 0.273801
v 0.388555 0.769116 0.219230
v 0.516873 0.810210 0.278947
v -0.826192 0.011987 0.241072
v -0.823412 0.011752 0.234334
v -0.749813 0.236845 0.230917
v -0.775365 0.245835 0.285125
v -0.778537 0.248120 0.283181
v -0.752984 0.239131 0.228972
v -0.824611 0.012218 0.234012
v -0.827391 0.012452 0.240750
v -0.827391 0.012452 0.240750
v -0.824611 0.012218 0.234012
v -0.823412 0.011752 0.234334
v -0.826192 0.011987 0.241072
v -0.823412 0.011752 0.234334
v -0.824611 0.012218 0.234012
v -0.752984 0.239131 0.228972
v -0.749813 0.236845 0.230917
v -0.827391 0.012452 0.240750
v -0.826192 0.011987 0.241072
v -0.775365 0.245835 0.285125
v -0.778537 0.248120 0.283181
v -0.778537 0.248120 0.283181
v -0.775365 0.245835 0.285125
v -0.616643 0.377022 0.245520
v -0.616643 0.377022 0.245520
v -0.752984 0.239131 0.228972
v -0.778537 0.248120 0.283181
v -0.749813 0.236845 0.230917
v -0.752984 0.239131 0.228972
v -0.616643 0.377022 0.245520
v -0.775365 0.245835 0.285125
v -0.749813 0.236845 0.230917
v -0.616643 0.377022 0.245520
v -0.788874 1.135475 0.239964
v -0.833710 1.113321 0.210557
v -0.835772 1.156937 0.210631
v -0.790729 1.174729 0.240031
v -0.833710 1.113321 0.210557
v -0.878046 1.131917 0.242657
v -0.879902 1.171172 0.242723
v -0.835772 1.156937 0.210631
v -0.819483 1.432755 0.234694
v -0.847574 1.418441 0.225549
v -0.846589 1.418454 0.243935
v -0.788874 1.135475 0.239964
v -0.831904 1.113325 0.257838
v -0.833710 1.113321 0.210557
v -0.831904 1.113325 0.257838
v -0.833923 1.156943 0.257913
v -0.879902 1.171172 0.242723
v -0.878046 1.131917 0.242657
v -0.846589 1.418454 0.243935
v -0.847574 1.418441 0.225549
v -0.876049 1.430498 0.236525
v -0.833710 1.113321 0.210557
v -0.831904 1.113325 0.257838
v -0.878046 1.131917 0.242657
v -0.790729 1.174729 0.240031
v -0.833923 1.156943 0.257913
v -0.831904 1.113325 0.257838
v -0.788874 1.135475 0.239964
v -0.790729 1.174729 0.240031
v -0.835772 1.156937 0.210631
v -0.836268 1.170079 0.213883
v -0.795100 1.185504 0.237874
v -0.795100 1.185504 0.237874
v -0.834654 1.170085 0.254725
v -0.833923 1.156943 0.257913
v -0.790729 1.174729 0.240031
v -0.879902 1.171172 0.242723
v -0.833923 1.156943 0.257913
v -0.834654 1.170085 0.254725
v -0.876727 1.182248 0.240364
v -0.835772 1.156937 0.210631
v -0.879902 1.171172 0.242723
v -0.876727 1.182248 0.240364
v -0.836268 1.170079 0.213883
v -0.795100 1.185504 0.237874
v -0.836268 1.170079 0.213883
v -0.838589 1.219176 0.213966
v -0.797475 1.235753 0.237959
v -0.797475 1.235753 0.237959
v -0.836920 1.219185 0.254809
v -0.834654 1.170085 0.254725
v -0.795100 1.185504 0.237874
v -0.876727 1.182248 0.240364
v -0.834654 1.170085 0.254725
v -0.836920 1.219185 0.254809
v -0.879103 1.232497 0.240449
v -0.836268 1.170079 0.213883
v -0.876727 1.182248 0.240364
v -0.879103 1.232497 0.240449
v -0.838589 1.219176 0.213966
v -0.797475 1.235753 0.237959
v -0.838589 1.219176 0.213966
v -0.838982 1.231062 0.218413
v -0.801819 1.245590 0.235785
v -0.801819 1.245590 0.235785
v -0.837638 1.231070 0.250422
v -0.836920 1.219185 0.254809
v -0.797475 1.235753 0.237959
v -0.879103 1.232497 0.240449
v -0.836920 1.219185 0.254809
v -0.837638 1.231070 0.250422
v -0.875867 1.242636 0.238098
v -0.838589 1.219176 0.213966
v -0.879103 1.232497 0.240449
v -0.875867 1.242636 0.238098
v -0.838982 1.231062 0.218413
v -0.801819 1.245590 0.235785
v -0.838982 1.231062 0.218413
v -0.840968 1.273053 0.218484
v -0.803851 1.288577 0.235858
v -0.803851 1.288577 0.235858
v -0.839576 1.273062 0.250494
v -0.837638 1.231070 0.250422
v -0.801819 1.245590 0.235785
v -0.875867 1.242636 0.238098
v -0.837638 1.231070 0.250422
v -0.839576 1.273062 0.250494
v -0.877899 1.285623 0.238171
v -0.838982 1.231062 0.218413
v -0.875867 1.242636 0.238098
v -0.877899 1.285623 0.238171
v -0.840968 1.273053 0.218484
v -0.803851 1.288577 0.235858
v -0.840968 1.273053 0.218484
v -0.841367 1.284033 0.221656
v -0.806992 1.298360 0.234622
v -0.806992 1.298360 0.234622
v -0.840209 1.284042 0.247371
v -0.839576 1.273062 0.250494
v -0.803851 1.288577 0.235858
v -0.877899 1.285623 0.238171
v -0.839576 1.273062 0.250494
v -0.840209 1.284042 0.247371
v -0.875786 1.295616 0.236813
v -0.840968 1.273053 0.218484
v -0.877899 1.285623 0.238171
v -0.875786 1.295616 0.236813
v -0.841367 1.284033 0.221656
v -0.806992 1.298360 0.234622
v -0.841367 1.284033 0.221656
v -0.843531 1.329815 0.221734
v -0.809104 1.343033 0.234697
v -0.809104 1.343033 0.234697
v -0.842324 1.329826 0.247449
v -0.840209 1.284042 0.247371
v -0.806992 1.298360 0.234622
v -0.875786 1.295616 0.236813
v -0.840209 1.284042 0.247371
v -0.842324 1.329826 0.247449
v -0.877898 1.340289 0.236888
v -0.841367 1.284033 0.221656
v -0.875786 1.295616 0.236813
v -0.877898 1.340289 0.236888
v -0.843531 1.329815 0.221734
v -0.809104 1.343033 0.234697
v -0.843531 1.329815 0.221734
v -0.843917 1.339615 0.223736
v -0.811903 1.350275 0.234594
v -0.811903 1.350275 0.234594
v -0.842863 1.339626 0.245481
v -0.842324 1.329826 0.247449
v -0.809104 1.343033 0.234697
v -0.877898 1.340289 0.236888
v -0.842324 1.329826 0.247449
v -0.842863 1.339626 0.245481
v -0.875806 1.347726 0.236652
v -0.843531 1.329815 0.221734
v -0.877898 1.340289 0.236888
v -0.875806 1.347726 0.236652
v -0.843917 1.339615 0.223736
v -0.811903 1.350275 0.234594
v -0.843917 1.339615 0.223736
v -0.845691 1.377149 0.223799
v -0.813618 1.386557 0.234656
v -0.813618 1.386557 0.234656
v -0.844598 1.377162 0.245545
v -0.842863 1.339626 0.245481
v -0.811903 1.350275 0.234594
v -0.875806 1.347726 0.236652
v -0.842863 1.339626 0.245481
v -0.844598 1.377162 0.245545
v -0.877521 1.384008 0.236714
v -0.843917 1.339615 0.223736
v -0.875806 1.347726 0.236652
v -0.877521 1.384008 0.236714
v -0.845691 1.377149 0.223799
v -0.813618 1.386557 0.234656
v -0.845691 1.377149 0.223799
v -0.846175 1.388860 0.225499
v -0.817778 1.396689 0.234633
v -0.817778 1.396689 0.234633
v -0.845230 1.388871 0.243885
v -0.844598 1.377162 0.245545
v -0.813618 1.386557 0.234656
v -0.877521 1.384008 0.236714
v -0.844598 1.377162 0.245545
v -0.845230 1.388871 0.243885
v -0.874344 1.394432 0.236464
v -0.845691 1.377149 0.223799
v -0.877521 1.384008 0.236714
v -0.874344 1.394432 0.236464
v -0.846175 1.388860 0.225499
v -0.817778 1.396689 0.234633
v -0.846175 1.388860 0.225499
v -0.847574 1.418441 0.225549
v -0.819483 1.432755 0.234694
v -0.819483 1.432755 0.234694
v -0.846589 1.418454 0.243935
v -0.845230 1.388871 0.243885
v -0.817778 1.396689 0.234633
v -0.874344 1.394432 0.236464
v -0.845230 1.388871 0.243885
v -0.846589 1.418454 0.243935
v -0.876049 1.430498 0.236525
v -0.846175 1.388860 0.225499
v -0.874344 1.394432 0.236464
v -0.876049 1.430498 0.236525
v -0.847574 1.418441 0.225549
v -0.826592 0.852813 0.240820
v -0.824694 0.852653 0.236220
v -0.774441 1.006343 0.233887
v -0.791888 1.012481 0.270899
v -0.794054 1.014042 0.269571
v -0.776607 1.007904 0.232559
v -0.825513 0.852971 0.236000
v -0.827411 0.853131 0.240600
v -0.827411 0.853131 0.240600
v -0.825513 0.852971 0.236000
v -0.824694 0.852653 0.236220
v -0.826592 0.852813 0.240820
v -0.824694 0.852653 0.236220
v -0.825513 0.852971 0.236000
v -0.776607 1.007904 0.232559
v -0.774441 1.006343 0.233887
v -0.827411 0.853131 0.240600
v -0.826592 0.852813 0.240820
v -0.791888 1.012481 0.270899
v -0.794054 1.014042 0.269571
v -0.794054 1.014042 0.269571
v -0.791888 1.012481 0.270899
v -0.683515 1.102054 0.243857
v -0.683515 1.102054 0.243857
v -0.776607 1.007904 0.232559
v -0.794054 1.014042 0.269571
v -0.774441 1.006343 0.233887
v -0.776607 1.007904 0.232559
v -0.683515 1.102054 0.243857
v -0.791888 1.012481 0.270899
v -0.774441 1.006343 0.233887
v -0.683515 1.102054 0.243857
v -0.827144 0.004626 0.245803
v -0.818124 0.004626 0.242511
v -0.823504 1.112186 0.242704
v -0.832441 1.113321 0.245993
v -0.818124 0.004626 0.242511
v -0.818467 0.004626 0.232915
v -0.823848 1.112186 0.233107
v -0.823504 1.112186 0.242704
v -0.818467 0.004626 0.232915
v -0.827700 0.004626 0.230276
v -0.832997 1.113321 0.230466
v -0.823848 1.112186 0.233107
v -0.832997 1.113321 0.230466
v -0.827700 0.004626 0.230276
v -0.833063 0.004626 0.238242
v -0.838308 1.114022 0.238430
v -0.833063 0.004626 0.238242
v -0.827144 0.004626 0.245803
v -0.832441 1.113321 0.245993
v -0.838308 1.114022 0.238430
v -0.818124 0.004626 0.242511
v -0.827144 0.004626 0.245803
v -0.824900 0.004626 0.237949
v -0.818467 0.004626 0.232915
v -0.818124 0.004626 0.242511
v -0.824900 0.004626 0.237949
v -0.827700 0.004626 0.230276
v -0.818467 0.004626 0.232915
v -0.824900 0.004626 0.237949
v -0.833063 0.004626 0.238242
v -0.827700 0.004626 0.230276
v -0.824900 0.004626 0.237949
v -0.827144 0.004626 0.245803
v -0.833063 0.004626 0.238242
v -0.824900 0.004626 0.237949
v -0.827463 0.717540 0.232514
v -0.829898 0.716820 0.240464
v -0.899210 0.967863 0.251740
v -0.874119 0.974158 0.187251
v -0.870037 0.976440 0.189104
v -0.895127 0.970145 0.253592
v -0.828623 0.717570 0.240721
v -0.826188 0.718290 0.232772
v -0.826188 0.718290 0.232772
v -0.828623 0.717570 0.240721
v -0.829898 0.716820 0.240464
v -0.827463 0.717540 0.232514
v -0.829898 0.716820 0.240464
v -0.828623 0.717570 0.240721
v -0.895127 0.970145 0.253592
v -0.899210 0.967863 0.251740
v -0.826188 0.718290 0.232772
v -0.827463 0.717540 0.232514
v -0.874119 0.974158 0.187251
v -0.870037 0.976440 0.189104
v -0.870037 0.976440 0.189104
v -0.874119 0.974158 0.187251
v -0.999545 1.073079 0.231627
v -0.999545 1.073079 0.231627
v -0.895127 0.970145 0.253592
v -0.870037 0.976440 0.189104
v -0.899210 0.967863 0.251740
v -0.895127 0.970145 0.253592
v -0.999545 1.073079 0.231627
v -0.874119 0.974158 0.187251
v -0.899210 0.967863 0.251740
v -0.999545 1.073079 0.231627
v -0.827918 0.234082 0.232837
v -0.830353 0.233361 0.240787
v -0.897098 0.439597 0.251971
v -0.872007 0.445892 0.187482
v -0.867925 0.448173 0.189335
v -0.893015 0.441878 0.253823
v -0.829078 0.234111 0.241044
v -0.826643 0.234832 0.233094
v -0.826643 0.234832 0.233094
v -0.829078 0.234111 0.241044
v -0.830353 0.233361 0.240787
v -0.827918 0.234082 0.232837
v -0.830353 0.233361 0.240787
v -0.829078 0.234111 0.241044
v -0.893015 0.441878 0.253823
v -0.897098 0.439597 0.251971
v -0.826643 0.234832 0.233094
v -0.827918 0.234082 0.232837
v -0.872007 0.445892 0.187482
v -0.867925 0.448173 0.189335
v -0.867925 0.448173 0.189335
v -0.872007 0.445892 0.187482
v -1.000000 0.589620 0.231950
v -1.000000 0.589620 0.231950
v -0.893015 0.441878 0.253823
v -0.867925 0.448173 0.189335
v -0.897098 0.439597 0.251971
v -0.893015 0.441878 0.253823
v -1.000000 0.589620 0.231950
v -0.872007 0.445892 0.187482
v -0.897098 0.439597 0.251971
v -1.000000 0.589620 0.231950
v -0.825280 0.395215 0.242003
v -0.823005 0.395023 0.236487
v -0.782374 0.601598 0.234392
v -0.804640 0.602856 0.278822
v -0.807707 0.603996 0.277247
v -0.785441 0.602739 0.232817
v -0.823986 0.395404 0.236223
v -0.826262 0.395596 0.241739
v -0.826262 0.395596 0.241739
v -0.823986 0.395404 0.236223
v -0.823005 0.395023 0.236487
v -0.825280 0.395215 0.242003
v -0.823005 0.395023 0.236487
v -0.823986 0.395404 0.236223
v -0.785441 0.602739 0.232817
v -0.782374 0.601598 0.234392
v -0.826262 0.395596 0.241739
v -0.825280 0.395215 0.242003
v -0.804640 0.602856 0.278822
v -0.807707 0.603996 0.277247
v -0.807707 0.603996 0.277247
v -0.804640 0.602856 0.278822
v -0.717890 0.781341 0.247943
v -0.717890 0.781341 0.247943
v -0.785441 0.602739 0.232817
v -0.807707 0.603996 0.277247
v -0.782374 0.601598 0.234392
v -0.785441 0.602739 0.232817
v -0.717890 0.781341 0.247943
v -0.804640 0.602856 0.278822
v -0.782374 0.601598 0.234392
v -0.717890 0.781341 0.247943
v -0.423716 0.019394 0.206557
v -0.427262 0.018738 0.212919
v -0.510743 0.208334 0.206176
v -0.477400 0.214067 0.155550
v -0.474244 0.216145 0.157887
v -0.507587 0.210412 0.208513
v -0.426217 0.019421 0.213374
v -0.422671 0.020077 0.207012
v -0.422671 0.020077 0.207012
v -0.426217 0.019421 0.213374
v -0.427262 0.018738 0.212919
v -0.423716 0.019394 0.206557
v -0.427262 0.018738 0.212919
v -0.426217 0.019421 0.213374
v -0.507587 0.210412 0.208513
v -0.510743 0.208334 0.206176
v -0.422671 0.020077 0.207012
v -0.423716 0.019394 0.206557
v -0.477400 0.214067 0.155550
v -0.474244 0.216145 0.157887
v -0.474244 0.216145 0.157887
v -0.477400 0.214067 0.155550
v -0.623711 0.495662 0.165060
v -0.623711 0.495662 0.165060
v -0.507587 0.210412 0.208513
v -0.474244 0.216145 0.157887
v -0.510743 0.208334 0.206176
v -0.507587 0.210412 0.208513
v -0.623711 0.495662 0.165060
v -0.477400 0.214067 0.155550
v -0.510743 0.208334 0.206176
v -0.623711 0.495662 0.165060
v -0.643582 0.986913 0.177241
v -0.665967 0.947564 0.141794
v -0.688815 0.987176 0.137741
v -0.664145 1.022564 0.173594
v -0.665967 0.947564 0.141794
v -0.720239 0.945321 0.163135
v -0.740801 0.980973 0.159488
v -0.688815 0.987176 0.137741
v -0.812567 1.249895 0.140804
v -0.828294 1.224697 0.127712
v -0.831229 1.224849 0.145888
v -0.643582 0.986913 0.177241
v -0.674134 0.947616 0.188399
v -0.665967 0.947564 0.141794
v -0.674134 0.947616 0.188399
v -0.696945 0.987249 0.184355
v -0.740801 0.980973 0.159488
v -0.720239 0.945321 0.163135
v -0.831229 1.224849 0.145888
v -0.828294 1.224697 0.127712
v -0.861219 1.223510 0.131977
v -0.665967 0.947564 0.141794
v -0.674134 0.947616 0.188399
v -0.720239 0.945321 0.163135
v -0.664145 1.022564 0.173594
v -0.696945 0.987249 0.184355
v -0.674134 0.947616 0.188399
v -0.643582 0.986913 0.177241
v -0.664145 1.022564 0.173594
v -0.688815 0.987176 0.137741
v -0.696255 0.999116 0.139704
v -0.672711 1.030728 0.169726
v -0.672711 1.030728 0.169726
v -0.703264 0.999187 0.179972
v -0.696945 0.987249 0.184355
v -0.664145 1.022564 0.173594
v -0.740801 0.980973 0.159488
v -0.696945 0.987249 0.184355
v -0.703264 0.999187 0.179972
v -0.742886 0.992655 0.156839
v -0.688815 0.987176 0.137741
v -0.740801 0.980973 0.159488
v -0.742886 0.992655 0.156839
v -0.696255 0.999116 0.139704
v -0.672711 1.030728 0.169726
v -0.696255 0.999116 0.139704
v -0.721974 1.043708 0.135142
v -0.699033 1.076365 0.165057
v -0.699033 1.076365 0.165057
v -0.728937 1.043804 0.175421
v -0.703264 0.999187 0.179972
v -0.672711 1.030728 0.169726
v -0.742886 0.992655 0.156839
v -0.703264 0.999187 0.179972
v -0.728937 1.043804 0.175421
v -0.769208 1.038292 0.152170
v -0.696255 0.999116 0.139704
v -0.742886 0.992655 0.156839
v -0.769208 1.038292 0.152170
v -0.721974 1.043708 0.135142
v -0.699033 1.076365 0.165057
v -0.721974 1.043708 0.135142
v -0.728966 1.054506 0.138401
v -0.707120 1.083669 0.161259
v -0.707120 1.083669 0.161259
v -0.734391 1.054598 0.169975
v -0.728937 1.043804 0.175421
v -0.699033 1.076365 0.165057
v -0.769208 1.038292 0.152170
v -0.728937 1.043804 0.175421
v -0.734391 1.054598 0.169975
v -0.770790 1.049131 0.149620
v -0.721974 1.043708 0.135142
v -0.769208 1.038292 0.152170
v -0.770790 1.049131 0.149620
v -0.728966 1.054506 0.138401
v -0.707120 1.083669 0.161259
v -0.728966 1.054506 0.138401
v -0.750962 1.092643 0.134499
v -0.729638 1.122710 0.157264
v -0.729638 1.122710 0.157264
v -0.756347 1.092757 0.166083
v -0.734391 1.054598 0.169975
v -0.707120 1.083669 0.161259
v -0.770790 1.049131 0.149620
v -0.734391 1.054598 0.169975
v -0.756347 1.092757 0.166083
v -0.793308 1.088172 0.145626
v -0.728966 1.054506 0.138401
v -0.770790 1.049131 0.149620
v -0.793308 1.088172 0.145626
v -0.750962 1.092643 0.134499
v -0.729638 1.122710 0.157264
v -0.750962 1.092643 0.134499
v -0.757259 1.102618 0.136587
v -0.736842 1.130465 0.154617
v -0.736842 1.130465 0.154617
v -0.761550 1.102729 0.161968
v -0.756347 1.092757 0.166083
v -0.729638 1.122710 0.157264
v -0.793308 1.088172 0.145626
v -0.756347 1.092757 0.166083
v -0.761550 1.102729 0.161968
v -0.796003 1.098377 0.143846
v -0.750962 1.092643 0.134499
v -0.793308 1.088172 0.145626
v -0.796003 1.098377 0.143846
v -0.757259 1.102618 0.136587
v -0.736842 1.130465 0.154617
v -0.757259 1.102618 0.136587
v -0.781241 1.144198 0.132333
v -0.760244 1.171039 0.150466
v -0.760244 1.171039 0.150466
v -0.785491 1.144332 0.157723
v -0.761550 1.102729 0.161968
v -0.736842 1.130465 0.154617
v -0.796003 1.098377 0.143846
v -0.761550 1.102729 0.161968
v -0.785491 1.144332 0.157723
v -0.819405 1.138950 0.139695
v -0.757259 1.102618 0.136587
v -0.796003 1.098377 0.143846
v -0.819405 1.138950 0.139695
v -0.781241 1.144198 0.132333
v -0.760244 1.171039 0.150466
v -0.781241 1.144198 0.132333
v -0.786716 1.153101 0.133380
v -0.766157 1.176564 0.149211
v -0.766157 1.176564 0.149211
v -0.790282 1.153229 0.154856
v -0.785491 1.144332 0.157723
v -0.760244 1.171039 0.150466
v -0.819405 1.138950 0.139695
v -0.785491 1.144332 0.157723
v -0.790282 1.153229 0.154856
v -0.821117 1.146757 0.139228
v -0.781241 1.144198 0.132333
v -0.819405 1.138950 0.139695
v -0.821117 1.146757 0.139228
v -0.786716 1.153101 0.133380
v -0.766157 1.176564 0.149211
v -0.786716 1.153101 0.133380
v -0.806378 1.187191 0.129892
v -0.785163 1.209516 0.145840
v -0.785163 1.209516 0.145840
v -0.809910 1.187337 0.151376
v -0.790282 1.153229 0.154856
v -0.766157 1.176564 0.149211
v -0.821117 1.146757 0.139228
v -0.790282 1.153229 0.154856
v -0.809910 1.187337 0.151376
v -0.840123 1.179709 0.135857
v -0.786716 1.153101 0.133380
v -0.821117 1.146757 0.139228
v -0.840123 1.179709 0.135857
v -0.806378 1.187191 0.129892
v -0.785163 1.209516 0.145840
v -0.806378 1.187191 0.129892
v -0.812798 1.197830 0.130461
v -0.793674 1.217139 0.144156
v -0.793674 1.217139 0.144156
v -0.815767 1.197964 0.148630
v -0.809910 1.187337 0.151376
v -0.785163 1.209516 0.145840
v -0.840123 1.179709 0.135857
v -0.809910 1.187337 0.151376
v -0.815767 1.197964 0.148630
v -0.842326 1.190754 0.135328
v -0.806378 1.187191 0.129892
v -0.840123 1.179709 0.135857
v -0.842326 1.190754 0.135328
v -0.812798 1.197830 0.130461
v -0.793674 1.217139 0.144156
v -0.812798 1.197830 0.130461
v -0.828294 1.224697 0.127712
v -0.812567 1.249895 0.140804
v -0.812567 1.249895 0.140804
v -0.831229 1.224849 0.145888
v -0.815767 1.197964 0.148630
v -0.793674 1.217139 0.144156
v -0.842326 1.190754 0.135328
v -0.815767 1.197964 0.148630
v -0.831229 1.224849 0.145888
v -0.861219 1.223510 0.131977
v -0.812798 1.197830 0.130461
v -0.842326 1.190754 0.135328
v -0.861219 1.223510 0.131977
v -0.828294 1.224697 0.127712
v -0.458817 0.262771 0.206424
v -0.459514 0.262588 0.199846
v -0.461397 0.365398 0.161488
v -0.449319 0.367400 0.224928
v -0.453848 0.368091 0.225766
v -0.465926 0.366090 0.162327
v -0.460434 0.262710 0.199940
v -0.459737 0.262893 0.206518
v -0.459737 0.262893 0.206518
v -0.460434 0.262710 0.199940
v -0.459514 0.262588 0.199846
v -0.458817 0.262771 0.206424
v -0.459514 0.262588 0.199846
v -0.460434 0.262710 0.199940
v -0.465926 0.366090 0.162327
v -0.461397 0.365398 0.161488
v -0.459737 0.262893 0.206518
v -0.458817 0.262771 0.206424
v -0.449319 0.367400 0.224928
v -0.453848 0.368091 0.225766
v -0.453848 0.368091 0.225766
v -0.449319 0.367400 0.224928
v -0.430642 0.629040 0.200956
v -0.430642 0.629040 0.200956
v -0.465926 0.366090 0.162327
v -0.453848 0.368091 0.225766
v -0.461397 0.365398 0.161488
v -0.465926 0.366090 0.162327
v -0.430642 0.629040 0.200956
v -0.449319 0.367400 0.224928
v -0.461397 0.365398 0.161488
v -0.430642 0.629040 0.200956
v -0.426052 0.004626 0.217282
v -0.416542 0.004626 0.215955
v -0.512519 0.614085 0.198930
v -0.521879 0.613279 0.200284
v -0.416542 0.004626 0.215955
v -0.414865 0.004626 0.206500
v -0.510842 0.614085 0.189476
v -0.512519 0.614085 0.198930
v -0.414865 0.004626 0.206500
v -0.423338 0.004626 0.201984
v -0.519165 0.613279 0.184986
v -0.510842 0.614085 0.189476
v -0.423338 0.004626 0.201984
v -0.430253 0.004626 0.208647
v -0.525986 0.612781 0.191666
v -0.519165 0.613279 0.184986
v -0.430253 0.004626 0.208647
v -0.426052 0.004626 0.217282
v -0.521879 0.613279 0.200284
v -0.525986 0.612781 0.191666
v -0.416542 0.004626 0.215955
v -0.426052 0.004626 0.217282
v -0.422210 0.004626 0.210074
v -0.414865 0.004626 0.206500
v -0.416542 0.004626 0.215955
v -0.422210 0.004626 0.210074
v -0.423338 0.004626 0.201984
v -0.414865 0.004626 0.206500
v -0.422210 0.004626 0.210074
v -0.430253 0.004626 0.208647
v -0.423338 0.004626 0.201984
v -0.422210 0.004626 0.210074
v -0.426052 0.004626 0.217282
v -0.430253 0.004626 0.208647
v -0.422210 0.004626 0.210074
v -0.510842 0.614085 0.189476
v -0.519165 0.613279 0.184986
v -0.668917 0.947564 0.158422
v -0.660930 0.950393 0.162853
v -0.512519 0.614085 0.198930
v -0.510842 0.614085 0.189476
v -0.660930 0.950393 0.162853
v -0.662607 0.950393 0.172308
v -0.521879 0.613279 0.200284
v -0.512519 0.614085 0.198930
v -0.662607 0.950393 0.172308
v -0.671630 0.947564 0.173721
v -0.525986 0.612781 0.191666
v -0.521879 0.613279 0.200284
v -0.671630 0.947564 0.173721
v -0.675530 0.945815 0.165139
v -0.519165 0.613279 0.184986
v -0.525986 0.612781 0.191666
v -0.675530 0.945815 0.165139
v -0.668917 0.947564 0.158422
v -0.574743 0.745259 0.188022
v -0.572219 0.745730 0.184259
v -0.601086 0.909913 0.178643
v -0.624093 0.904926 0.208364
v -0.626312 0.905029 0.206665
v -0.603305 0.910016 0.176944
v -0.572972 0.745773 0.183894
v -0.575496 0.745302 0.187657
v -0.575496 0.745302 0.187657
v -0.572972 0.745773 0.183894
v -0.572219 0.745730 0.184259
v -0.574743 0.745259 0.188022
v -0.572219 0.745730 0.184259
v -0.572972 0.745773 0.183894
v -0.603305 0.910016 0.176944
v -0.601086 0.909913 0.178643
v -0.575496 0.745302 0.187657
v -0.574743 0.745259 0.188022
v -0.624093 0.904926 0.208364
v -0.626312 0.905029 0.206665
v -0.626312 0.905029 0.206665
v -0.624093 0.904926 0.208364
v -0.608212 1.059870 0.189666
v -0.608212 1.059870 0.189666
v -0.603305 0.910016 0.176944
v -0.626312 0.905029 0.206665
v -0.601086 0.909913 0.178643
v -0.603305 0.910016 0.176944
v -0.608212 1.059870 0.189666
v -0.624093 0.904926 0.208364
v -0.601086 0.909913 0.178643
v -0.608212 1.059870 0.189666
v -0.520333 0.615275 0.186748
v -0.523905 0.613619 0.194095
v -0.648463 0.744939 0.180925
v -0.614817 0.760694 0.122352
v -0.612400 0.764315 0.124810
v -0.646046 0.748561 0.183383
v -0.523099 0.614790 0.194546
v -0.519527 0.616446 0.187199
v -0.519527 0.616446 0.187199
v -0.523099 0.614790 0.194546
v -0.523905 0.613619 0.194095
v -0.520333 0.615275 0.186748
v -0.523905 0.613619 0.194095
v -0.523099 0.614790 0.194546
v -0.646046 0.748561 0.183383
v -0.648463 0.744939 0.180925
v -0.519527 0.616446 0.187199
v -0.520333 0.615275 0.186748
v -0.614817 0.760694 0.122352
v -0.612400 0.764315 0.124810
v -0.612400 0.764315 0.124810
v -0.614817 0.760694 0.122352
v -0.787177 0.763024 0.132260
v -0.787177 0.763024 0.132260
v -0.646046 0.748561 0.183383
v -0.612400 0.764315 0.124810
v -0.648463 0.744939 0.180925
v -0.646046 0.748561 0.183383
v -0.787177 0.763024 0.132260
v -0.614817 0.760694 0.122352
v -0.648463 0.744939 0.180925
v -0.787177 0.763024 0.132260
v -0.264684 0.012610 0.230655
v -0.261905 0.012356 0.223917
v -0.188305 0.256525 0.220500
v -0.213858 0.266276 0.274708
v -0.217029 0.268755 0.272764
v -0.191477 0.259004 0.218555
v -0.263104 0.012861 0.223595
v -0.265883 0.013116 0.230333
v -0.265883 0.013116 0.230333
v -0.263104 0.012861 0.223595
v -0.261905 0.012356 0.223917
v -0.264684 0.012610 0.230655
v -0.261905 0.012356 0.223917
v -0.263104 0.012861 0.223595
v -0.191477 0.259004 0.218555
v -0.188305 0.256525 0.220500
v -0.265883 0.013116 0.230333
v -0.264684 0.012610 0.230655
v -0.213858 0.266276 0.274708
v -0.217029 0.268755 0.272764
v -0.217029 0.268755 0.272764
v -0.213858 0.266276 0.274708
v -0.055136 0.408581 0.235103
v -0.055136 0.408581 0.235103
v -0.191477 0.259004 0.218555
v -0.217029 0.268755 0.272764
v -0.188305 0.256525 0.220500
v -0.191477 0.259004 0.218555
v -0.055136 0.408581 0.235103
v -0.213858 0.266276 0.274708
v -0.188305 0.256525 0.220500
v -0.055136 0.408581 0.235103
v -0.227366 1.231309 0.229548
v -0.272203 1.207278 0.200140
v -0.274265 1.254590 0.200214
v -0.229222 1.273890 0.229614
v -0.272203 1.207278 0.200140
v -0.316539 1.227451 0.232240
v -0.318395 1.270032 0.232306
v -0.274265 1.254590 0.200214
v -0.257975 1.553783 0.224277
v -0.286066 1.538256 0.215132
v -0.285082 1.538270 0.233518
v -0.227366 1.231309 0.229548
v -0.270397 1.207283 0.247421
v -0.272203 1.207278 0.200140
v -0.270397 1.207283 0.247421
v -0.272415 1.254597 0.247496
v -0.318395 1.270032 0.232306
v -0.316539 1.227451 0.232240
v -0.285082 1.538270 0.233518
v -0.286066 1.538256 0.215132
v -0.314541 1.551335 0.226108
v -0.272203 1.207278 0.200140
v -0.270397 1.207283 0.247421
v -0.316539 1.227451 0.232240
v -0.229222 1.273890 0.229614
v -0.272415 1.254597 0.247496
v -0.270397 1.207283 0.247421
v -0.227366 1.231309 0.229548
v -0.229222 1.273890 0.229614
v -0.274265 1.254590 0.200214
v -0.274761 1.268846 0.203466
v -0.233593 1.285579 0.227457
v -0.233593 1.285579 0.227457
v -0.273147 1.268853 0.244308
v -0.272415 1.254597 0.247496
v -0.229222 1.273890 0.229614
v -0.318395 1.270032 0.232306
v -0.272415 1.254597 0.247496
v -0.273147 1.268853 0.244308
v -0.315220 1.282047 0.229947
v -0.274265 1.254590 0.200214
v -0.318395 1.270032 0.232306
v -0.315220 1.282047 0.229947
v -0.274761 1.268846 0.203466
v -0.233593 1.285579 0.227457
v -0.274761 1.268846 0.203466
v -0.277081 1.322104 0.203549
v -0.235968 1.340086 0.227542
v -0.235968 1.340086 0.227542
v -0.275413 1.322113 0.244392
v -0.273147 1.268853 0.244308
v -0.233593 1.285579 0.227457
v -0.315220 1.282047 0.229947
v -0.273147 1.268853 0.244308
v -0.275413 1.322113 0.244392
v -0.317595 1.336554 0.230032
v -0.274761 1.268846 0.203466
v -0.315220 1.282047 0.229947
v -0.317595 1.336554 0.230032
v -0.277081 1.322104 0.203549
v -0.235968 1.340086 0.227542
v -0.277081 1.322104 0.203549
v -0.277475 1.334997 0.207996
v -0.240311 1.350757 0.225368
v -0.240311 1.350757 0.225368
v -0.276131 1.335006 0.240005
v -0.275413 1.322113 0.244392
v -0.235968 1.340086 0.227542
v -0.317595 1.336554 0.230032
v -0.275413 1.322113 0.244392
v -0.276131 1.335006 0.240005
v -0.314360 1.347552 0.227681
v -0.277081 1.322104 0.203549
v -0.317595 1.336554 0.230032
v -0.314360 1.347552 0.227681
v -0.277475 1.334997 0.207996
v -0.240311 1.350757 0.225368
v -0.277475 1.334997 0.207996
v -0.279460 1.380546 0.208068
v -0.242344 1.397386 0.225441
v -0.242344 1.397386 0.225441
v -0.278069 1.380557 0.240077
v -0.276131 1.335006 0.240005
v -0.240311 1.350757 0.225368
v -0.314360 1.347552 0.227681
v -0.276131 1.335006 0.240005
v -0.278069 1.380557 0.240077
v -0.316392 1.394182 0.227754
v -0.277475 1.334997 0.207996
v -0.314360 1.347552 0.227681
v -0.316392 1.394182 0.227754
v -0.279460 1.380546 0.208068
v -0.242344 1.397386 0.225441
v -0.279460 1.380546 0.208068
v -0.279860 1.392457 0.211239
v -0.245485 1.407998 0.224205
v -0.245485 1.407998 0.224205
v -0.278701 1.392467 0.236954
v -0.278069 1.380557 0.240077
v -0.242344 1.397386 0.225441
v -0.316392 1.394182 0.227754
v -0.278069 1.380557 0.240077
v -0.278701 1.392467 0.236954
v -0.314279 1.405021 0.226396
v -0.279460 1.380546 0.208068
v -0.316392 1.394182 0.227754
v -0.314279 1.405021 0.226396
v -0.279860 1.392457 0.211239
v -0.245485 1.407998 0.224205
v -0.279860 1.392457 0.211239
v -0.282024 1.442119 0.211317
v -0.247597 1.456458 0.224280
v -0.247597 1.456458 0.224280
v -0.280816 1.442131 0.237032
v -0.278701 1.392467 0.236954
v -0.245485 1.407998 0.224205
v -0.314279 1.405021 0.226396
v -0.278701 1.392467 0.236954
v -0.280816 1.442131 0.237032
v -0.316391 1.453481 0.226471
v -0.279860 1.392457 0.211239
v -0.314279 1.405021 0.226396
v -0.316391 1.453481 0.226471
v -0.282024 1.442119 0.211317
v -0.247597 1.456458 0.224280
v -0.282024 1.442119 0.211317
v -0.282410 1.452749 0.213319
v -0.250396 1.464313 0.224177
v -0.250396 1.464313 0.224177
v -0.281356 1.452761 0.235064
v -0.280816 1.442131 0.237032
v -0.247597 1.456458 0.224280
v -0.316391 1.453481 0.226471
v -0.280816 1.442131 0.237032
v -0.281356 1.452761 0.235064
v -0.314299 1.461548 0.226236
v -0.282024 1.442119 0.211317
v -0.316391 1.453481 0.226471
v -0.314299 1.461548 0.226236
v -0.282410 1.452749 0.213319
v -0.250396 1.464313 0.224177
v -0.282410 1.452749 0.213319
v -0.284184 1.493465 0.213382
v -0.252111 1.503670 0.224239
v -0.252111 1.503670 0.224239
v -0.283090 1.493478 0.235128
v -0.281356 1.452761 0.235064
v -0.250396 1.464313 0.224177
v -0.314299 1.461548 0.226236
v -0.281356 1.452761 0.235064
v -0.283090 1.493478 0.235128
v -0.316014 1.500905 0.226297
v -0.282410 1.452749 0.213319
v -0.314299 1.461548 0.226236
v -0.316014 1.500905 0.226297
v -0.284184 1.493465 0.213382
v -0.252111 1.503670 0.224239
v -0.284184 1.493465 0.213382
v -0.284668 1.506168 0.215082
v -0.256270 1.514660 0.224216
v -0.256270 1.514660 0.224216
v -0.283723 1.506180 0.233468
v -0.283090 1.493478 0.235128
v -0.252111 1.503670 0.224239
v -0.316014 1.500905 0.226297
v -0.283090 1.493478 0.235128
v -0.283723 1.506180 0.233468
v -0.312837 1.512212 0.226047
v -0.284184 1.493465 0.213382
v -0.316014 1.500905 0.226297
v -0.312837 1.512212 0.226047
v -0.284668 1.506168 0.215082
v -0.256270 1.514660 0.224216
v -0.284668 1.506168 0.215082
v -0.286066 1.538256 0.215132
v -0.257975 1.553783 0.224277
v -0.257975 1.553783 0.224277
v -0.285082 1.538270 0.233518
v -0.283723 1.506180 0.233468
v -0.256270 1.514660 0.224216
v -0.312837 1.512212 0.226047
v -0.283723 1.506180 0.233468
v -0.285082 1.538270 0.233518
v -0.314541 1.551335 0.226108
v -0.284668 1.506168 0.215082
v -0.312837 1.512212 0.226047
v -0.314541 1.551335 0.226108
v -0.286066 1.538256 0.215132
v -0.265084 0.924693 0.230403
v -0.263187 0.924520 0.225803
v -0.212934 1.091235 0.223470
v -0.230381 1.097893 0.260482
v -0.232546 1.099586 0.259155
v -0.215100 1.092928 0.222142
v -0.264005 0.924865 0.225583
v -0.265903 0.925038 0.230183
v -0.265903 0.925038 0.230183
v -0.264005 0.924865 0.225583
v -0.263187 0.924520 0.225803
v -0.265084 0.924693 0.230403
v -0.263187 0.924520 0.225803
v -0.264005 0.924865 0.225583
v -0.215100 1.092928 0.222142
v -0.212934 1.091235 0.223470
v -0.265903 0.925038 0.230183
v -0.265084 0.924693 0.230403
v -0.230381 1.097893 0.260482
v -0.232546 1.099586 0.259155
v -0.232546 1.099586 0.259155
v -0.230381 1.097893 0.260482
v -0.122007 1.195057 0.233440
v -0.122007 1.195057 0.233440
v -0.215100 1.092928 0.222142
v -0.232546 1.099586 0.259155
v -0.212934 1.091235 0.223470
v -0.215100 1.092928 0.222142
v -0.122007 1.195057 0.233440
v -0.230381 1.097893 0.260482
v -0.212934 1.091235 0.223470
v -0.122007 1.195057 0.233440
v -0.265637 0.004626 0.235387
v -0.256616 0.004626 0.232094
v -0.261997 1.206047 0.232287
v -0.270934 1.207278 0.235576
v -0.256616 0.004626 0.232094
v -0.256960 0.004626 0.222498
v -0.262341 1.206047 0.222691
v -0.261997 1.206047 0.232287
v -0.256960 0.004626 0.222498
v -0.266193 0.004626 0.219859
v -0.271490 1.207278 0.220049
v -0.262341 1.206047 0.222691
v -0.271490 1.207278 0.220049
v -0.266193 0.004626 0.219859
v -0.271556 0.004626 0.227825
v -0.276800 1.208039 0.228013
v -0.271556 0.004626 0.227825
v -0.265637 0.004626 0.235387
v -0.270934 1.207278 0.235576
v -0.276800 1.208039 0.228013
v -0.256616 0.004626 0.232094
v -0.265637 0.004626 0.235387
v -0.263392 0.004626 0.227533
v -0.256960 0.004626 0.222498
v -0.256616 0.004626 0.232094
v -0.263392 0.004626 0.227533
v -0.266193 0.004626 0.219859
v -0.256960 0.004626 0.222498
v -0.263392 0.004626 0.227533
v -0.271556 0.004626 0.227825
v -0.266193 0.004626 0.219859
v -0.263392 0.004626 0.227533
v -0.265637 0.004626 0.235387
v -0.271556 0.004626 0.227825
v -0.263392 0.004626 0.227533
v -0.265956 0.777956 0.222097
v -0.268390 0.777175 0.230047
v -0.337703 1.049493 0.241323
v -0.312612 1.056322 0.176834
v -0.308529 1.058797 0.178687
v -0.333620 1.051968 0.243175
v -0.267116 0.777989 0.230305
v -0.264681 0.778770 0.222355
v -0.264681 0.778770 0.222355
v -0.267116 0.777989 0.230305
v -0.268390 0.777175 0.230047
v -0.265956 0.777956 0.222097
v -0.268390 0.777175 0.230047
v -0.267116 0.777989 0.230305
v -0.333620 1.051968 0.243175
v -0.337703 1.049493 0.241323
v -0.264681 0.778770 0.222355
v -0.265956 0.777956 0.222097
v -0.312612 1.056322 0.176834
v -0.308529 1.058797 0.178687
v -0.308529 1.058797 0.178687
v -0.312612 1.056322 0.176834
v -0.438038 1.163626 0.221210
v -0.438038 1.163626 0.221210
v -0.333620 1.051968 0.243175
v -0.308529 1.058797 0.178687
v -0.337703 1.049493 0.241323
v -0.333620 1.051968 0.243175
v -0.438038 1.163626 0.221210
v -0.312612 1.056322 0.176834
v -0.337703 1.049493 0.241323
v -0.438038 1.163626 0.221210
v -0.266410 0.253527 0.222420
v -0.268845 0.252746 0.230370
v -0.335591 0.476458 0.241554
v -0.310500 0.483287 0.177065
v -0.306417 0.485762 0.178918
v -0.331508 0.478933 0.243406
v -0.267571 0.253559 0.230628
v -0.265136 0.254341 0.222678
v -0.265136 0.254341 0.222678
v -0.267571 0.253559 0.230628
v -0.268845 0.252746 0.230370
v -0.266410 0.253527 0.222420
v -0.268845 0.252746 0.230370
v -0.267571 0.253559 0.230628
v -0.331508 0.478933 0.243406
v -0.335591 0.476458 0.241554
v -0.265136 0.254341 0.222678
v -0.266410 0.253527 0.222420
v -0.310500 0.483287 0.177065
v -0.306417 0.485762 0.178918
v -0.306417 0.485762 0.178918
v -0.310500 0.483287 0.177065
v -0.438493 0.639196 0.221533
v -0.438493 0.639196 0.221533
v -0.331508 0.478933 0.243406
v -0.306417 0.485762 0.178918
v -0.335591 0.476458 0.241554
v -0.331508 0.478933 0.243406
v -0.438493 0.639196 0.221533
v -0.310500 0.483287 0.177065
v -0.335591 0.476458 0.241554
v -0.438493 0.639196 0.221533
v -0.263773 0.428316 0.231586
v -0.261497 0.428108 0.226070
v -0.220867 0.652189 0.223975
v -0.243133 0.653553 0.268406
v -0.246200 0.654790 0.266830
v -0.223934 0.653426 0.222400
v -0.262479 0.428521 0.225806
v -0.264755 0.428729 0.231323
v -0.264755 0.428729 0.231323
v -0.262479 0.428521 0.225806
v -0.261497 0.428108 0.226070
v -0.263773 0.428316 0.231586
v -0.261497 0.428108 0.226070
v -0.262479 0.428521 0.225806
v -0.223934 0.653426 0.222400
v -0.220867 0.652189 0.223975
v -0.264755 0.428729 0.231323
v -0.263773 0.428316 0.231586
v -0.243133 0.653553 0.268406
v -0.246200 0.654790 0.266830
v -0.246200 0.654790 0.266830
v -0.243133 0.653553 0.268406
v -0.156382 0.847164 0.237526
v -0.156382 0.847164 0.237526
v -0.223934 0.653426 0.222400
v -0.246200 0.654790 0.266830
v -0.220867 0.652189 0.223975
v -0.223934 0.653426 0.222400
v -0.156382 0.847164 0.237526
v -0.243133 0.653553 0.268406
v -0.220867 0.652189 0.223975
v -0.156382 0.847164 0.237526
v -0.178742 0.024229 -0.000202
v -0.173550 0.023979 -0.005316
v -0.104473 0.263695 0.020315
v -0.149186 0.273269 0.060218
v -0.151345 0.275703 0.057188
v -0.106632 0.266129 0.017285
v -0.174527 0.024475 -0.006081
v -0.179720 0.024725 -0.000967
v -0.179720 0.024725 -0.000967
v -0.174527 0.024475 -0.006081
v -0.173550 0.023979 -0.005316
v -0.178742 0.024229 -0.000202
v -0.173550 0.023979 -0.005316
v -0.174527 0.024475 -0.006081
v -0.106632 0.266129 0.017285
v -0.104473 0.263695 0.020315
v -0.179720 0.024725 -0.000967
v -0.178742 0.024229 -0.000202
v -0.149186 0.273269 0.060218
v -0.151345 0.275703 0.057188
v -0.151345 0.275703 0.057188
v -0.149186 0.273269 0.060218
v 0.012386 0.412979 0.085824
v 0.012386 0.412979 0.085824
v -0.106632 0.266129 0.017285
v -0.151345 0.275703 0.057188
v -0.104473 0.263695 0.020315
v -0.106632 0.266129 0.017285
v 0.012386 0.412979 0.085824
v -0.149186 0.273269 0.060218
v -0.104473 0.263695 0.020315
v 0.012386 0.412979 0.085824
v -0.143962 1.220702 0.013370
v -0.173731 1.197109 -0.031227
v -0.175658 1.243558 -0.031965
v -0.145696 1.262506 0.012706
v -0.173731 1.197109 -0.031227
v -0.227089 1.216914 -0.019018
v -0.228823 1.258718 -0.019682
v -0.175658 1.243558 -0.031965
v -0.170074 1.537294 -0.003448
v -0.192353 1.522051 -0.022848
v -0.198635 1.522065 -0.005541
v -0.143962 1.220702 0.013370
v -0.190555 1.197114 0.012996
v -0.173731 1.197109 -0.031227
v -0.190555 1.197114 0.012996
v -0.192443 1.243565 0.012276
v -0.228823 1.258718 -0.019682
v -0.227089 1.216914 -0.019018
v -0.198635 1.522065 -0.005541
v -0.192353 1.522051 -0.022848
v -0.222853 1.534891 -0.023880
v -0.173731 1.197109 -0.031227
v -0.190555 1.197114 0.012996
v -0.227089 1.216914 -0.019018
v -0.145696 1.262506 0.012706
v -0.192443 1.243565 0.012276
v -0.190555 1.197114 0.012996
v -0.143962 1.220702 0.013370
v -0.145696 1.262506 0.012706
v -0.175658 1.243558 -0.031965
v -0.177386 1.257554 -0.029166
v -0.148875 1.273982 0.009012
v -0.148875 1.273982 0.009012
v -0.191869 1.257561 0.009056
v -0.192443 1.243565 0.012276
v -0.145696 1.262506 0.012706
v -0.228823 1.258718 -0.019682
v -0.192443 1.243565 0.012276
v -0.191869 1.257561 0.009056
v -0.224979 1.270514 -0.020612
v -0.175658 1.243558 -0.031965
v -0.228823 1.258718 -0.019682
v -0.224979 1.270514 -0.020612
v -0.177386 1.257554 -0.029166
v -0.148875 1.273982 0.009012
v -0.177386 1.257554 -0.029166
v -0.179554 1.309841 -0.029997
v -0.151095 1.327495 0.008161
v -0.151095 1.327495 0.008161
v -0.193988 1.309850 0.008247
v -0.191869 1.257561 0.009056
v -0.148875 1.273982 0.009012
v -0.224979 1.270514 -0.020612
v -0.191869 1.257561 0.009056
v -0.193988 1.309850 0.008247
v -0.227198 1.324027 -0.021462
v -0.177386 1.257554 -0.029166
v -0.224979 1.270514 -0.020612
v -0.227198 1.324027 -0.021462
v -0.179554 1.309841 -0.029997
v -0.151095 1.327495 0.008161
v -0.179554 1.309841 -0.029997
v -0.181656 1.322499 -0.026057
v -0.154243 1.337971 0.004462
v -0.154243 1.337971 0.004462
v -0.192933 1.322507 0.003929
v -0.193988 1.309850 0.008247
v -0.151095 1.327495 0.008161
v -0.227198 1.324027 -0.021462
v -0.193988 1.309850 0.008247
v -0.192933 1.322507 0.003929
v -0.223300 1.334825 -0.022362
v -0.179554 1.309841 -0.029997
v -0.227198 1.324027 -0.021462
v -0.223300 1.334825 -0.022362
v -0.181656 1.322499 -0.026057
v -0.154243 1.337971 0.004462
v -0.181656 1.322499 -0.026057
v -0.183510 1.367217 -0.026768
v -0.156141 1.383750 0.003735
v -0.156141 1.383750 0.003735
v -0.194745 1.367228 0.003237
v -0.192933 1.322507 0.003929
v -0.154243 1.337971 0.004462
v -0.223300 1.334825 -0.022362
v -0.192933 1.322507 0.003929
v -0.194745 1.367228 0.003237
v -0.225199 1.380605 -0.023089
v -0.181656 1.322499 -0.026057
v -0.223300 1.334825 -0.022362
v -0.225199 1.380605 -0.023089
v -0.183510 1.367217 -0.026768
v -0.156141 1.383750 0.003735
v -0.183510 1.367217 -0.026768
v -0.185118 1.378911 -0.024005
v -0.158549 1.394168 0.001368
v -0.158549 1.394168 0.001368
v -0.194106 1.378921 0.000116
v -0.194745 1.367228 0.003237
v -0.156141 1.383750 0.003735
v -0.225199 1.380605 -0.023089
v -0.194745 1.367228 0.003237
v -0.194106 1.378921 0.000116
v -0.222724 1.391246 -0.023513
v -0.183510 1.367217 -0.026768
v -0.225199 1.380605 -0.023089
v -0.222724 1.391246 -0.023513
v -0.185118 1.378911 -0.024005
v -0.158549 1.394168 0.001368
v -0.185118 1.378911 -0.024005
v -0.187140 1.427667 -0.024780
v -0.160522 1.441744 0.000612
v -0.160522 1.441744 0.000612
v -0.196084 1.427679 -0.000640
v -0.194106 1.378921 0.000116
v -0.158549 1.394168 0.001368
v -0.222724 1.391246 -0.023513
v -0.194106 1.378921 0.000116
v -0.196084 1.427679 -0.000640
v -0.224697 1.438822 -0.024269
v -0.185118 1.378911 -0.024005
v -0.222724 1.391246 -0.023513
v -0.224697 1.438822 -0.024269
v -0.187140 1.427667 -0.024780
v -0.160522 1.441744 0.000612
v -0.187140 1.427667 -0.024780
v -0.188278 1.438103 -0.023088
v -0.163058 1.449456 -0.000577
v -0.163058 1.449456 -0.000577
v -0.195811 1.438115 -0.002662
v -0.196084 1.427679 -0.000640
v -0.160522 1.441744 0.000612
v -0.224697 1.438822 -0.024269
v -0.196084 1.427679 -0.000640
v -0.195811 1.438115 -0.002662
v -0.222679 1.446741 -0.023668
v -0.187140 1.427667 -0.024780
v -0.224697 1.438822 -0.024269
v -0.222679 1.446741 -0.023668
v -0.188278 1.438103 -0.023088
v -0.163058 1.449456 -0.000577
v -0.188278 1.438103 -0.023088
v -0.189936 1.478076 -0.023723
v -0.164661 1.488096 -0.001191
v -0.164661 1.488096 -0.001191
v -0.197432 1.478090 -0.003282
v -0.195811 1.438115 -0.002662
v -0.163058 1.449456 -0.000577
v -0.222679 1.446741 -0.023668
v -0.195811 1.438115 -0.002662
v -0.197432 1.478090 -0.003282
v -0.224282 1.485381 -0.024282
v -0.188278 1.438103 -0.023088
v -0.222679 1.446741 -0.023668
v -0.224282 1.485381 -0.024282
v -0.189936 1.478076 -0.023723
v -0.164661 1.488096 -0.001191
v -0.189936 1.478076 -0.023723
v -0.191046 1.490547 -0.022348
v -0.168481 1.498885 -0.002838
v -0.168481 1.498885 -0.002838
v -0.197365 1.490560 -0.005056
v -0.197432 1.478090 -0.003282
v -0.164661 1.488096 -0.001191
v -0.224282 1.485381 -0.024282
v -0.197432 1.478090 -0.003282
v -0.197365 1.490560 -0.005056
v -0.221260 1.496482 -0.023270
v -0.189936 1.478076 -0.023723
v -0.224282 1.485381 -0.024282
v -0.221260 1.496482 -0.023270
v -0.191046 1.490547 -0.022348
v -0.168481 1.498885 -0.002838
v -0.191046 1.490547 -0.022348
v -0.192353 1.522051 -0.022848
v -0.170074 1.537294 -0.003448
v -0.170074 1.537294 -0.003448
v -0.198635 1.522065 -0.005541
v -0.197365 1.490560 -0.005056
v -0.168481 1.498885 -0.002838
v -0.221260 1.496482 -0.023270
v -0.197365 1.490560 -0.005056
v -0.198635 1.522065 -0.005541
v -0.222853 1.534891 -0.023880
v -0.191046 1.490547 -0.022348
v -0.221260 1.496482 -0.023270
v -0.222853 1.534891 -0.023880
v -0.192353 1.522051 -0.022848
v -0.179012 0.919678 -0.000590
v -0.175467 0.919507 -0.004082
v -0.128302 1.083182 0.013419
v -0.158832 1.089719 0.040664
v -0.160306 1.091381 0.038595
v -0.129776 1.084844 0.011350
v -0.176134 0.919846 -0.004604
v -0.179680 0.920017 -0.001112
v -0.179680 0.920017 -0.001112
v -0.176134 0.919846 -0.004604
v -0.175467 0.919507 -0.004082
v -0.179012 0.919678 -0.000590
v -0.175467 0.919507 -0.004082
v -0.176134 0.919846 -0.004604
v -0.129776 1.084844 0.011350
v -0.128302 1.083182 0.013419
v -0.179680 0.920017 -0.001112
v -0.179012 0.919678 -0.000590
v -0.158832 1.089719 0.040664
v -0.160306 1.091381 0.038595
v -0.160306 1.091381 0.038595
v -0.158832 1.089719 0.040664
v -0.048512 1.185111 0.058147
v -0.048512 1.185111 0.058147
v -0.129776 1.084844 0.011350
v -0.160306 1.091381 0.038595
v -0.128302 1.083182 0.013419
v -0.129776 1.084844 0.011350
v -0.048512 1.185111 0.058147
v -0.158832 1.089719 0.040664
v -0.128302 1.083182 0.013419
v -0.048512 1.185111 0.058147
v -0.181469 0.016390 0.003781
v -0.171880 0.016390 0.004278
v -0.176907 1.195901 0.002351
v -0.186418 1.197109 0.001884
v -0.171880 0.016390 0.004278
v -0.168444 0.016390 -0.004689
v -0.173471 1.195901 -0.006616
v -0.176907 1.195901 0.002351
v -0.168444 0.016390 -0.004689
v -0.175910 0.016390 -0.010728
v -0.180859 1.197109 -0.012624
v -0.173471 1.195901 -0.006616
v -0.180859 1.197109 -0.012624
v -0.175910 0.016390 -0.010728
v -0.183960 0.016390 -0.005493
v -0.188861 1.197856 -0.007371
v -0.183960 0.016390 -0.005493
v -0.181469 0.016390 0.003781
v -0.186418 1.197109 0.001884
v -0.188861 1.197856 -0.007371
v -0.171880 0.016390 0.004278
v -0.181469 0.016390 0.003781
v -0.176332 0.016390 -0.002570
v -0.168444 0.016390 -0.004689
v -0.171880 0.016390 0.004278
v -0.176332 0.016390 -0.002570
v -0.175910 0.016390 -0.010728
v -0.168444 0.016390 -0.004689
v -0.176332 0.016390 -0.002570
v -0.183960 0.016390 -0.005493
v -0.175910 0.016390 -0.010728
v -0.176332 0.016390 -0.002570
v -0.181469 0.016390 0.003781
v -0.183960 0.016390 -0.005493
v -0.176332 0.016390 -0.002570
v -0.176566 0.775617 -0.008575
v -0.181916 0.774850 -0.002210
v -0.250119 1.042202 -0.018933
v -0.201811 1.048906 -0.068477
v -0.198778 1.051336 -0.065176
v -0.247086 1.044632 -0.015631
v -0.180843 0.775649 -0.001475
v -0.175494 0.776416 -0.007840
v -0.175494 0.776416 -0.007840
v -0.180843 0.775649 -0.001475
v -0.181916 0.774850 -0.002210
v -0.176566 0.775617 -0.008575
v -0.181916 0.774850 -0.002210
v -0.180843 0.775649 -0.001475
v -0.247086 1.044632 -0.015631
v -0.250119 1.042202 -0.018933
v -0.175494 0.776416 -0.007840
v -0.176566 0.775617 -0.008575
v -0.201811 1.048906 -0.068477
v -0.198778 1.051336 -0.065176
v -0.198778 1.051336 -0.065176
v -0.201811 1.048906 -0.068477
v -0.334603 1.154252 -0.076674
v -0.334603 1.154252 -0.076674
v -0.247086 1.044632 -0.015631
v -0.198778 1.051336 -0.065176
v -0.250119 1.042202 -0.018933
v -0.247086 1.044632 -0.015631
v -0.334603 1.154252 -0.076674
v -0.201811 1.048906 -0.068477
v -0.250119 1.042202 -0.018933
v -0.334603 1.154252 -0.076674
v -0.177111 0.260752 -0.008456
v -0.182461 0.259985 -0.002091
v -0.248265 0.479618 -0.017894
v -0.199958 0.486322 -0.067439
v -0.196924 0.488752 -0.064137
v -0.245232 0.482048 -0.014593
v -0.181388 0.260784 -0.001355
v -0.176039 0.261551 -0.007720
v -0.176039 0.261551 -0.007720
v -0.181388 0.260784 -0.001355
v -0.182461 0.259985 -0.002091
v -0.177111 0.260752 -0.008456
v -0.182461 0.259985 -0.002091
v -0.181388 0.260784 -0.001355
v -0.245232 0.482048 -0.014593
v -0.248265 0.479618 -0.017894
v -0.176039 0.261551 -0.007720
v -0.177111 0.260752 -0.008456
v -0.199958 0.486322 -0.067439
v -0.196924 0.488752 -0.064137
v -0.196924 0.488752 -0.064137
v -0.199958 0.486322 -0.067439
v -0.335148 0.639388 -0.076554
v -0.335148 0.639388 -0.076554
v -0.245232 0.482048 -0.014593
v -0.196924 0.488752 -0.064137
v -0.248265 0.479618 -0.017894
v -0.245232 0.482048 -0.014593
v -0.335148 0.639388 -0.076554
v -0.199958 0.486322 -0.067439
v -0.248265 0.479618 -0.017894
v -0.335148 0.639388 -0.076554
v -0.178268 0.432353 0.001012
v -0.174016 0.432149 -0.003176
v -0.135801 0.652143 0.010783
v -0.173667 0.653483 0.042970
v -0.175874 0.654697 0.040321
v -0.138008 0.653358 0.008134
v -0.174817 0.432555 -0.003802
v -0.179068 0.432759 0.000385
v -0.179068 0.432759 0.000385
v -0.174817 0.432555 -0.003802
v -0.174016 0.432149 -0.003176
v -0.178268 0.432353 0.001012
v -0.174016 0.432149 -0.003176
v -0.174817 0.432555 -0.003802
v -0.138008 0.653358 0.008134
v -0.135801 0.652143 0.010783
v -0.179068 0.432759 0.000385
v -0.178268 0.432353 0.001012
v -0.173667 0.653483 0.042970
v -0.175874 0.654697 0.040321
v -0.175874 0.654697 0.040321
v -0.173667 0.653483 0.042970
v -0.081749 0.843563 0.048468
v -0.081749 0.843563 0.048468
v -0.138008 0.653358 0.008134
v -0.175874 0.654697 0.040321
v -0.135801 0.652143 0.010783
v -0.138008 0.653358 0.008134
v -0.081749 0.843563 0.048468
v -0.173667 0.653483 0.042970
v -0.135801 0.652143 0.010783
v -0.081749 0.843563 0.048468
v -0.467927 0.030844 -0.022045
v -0.472334 0.030584 -0.016211
v -0.519918 0.240744 -0.022776
v -0.479752 0.242466 -0.068543
v -0.476607 0.243994 -0.065725
v -0.516773 0.242273 -0.019959
v -0.471253 0.031095 -0.015594
v -0.466845 0.031355 -0.021428
v -0.466845 0.031355 -0.021428
v -0.471253 0.031095 -0.015594
v -0.472334 0.030584 -0.016211
v -0.467927 0.030844 -0.022045
v -0.472334 0.030584 -0.016211
v -0.471253 0.031095 -0.015594
v -0.516773 0.242273 -0.019959
v -0.519918 0.240744 -0.022776
v -0.466845 0.031355 -0.021428
v -0.467927 0.030844 -0.022045
v -0.479752 0.242466 -0.068543
v -0.476607 0.243994 -0.065725
v -0.476607 0.243994 -0.065725
v -0.479752 0.242466 -0.068543
v -0.574777 0.557848 -0.061684
v -0.574777 0.557848 -0.061684
v -0.516773 0.242273 -0.019959
v -0.476607 0.243994 -0.065725
v -0.519918 0.240744 -0.022776
v -0.516773 0.242273 -0.019959
v -0.574777 0.557848 -0.061684
v -0.479752 0.242466 -0.068543
v -0.519918 0.240744 -0.022776
v -0.574777 0.557848 -0.061684
v -0.509927 1.067673 -0.025192
v -0.534080 1.032014 -0.065222
v -0.548962 1.076934 -0.069878
v -0.523321 1.108101 -0.029382
v -0.534080 1.032014 -0.065222
v -0.590288 1.038389 -0.050857
v -0.603681 1.078818 -0.055047
v -0.548962 1.076934 -0.069878
v -0.624400 1.369160 -0.067670
v -0.642475 1.346271 -0.083954
v -0.647678 1.346378 -0.066293
v -0.509927 1.067673 -0.025192
v -0.548105 1.032051 -0.020034
v -0.534080 1.032014 -0.065222
v -0.548105 1.032051 -0.020034
v -0.562949 1.076985 -0.024675
v -0.603681 1.078818 -0.055047
v -0.590288 1.038389 -0.050857
v -0.647678 1.346378 -0.066293
v -0.642475 1.346271 -0.083954
v -0.675417 1.350583 -0.083835
v -0.534080 1.032014 -0.065222
v -0.548105 1.032051 -0.020034
v -0.590288 1.038389 -0.050857
v -0.523321 1.108101 -0.029382
v -0.562949 1.076985 -0.024675
v -0.548105 1.032051 -0.020034
v -0.509927 1.067673 -0.025192
v -0.523321 1.108101 -0.029382
v -0.548962 1.076934 -0.069878
v -0.554402 1.090472 -0.068193
v -0.529764 1.118115 -0.033820
v -0.529764 1.118115 -0.033820
v -0.566470 1.090522 -0.029142
v -0.562949 1.076985 -0.024675
v -0.523321 1.108101 -0.029382
v -0.603681 1.078818 -0.055047
v -0.562949 1.076985 -0.024675
v -0.566470 1.090522 -0.029142
v -0.603334 1.091309 -0.057289
v -0.548962 1.076934 -0.069878
v -0.603681 1.078818 -0.055047
v -0.603334 1.091309 -0.057289
v -0.554402 1.090472 -0.068193
v -0.529764 1.118115 -0.033820
v -0.554402 1.090472 -0.068193
v -0.571154 1.141038 -0.073434
v -0.546909 1.169866 -0.039184
v -0.546909 1.169866 -0.039184
v -0.583173 1.141106 -0.034364
v -0.566470 1.090522 -0.029142
v -0.529764 1.118115 -0.033820
v -0.603334 1.091309 -0.057289
v -0.566470 1.090522 -0.029142
v -0.583173 1.141106 -0.034364
v -0.620479 1.143060 -0.062653
v -0.554402 1.090472 -0.068193
v -0.603334 1.091309 -0.057289
v -0.620479 1.143060 -0.062653
v -0.571154 1.141038 -0.073434
v -0.546909 1.169866 -0.039184
v -0.571154 1.141038 -0.073434
v -0.576524 1.153282 -0.070472
v -0.553043 1.178909 -0.043542
v -0.553043 1.178909 -0.043542
v -0.585910 1.153347 -0.039841
v -0.583173 1.141106 -0.034364
v -0.546909 1.169866 -0.039184
v -0.620479 1.143060 -0.062653
v -0.583173 1.141106 -0.034364
v -0.585910 1.153347 -0.039841
v -0.619799 1.154591 -0.064781
v -0.571154 1.141038 -0.073434
v -0.620479 1.143060 -0.062653
v -0.619799 1.154591 -0.064781
v -0.576524 1.153282 -0.070472
v -0.553043 1.178909 -0.043542
v -0.576524 1.153282 -0.070472
v -0.590851 1.196528 -0.074954
v -0.567710 1.223181 -0.048130
v -0.567710 1.223181 -0.048130
v -0.600196 1.196609 -0.044307
v -0.585910 1.153347 -0.039841
v -0.553043 1.178909 -0.043542
v -0.619799 1.154591 -0.064781
v -0.585910 1.153347 -0.039841
v -0.600196 1.196609 -0.044307
v -0.634466 1.198864 -0.069370
v -0.576524 1.153282 -0.070472
v -0.619799 1.154591 -0.064781
v -0.634466 1.198864 -0.069370
v -0.590851 1.196528 -0.074954
v -0.567710 1.223181 -0.048130
v -0.590851 1.196528 -0.074954
v -0.595534 1.207838 -0.073113
v -0.573053 1.232502 -0.051214
v -0.573053 1.232502 -0.051214
v -0.603005 1.207916 -0.048480
v -0.600196 1.196609 -0.044307
v -0.567710 1.223181 -0.048130
v -0.634466 1.198864 -0.069370
v -0.600196 1.196609 -0.044307
v -0.603005 1.207916 -0.048480
v -0.635086 1.209910 -0.070906
v -0.590851 1.196528 -0.074954
v -0.634466 1.198864 -0.069370
v -0.635086 1.209910 -0.070906
v -0.595534 1.207838 -0.073113
v -0.573053 1.232502 -0.051214
v -0.595534 1.207838 -0.073113
v -0.611155 1.254990 -0.077999
v -0.588296 1.278512 -0.055983
v -0.588296 1.278512 -0.055983
v -0.618582 1.255084 -0.053351
v -0.603005 1.207916 -0.048480
v -0.573053 1.232502 -0.051214
v -0.635086 1.209910 -0.070906
v -0.603005 1.207916 -0.048480
v -0.618582 1.255084 -0.053351
v -0.650329 1.255919 -0.075675
v -0.595534 1.207838 -0.073113
v -0.635086 1.209910 -0.070906
v -0.650329 1.255919 -0.075675
v -0.611155 1.254990 -0.077999
v -0.588296 1.278512 -0.055983
v -0.611155 1.254990 -0.077999
v -0.615086 1.265084 -0.077148
v -0.592947 1.285267 -0.057651
v -0.592947 1.285267 -0.057651
v -0.621338 1.265175 -0.056294
v -0.618582 1.255084 -0.053351
v -0.588296 1.278512 -0.055983
v -0.650329 1.255919 -0.075675
v -0.618582 1.255084 -0.053351
v -0.621338 1.265175 -0.056294
v -0.650577 1.264281 -0.075921
v -0.611155 1.254990 -0.077999
v -0.650329 1.255919 -0.075675
v -0.650577 1.264281 -0.075921
v -0.615086 1.265084 -0.077148
v -0.592947 1.285267 -0.057651
v -0.615086 1.265084 -0.077148
v -0.627893 1.303741 -0.081154
v -0.605327 1.322635 -0.061524
v -0.605327 1.322635 -0.061524
v -0.634109 1.303845 -0.060288
v -0.621338 1.265175 -0.056294
v -0.592947 1.285267 -0.057651
v -0.650577 1.264281 -0.075921
v -0.621338 1.265175 -0.056294
v -0.634109 1.303845 -0.060288
v -0.662957 1.301648 -0.079794
v -0.615086 1.265084 -0.077148
v -0.650577 1.264281 -0.075921
v -0.662957 1.301648 -0.079794
v -0.627893 1.303741 -0.081154
v -0.605327 1.322635 -0.061524
v -0.627893 1.303741 -0.081154
v -0.632382 1.315805 -0.080796
v -0.612094 1.332015 -0.063821
v -0.612094 1.332015 -0.063821
v -0.637620 1.315899 -0.063147
v -0.634109 1.303845 -0.060288
v -0.605327 1.322635 -0.061524
v -0.662957 1.301648 -0.079794
v -0.634109 1.303845 -0.060288
v -0.637620 1.315899 -0.063147
v -0.663111 1.313438 -0.079985
v -0.627893 1.303741 -0.081154
v -0.662957 1.301648 -0.079794
v -0.663111 1.313438 -0.079985
v -0.632382 1.315805 -0.080796
v -0.612094 1.332015 -0.063821
v -0.632382 1.315805 -0.080796
v -0.642475 1.346271 -0.083954
v -0.624400 1.369160 -0.067670
v -0.624400 1.369160 -0.067670
v -0.647678 1.346378 -0.066293
v -0.637620 1.315899 -0.063147
v -0.612094 1.332015 -0.063821
v -0.663111 1.313438 -0.079985
v -0.637620 1.315899 -0.063147
v -0.647678 1.346378 -0.066293
v -0.675417 1.350583 -0.083835
v -0.632382 1.315805 -0.080796
v -0.663111 1.313438 -0.079985
v -0.675417 1.350583 -0.083835
v -0.642475 1.346271 -0.083954
v -0.459683 0.287958 -0.013179
v -0.459542 0.288090 -0.019794
v -0.438434 0.395644 -0.052419
v -0.434517 0.393694 0.012046
v -0.438932 0.395161 0.012359
v -0.442849 0.397111 -0.052106
v -0.460432 0.288371 -0.019807
v -0.460573 0.288239 -0.013192
v -0.460573 0.288239 -0.013192
v -0.460432 0.288371 -0.019807
v -0.459542 0.288090 -0.019794
v -0.459683 0.287958 -0.013179
v -0.459542 0.288090 -0.019794
v -0.460432 0.288371 -0.019807
v -0.442849 0.397111 -0.052106
v -0.438434 0.395644 -0.052419
v -0.460573 0.288239 -0.013192
v -0.459683 0.287958 -0.013179
v -0.434517 0.393694 0.012046
v -0.438932 0.395161 0.012359
v -0.438932 0.395161 0.012359
v -0.434517 0.393694 0.012046
v -0.367423 0.661121 0.004886
v -0.367423 0.661121 0.004886
v -0.442849 0.397111 -0.052106
v -0.438932 0.395161 0.012359
v -0.438434 0.395644 -0.052419
v -0.442849 0.397111 -0.052106
v -0.367423 0.661121 0.004886
v -0.434517 0.393694 0.012046
v -0.438434 0.395644 -0.052419
v -0.367423 0.661121 0.004886
v -0.474184 0.015684 -0.012510
v -0.464716 0.014088 -0.012657
v -0.449801 0.659845 -0.007991
v -0.459265 0.660583 -0.007842
v -0.464716 0.014088 -0.012657
v -0.461849 0.014088 -0.021821
v -0.446934 0.659845 -0.017155
v -0.449801 0.659845 -0.007991
v -0.461849 0.014088 -0.021821
v -0.469545 0.015684 -0.027338
v -0.454626 0.660583 -0.022671
v -0.446934 0.659845 -0.017155
v -0.469545 0.015684 -0.027338
v -0.477169 0.016671 -0.021583
v -0.462247 0.661040 -0.016915
v -0.454626 0.660583 -0.022671
v -0.477169 0.016671 -0.021583
v -0.474184 0.015684 -0.012510
v -0.459265 0.660583 -0.007842
v -0.462247 0.661040 -0.016915
v -0.464716 0.014088 -0.012657
v -0.474184 0.015684 -0.012510
v -0.469493 0.015243 -0.019182
v -0.461849 0.014088 -0.021821
v -0.464716 0.014088 -0.012657
v -0.469493 0.015243 -0.019182
v -0.469545 0.015684 -0.027338
v -0.461849 0.014088 -0.021821
v -0.469493 0.015243 -0.019182
v -0.477169 0.016671 -0.021583
v -0.469545 0.015684 -0.027338
v -0.469493 0.015243 -0.019182
v -0.474184 0.015684 -0.012510
v -0.477169 0.016671 -0.021583
v -0.469493 0.015243 -0.019182
v -0.446934 0.659845 -0.017155
v -0.454626 0.660583 -0.022671
v -0.539122 1.032014 -0.049105
v -0.531396 1.033424 -0.043578
v -0.449801 0.659845 -0.007991
v -0.446934 0.659845 -0.017155
v -0.531396 1.033424 -0.043578
v -0.534263 1.033424 -0.034414
v -0.459265 0.660583 -0.007842
v -0.449801 0.659845 -0.007991
v -0.534263 1.033424 -0.034414
v -0.543761 1.032014 -0.034276
v -0.462247 0.661040 -0.016915
v -0.459265 0.660583 -0.007842
v -0.543761 1.032014 -0.034276
v -0.546764 1.031143 -0.043355
v -0.454626 0.660583 -0.022671
v -0.462247 0.661040 -0.016915
v -0.546764 1.031143 -0.043355
v -0.539122 1.032014 -0.049105
v -0.486277 0.806206 -0.019269
v -0.483239 0.806372 -0.022662
v -0.482030 0.980884 -0.022795
v -0.509248 0.978791 0.003563
v -0.511179 0.979331 0.001612
v -0.483960 0.981424 -0.024746
v -0.483920 0.806557 -0.023114
v -0.486958 0.806391 -0.019721
v -0.486958 0.806391 -0.019721
v -0.483920 0.806557 -0.023114
v -0.483239 0.806372 -0.022662
v -0.486277 0.806206 -0.019269
v -0.483239 0.806372 -0.022662
v -0.483920 0.806557 -0.023114
v -0.483960 0.981424 -0.024746
v -0.482030 0.980884 -0.022795
v -0.486958 0.806391 -0.019721
v -0.486277 0.806206 -0.019269
v -0.509248 0.978791 0.003563
v -0.511179 0.979331 0.001612
v -0.511179 0.979331 0.001612
v -0.509248 0.978791 0.003563
v -0.464219 1.136470 -0.004547
v -0.464219 1.136470 -0.004547
v -0.483960 0.981424 -0.024746
v -0.511179 0.979331 0.001612
v -0.482030 0.980884 -0.022795
v -0.483960 0.981424 -0.024746
v -0.464219 1.136470 -0.004547
v -0.509248 0.978791 0.003563
v -0.482030 0.980884 -0.022795
v -0.464219 1.136470 -0.004547
v -0.455648 0.662789 -0.020958
v -0.460383 0.661472 -0.014206
v -0.557465 0.818779 -0.035370
v -0.514220 0.831029 -0.088427
v -0.511544 0.834274 -0.085497
v -0.554789 0.822024 -0.032440
v -0.459449 0.662527 -0.013597
v -0.454714 0.663845 -0.020348
v -0.454714 0.663845 -0.020348
v -0.459449 0.662527 -0.013597
v -0.460383 0.661472 -0.014206
v -0.455648 0.662789 -0.020958
v -0.460383 0.661472 -0.014206
v -0.459449 0.662527 -0.013597
v -0.554789 0.822024 -0.032440
v -0.557465 0.818779 -0.035370
v -0.454714 0.663845 -0.020348
v -0.455648 0.662789 -0.020958
v -0.514220 0.831029 -0.088427
v -0.511544 0.834274 -0.085497
v -0.511544 0.834274 -0.085497
v -0.514220 0.831029 -0.088427
v -0.683563 0.862792 -0.099641
v -0.683563 0.862792 -0.099641
v -0.554789 0.822024 -0.032440
v -0.511544 0.834274 -0.085497
v -0.557465 0.818779 -0.035370
v -0.554789 0.822024 -0.032440
v -0.683563 0.862792 -0.099641
v -0.514220 0.831029 -0.088427
v -0.557465 0.818779 -0.035370
v -0.683563 0.862792 -0.099641
v 0.657285 0.007884 -0.013721
v 0.654266 0.007632 -0.007087
v 0.580591 0.248710 -0.006306
v 0.608067 0.258338 -0.059565
v 0.611168 0.260786 -0.057508
v 0.583691 0.251158 -0.004249
v 0.655453 0.008131 -0.006722
v 0.658472 0.008382 -0.013356
v 0.658472 0.008382 -0.013356
v 0.655453 0.008131 -0.006722
v 0.654266 0.007632 -0.007087
v 0.657285 0.007884 -0.013721
v 0.654266 0.007632 -0.007087
v 0.655453 0.008131 -0.006722
v 0.583691 0.251158 -0.004249
v 0.580591 0.248710 -0.006306
v 0.658472 0.008382 -0.013356
v 0.657285 0.007884 -0.013721
v 0.608067 0.258338 -0.059565
v 0.611168 0.260786 -0.057508
v 0.611168 0.260786 -0.057508
v 0.608067 0.258338 -0.059565
v 0.448030 0.398842 -0.025666
v 0.448030 0.398842 -0.025666
v 0.583691 0.251158 -0.004249
v 0.611168 0.260786 -0.057508
v 0.580591 0.248710 -0.006306
v 0.583691 0.251158 -0.004249
v 0.448030 0.398842 -0.025666
v 0.608067 0.258338 -0.059565
v 0.580591 0.248710 -0.006306
v 0.448030 0.398842 -0.025666
v 0.619951 1.211155 -0.013950
v 0.663706 1.187428 0.017043
v 0.665769 1.234141 0.017043
v 0.621808 1.253196 -0.013950
v 0.663706 1.187428 0.017043
v 0.709163 1.207345 -0.013449
v 0.711020 1.249387 -0.013449
v 0.665769 1.234141 0.017043
v 0.650352 1.529546 -0.007587
v 0.678097 1.514216 0.002557
v 0.677771 1.514230 -0.015852
v 0.619951 1.211155 -0.013950
v 0.663594 1.187432 -0.030272
v 0.663706 1.187428 0.017043
v 0.663594 1.187432 -0.030272
v 0.665614 1.234147 -0.030274
v 0.711020 1.249387 -0.013449
v 0.709163 1.207345 -0.013449
v 0.677771 1.514230 -0.015852
v 0.678097 1.514216 0.002557
v 0.706947 1.527129 -0.007392
v 0.663706 1.187428 0.017043
v 0.663594 1.187432 -0.030272
v 0.709163 1.207345 -0.013449
v 0.621808 1.253196 -0.013950
v 0.665614 1.234147 -0.030274
v 0.663594 1.187432 -0.030272
v 0.619951 1.211155 -0.013950
v 0.621808 1.253196 -0.013950
v 0.665769 1.234141 0.017043
v 0.666382 1.248216 0.013811
v 0.626099 1.264737 -0.011638
v 0.626099 1.264737 -0.011638
v 0.666231 1.248223 -0.027062
v 0.665614 1.234147 -0.030274
v 0.621808 1.253196 -0.013950
v 0.711020 1.249387 -0.013449
v 0.665614 1.234147 -0.030274
v 0.666231 1.248223 -0.027062
v 0.707763 1.261250 -0.011205
v 0.665769 1.234141 0.017043
v 0.711020 1.249387 -0.013449
v 0.707763 1.261250 -0.011205
v 0.666382 1.248216 0.013811
v 0.626099 1.264737 -0.011638
v 0.666382 1.248216 0.013811
v 0.668704 1.300800 0.013811
v 0.628476 1.318554 -0.011638
v 0.628476 1.318554 -0.011638
v 0.668498 1.300809 -0.027065
v 0.666231 1.248223 -0.027062
v 0.626099 1.264737 -0.011638
v 0.707763 1.261250 -0.011205
v 0.666231 1.248223 -0.027062
v 0.668498 1.300809 -0.027065
v 0.710140 1.315067 -0.011205
v 0.666382 1.248216 0.013811
v 0.707763 1.261250 -0.011205
v 0.710140 1.315067 -0.011205
v 0.668704 1.300800 0.013811
v 0.628476 1.318554 -0.011638
v 0.668704 1.300800 0.013811
v 0.669256 1.313530 0.009381
v 0.632738 1.329090 -0.009310
v 0.632738 1.329090 -0.009310
v 0.669058 1.313538 -0.022655
v 0.668498 1.300809 -0.027065
v 0.628476 1.318554 -0.011638
v 0.710140 1.315067 -0.011205
v 0.668498 1.300809 -0.027065
v 0.669058 1.313538 -0.022655
v 0.706822 1.325926 -0.008971
v 0.668704 1.300800 0.013811
v 0.710140 1.315067 -0.011205
v 0.706822 1.325926 -0.008971
v 0.669256 1.313530 0.009381
v 0.632738 1.329090 -0.009310
v 0.669256 1.313530 0.009381
v 0.671243 1.358502 0.009381
v 0.634772 1.375129 -0.009310
v 0.634772 1.375129 -0.009310
v 0.670998 1.358513 -0.022658
v 0.669058 1.313538 -0.022655
v 0.632738 1.329090 -0.009310
v 0.706822 1.325926 -0.008971
v 0.669058 1.313538 -0.022655
v 0.670998 1.358513 -0.022658
v 0.708855 1.371966 -0.008971
v 0.669256 1.313530 0.009381
v 0.706822 1.325926 -0.008971
v 0.708855 1.371966 -0.008971
v 0.671243 1.358502 0.009381
v 0.634772 1.375129 -0.009310
v 0.671243 1.358502 0.009381
v 0.671756 1.370262 0.006225
v 0.637867 1.385607 -0.007962
v 0.637867 1.385607 -0.007962
v 0.671518 1.370272 -0.019514
v 0.670998 1.358513 -0.022658
v 0.634772 1.375129 -0.009310
v 0.708855 1.371966 -0.008971
v 0.670998 1.358513 -0.022658
v 0.671518 1.370272 -0.019514
v 0.706695 1.382668 -0.007689
v 0.671243 1.358502 0.009381
v 0.708855 1.371966 -0.008971
v 0.706695 1.382668 -0.007689
v 0.671756 1.370262 0.006225
v 0.637867 1.385607 -0.007962
v 0.671756 1.370262 0.006225
v 0.673921 1.419295 0.006225
v 0.639980 1.433453 -0.007962
v 0.639980 1.433453 -0.007962
v 0.673635 1.419308 -0.019516
v 0.671518 1.370272 -0.019514
v 0.637867 1.385607 -0.007962
v 0.706695 1.382668 -0.007689
v 0.671518 1.370272 -0.019514
v 0.673635 1.419308 -0.019516
v 0.708809 1.430514 -0.007689
v 0.671756 1.370262 0.006225
v 0.706695 1.382668 -0.007689
v 0.708809 1.430514 -0.007689
v 0.673921 1.419295 0.006225
v 0.639980 1.433453 -0.007962
v 0.673921 1.419295 0.006225
v 0.674378 1.429791 0.004239
v 0.642774 1.441209 -0.007759
v 0.642774 1.441209 -0.007759
v 0.674104 1.429803 -0.017530
v 0.673635 1.419308 -0.019516
v 0.639980 1.433453 -0.007962
v 0.708809 1.430514 -0.007689
v 0.673635 1.419308 -0.019516
v 0.674104 1.429803 -0.017530
v 0.706709 1.438478 -0.007528
v 0.673921 1.419295 0.006225
v 0.708809 1.430514 -0.007689
v 0.706709 1.438478 -0.007528
v 0.674378 1.429791 0.004239
v 0.642774 1.441209 -0.007759
v 0.674378 1.429791 0.004239
v 0.676154 1.469991 0.004239
v 0.644490 1.480068 -0.007759
v 0.644490 1.480068 -0.007759
v 0.675839 1.470005 -0.017532
v 0.674104 1.429803 -0.017530
v 0.642774 1.441209 -0.007759
v 0.706709 1.438478 -0.007528
v 0.674104 1.429803 -0.017530
v 0.675839 1.470005 -0.017532
v 0.708425 1.477337 -0.007528
v 0.674378 1.429791 0.004239
v 0.706709 1.438478 -0.007528
v 0.708425 1.477337 -0.007528
v 0.676154 1.469991 0.004239
v 0.644490 1.480068 -0.007759
v 0.676154 1.469991 0.004239
v 0.676698 1.482533 0.002557
v 0.648646 1.490918 -0.007587
v 0.648646 1.490918 -0.007587
v 0.676412 1.482545 -0.015851
v 0.675839 1.470005 -0.017532
v 0.644490 1.480068 -0.007759
v 0.708425 1.477337 -0.007528
v 0.675839 1.470005 -0.017532
v 0.676412 1.482545 -0.015851
v 0.705241 1.488502 -0.007392
v 0.676154 1.469991 0.004239
v 0.708425 1.477337 -0.007528
v 0.705241 1.488502 -0.007392
v 0.676698 1.482533 0.002557
v 0.648646 1.490918 -0.007587
v 0.676698 1.482533 0.002557
v 0.678097 1.514216 0.002557
v 0.650352 1.529546 -0.007587
v 0.650352 1.529546 -0.007587
v 0.677771 1.514230 -0.015852
v 0.676412 1.482545 -0.015851
v 0.648646 1.490918 -0.007587
v 0.705241 1.488502 -0.007392
v 0.676412 1.482545 -0.015851
v 0.677771 1.514230 -0.015852
v 0.706947 1.527129 -0.007392
v 0.676698 1.482533 0.002557
v 0.705241 1.488502 -0.007392
v 0.706947 1.527129 -0.007392
v 0.678097 1.514216 0.002557
v 0.657676 0.908420 -0.013455
v 0.655614 0.908249 -0.008925
v 0.605310 1.072853 -0.008393
v 0.624071 1.079427 -0.044757
v 0.626188 1.081099 -0.043352
v 0.607427 1.074525 -0.006988
v 0.656425 0.908589 -0.008676
v 0.658486 0.908761 -0.013206
v 0.658486 0.908761 -0.013206
v 0.656425 0.908589 -0.008676
v 0.655614 0.908249 -0.008925
v 0.657676 0.908420 -0.013455
v 0.655614 0.908249 -0.008925
v 0.656425 0.908589 -0.008676
v 0.607427 1.074525 -0.006988
v 0.605310 1.072853 -0.008393
v 0.658486 0.908761 -0.013206
v 0.657676 0.908420 -0.013455
v 0.624071 1.079427 -0.044757
v 0.626188 1.081099 -0.043352
v 0.626188 1.081099 -0.043352
v 0.624071 1.079427 -0.044757
v 0.514799 1.175361 -0.021611
v 0.514799 1.175361 -0.021611
v 0.607427 1.074525 -0.006988
v 0.626188 1.081099 -0.043352
v 0.605310 1.072853 -0.008393
v 0.607427 1.074525 -0.006988
v 0.514799 1.175361 -0.021611
v 0.624071 1.079427 -0.044757
v 0.605310 1.072853 -0.008393
v 0.514799 1.175361 -0.021611
v 0.658406 0.000000 -0.018415
v 0.649274 0.000000 -0.015448
v 0.654658 1.186212 -0.015448
v 0.663706 1.187428 -0.018415
v 0.649274 0.000000 -0.015448
v 0.649274 0.000000 -0.005845
v 0.654658 1.186212 -0.005845
v 0.654658 1.186212 -0.015448
v 0.649274 0.000000 -0.005845
v 0.658406 0.000000 -0.002878
v 0.663706 1.187428 -0.002878
v 0.654658 1.186212 -0.005845
v 0.663706 1.187428 -0.002878
v 0.658406 0.000000 -0.002878
v 0.664050 0.000000 -0.010647
v 0.669299 1.188179 -0.010647
v 0.664050 0.000000 -0.010647
v 0.658406 0.000000 -0.018415
v 0.663706 1.187428 -0.018415
v 0.669299 1.188179 -0.010647
v 0.649274 0.000000 -0.015448
v 0.658406 0.000000 -0.018415
v 0.655882 0.000000 -0.010647
v 0.649274 0.000000 -0.005845
v 0.649274 0.000000 -0.015448
v 0.655882 0.000000 -0.010647
v 0.658406 0.000000 -0.002878
v 0.649274 0.000000 -0.005845
v 0.655882 0.000000 -0.010647
v 0.664050 0.000000 -0.010647
v 0.658406 0.000000 -0.002878
v 0.655882 0.000000 -0.010647
v 0.658406 0.000000 -0.018415
v 0.664050 0.000000 -0.010647
v 0.655882 0.000000 -0.010647
v 0.658249 0.763541 -0.005123
v 0.660967 0.762769 -0.012981
v 0.730638 1.031640 -0.021768
v 0.703256 1.038382 0.041781
v 0.699242 1.040826 0.039783
v 0.726624 1.034084 -0.023766
v 0.659702 0.763573 -0.013284
v 0.656984 0.764344 -0.005426
v 0.656984 0.764344 -0.005426
v 0.659702 0.763573 -0.013284
v 0.660967 0.762769 -0.012981
v 0.658249 0.763541 -0.005123
v 0.660967 0.762769 -0.012981
v 0.659702 0.763573 -0.013284
v 0.726624 1.034084 -0.023766
v 0.730638 1.031640 -0.021768
v 0.656984 0.764344 -0.005426
v 0.658249 0.763541 -0.005123
v 0.703256 1.038382 0.041781
v 0.699242 1.040826 0.039783
v 0.699242 1.040826 0.039783
v 0.703256 1.038382 0.041781
v 0.830189 1.144328 0.001922
v 0.830189 1.144328 0.001922
v 0.726624 1.034084 -0.023766
v 0.699242 1.040826 0.039783
v 0.730638 1.031640 -0.021768
v 0.726624 1.034084 -0.023766
v 0.830189 1.144328 0.001922
v 0.703256 1.038382 0.041781
v 0.730638 1.031640 -0.021768
v 0.830189 1.144328 0.001922
v 0.658715 0.245750 -0.005429
v 0.661433 0.244979 -0.013287
v 0.728536 0.465860 -0.022075
v 0.701153 0.472602 0.041475
v 0.697139 0.475046 0.039477
v 0.724522 0.468303 -0.024072
v 0.660168 0.245782 -0.013590
v 0.657450 0.246554 -0.005733
v 0.657450 0.246554 -0.005733
v 0.660168 0.245782 -0.013590
v 0.661433 0.244979 -0.013287
v 0.658715 0.245750 -0.005429
v 0.661433 0.244979 -0.013287
v 0.660168 0.245782 -0.013590
v 0.724522 0.468303 -0.024072
v 0.728536 0.465860 -0.022075
v 0.657450 0.246554 -0.005733
v 0.658715 0.245750 -0.005429
v 0.701153 0.472602 0.041475
v 0.697139 0.475046 0.039477
v 0.697139 0.475046 0.039477
v 0.701153 0.472602 0.041475
v 0.830655 0.626537 0.001616
v 0.830655 0.626537 0.001616
v 0.724522 0.468303 -0.024072
v 0.697139 0.475046 0.039477
v 0.728536 0.465860 -0.022075
v 0.724522 0.468303 -0.024072
v 0.830655 0.626537 0.001616
v 0.701153 0.472602 0.041475
v 0.728536 0.465860 -0.022075
v 0.830655 0.626537 0.001616
v 0.656407 0.418327 -0.014684
v 0.653936 0.418121 -0.009253
v 0.613256 0.639365 -0.008614
v 0.637098 0.640712 -0.052219
v 0.640107 0.641934 -0.050534
v 0.616265 0.640587 -0.006930
v 0.654907 0.418529 -0.008954
v 0.657379 0.418735 -0.014386
v 0.657379 0.418735 -0.014386
v 0.654907 0.418529 -0.008954
v 0.653936 0.418121 -0.009253
v 0.656407 0.418327 -0.014684
v 0.653936 0.418121 -0.009253
v 0.654907 0.418529 -0.008954
v 0.616265 0.640587 -0.006930
v 0.613256 0.639365 -0.008614
v 0.657379 0.418735 -0.014386
v 0.656407 0.418327 -0.014684
v 0.637098 0.640712 -0.052219
v 0.640107 0.641934 -0.050534
v 0.640107 0.641934 -0.050534
v 0.637098 0.640712 -0.052219
v 0.549298 0.831873 -0.024464
v 0.549298 0.831873 -0.024464
v 0.616265 0.640587 -0.006930
v 0.640107 0.641934 -0.050534
v 0.613256 0.639365 -0.008614
v 0.616265 0.640587 -0.006930
v 0.549298 0.831873 -0.024464
v 0.637098 0.640712 -0.052219
v 0.613256 0.639365 -0.008614
v 0.549298 0.831873 -0.024464
v 0.253831 0.015817 0.006367
v 0.257603 0.015114 0.000136
v 0.340790 0.218174 0.009863
v 0.305656 0.224314 0.059263
v 0.302585 0.226540 0.056814
v 0.337719 0.220400 0.007414
v 0.256576 0.015846 -0.000356
v 0.252804 0.016549 0.005875
v 0.252804 0.016549 0.005875
v 0.256576 0.015846 -0.000356
v 0.257603 0.015114 0.000136
v 0.253831 0.015817 0.006367
v 0.257603 0.015114 0.000136
v 0.256576 0.015846 -0.000356
v 0.337719 0.220400 0.007414
v 0.340790 0.218174 0.009863
v 0.252804 0.016549 0.005875
v 0.253831 0.015817 0.006367
v 0.305656 0.224314 0.059263
v 0.302585 0.226540 0.056814
v 0.302585 0.226540 0.056814
v 0.305656 0.224314 0.059263
v 0.452213 0.525906 0.054996
v 0.452213 0.525906 0.054996
v 0.337719 0.220400 0.007414
v 0.302585 0.226540 0.056814
v 0.340790 0.218174 0.009863
v 0.337719 0.220400 0.007414
v 0.452213 0.525906 0.054996
v 0.305656 0.224314 0.059263
v 0.340790 0.218174 0.009863
v 0.452213 0.525906 0.054996
v 0.472508 1.052043 0.043533
v 0.493610 1.009899 0.079759
v 0.516298 1.052325 0.084627
v 0.492927 1.090226 0.047914
v 0.493610 1.009899 0.079759
v 0.548610 1.007498 0.060374
v 0.569029 1.045681 0.064755
v 0.516298 1.052325 0.084627
v 0.640080 1.333701 0.085995
v 0.655329 1.306713 0.099641
v 0.658912 1.306876 0.081582
v 0.472508 1.052043 0.043533
v 0.503440 1.009956 0.033476
v 0.493610 1.009899 0.079759
v 0.503440 1.009956 0.033476
v 0.526091 1.052403 0.038334
v 0.569029 1.045681 0.064755
v 0.548610 1.007498 0.060374
v 0.658912 1.306876 0.081582
v 0.655329 1.306713 0.099641
v 0.688385 1.305442 0.096558
v 0.493610 1.009899 0.079759
v 0.503440 1.009956 0.033476
v 0.548610 1.007498 0.060374
v 0.492927 1.090226 0.047914
v 0.526091 1.052403 0.038334
v 0.503440 1.009956 0.033476
v 0.472508 1.052043 0.043533
v 0.492927 1.090226 0.047914
v 0.516298 1.052325 0.084627
v 0.523804 1.065113 0.082932
v 0.501349 1.098969 0.052086
v 0.501349 1.098969 0.052086
v 0.532249 1.065188 0.042940
v 0.526091 1.052403 0.038334
v 0.492927 1.090226 0.047914
v 0.569029 1.045681 0.064755
v 0.526091 1.052403 0.038334
v 0.532249 1.065188 0.042940
v 0.571018 1.058193 0.067477
v 0.516298 1.052325 0.084627
v 0.569029 1.045681 0.064755
v 0.571018 1.058193 0.067477
v 0.523804 1.065113 0.082932
v 0.501349 1.098969 0.052086
v 0.523804 1.065113 0.082932
v 0.549343 1.112871 0.088411
v 0.527488 1.147847 0.057694
v 0.527488 1.147847 0.057694
v 0.557742 1.112974 0.048407
v 0.532249 1.065188 0.042940
v 0.501349 1.098969 0.052086
v 0.571018 1.058193 0.067477
v 0.532249 1.065188 0.042940
v 0.557742 1.112974 0.048407
v 0.597156 1.107071 0.073085
v 0.523804 1.065113 0.082932
v 0.571018 1.058193 0.067477
v 0.597156 1.107071 0.073085
v 0.549343 1.112871 0.088411
v 0.527488 1.147847 0.057694
v 0.549343 1.112871 0.088411
v 0.556446 1.124436 0.085404
v 0.535433 1.155670 0.061779
v 0.535433 1.155670 0.061779
v 0.562998 1.124535 0.054045
v 0.557742 1.112974 0.048407
v 0.527488 1.147847 0.057694
v 0.597156 1.107071 0.073085
v 0.557742 1.112974 0.048407
v 0.562998 1.124535 0.054045
v 0.598645 1.118679 0.075689
v 0.549343 1.112871 0.088411
v 0.597156 1.107071 0.073085
v 0.598645 1.118679 0.075689
v 0.556446 1.124436 0.085404
v 0.535433 1.155670 0.061779
v 0.556446 1.124436 0.085404
v 0.578289 1.165281 0.090091
v 0.557793 1.197484 0.066577
v 0.557793 1.197484 0.066577
v 0.584801 1.165404 0.058720
v 0.562998 1.124535 0.054045
v 0.535433 1.155670 0.061779
v 0.598645 1.118679 0.075689
v 0.562998 1.124535 0.054045
v 0.584801 1.165404 0.058720
v 0.621006 1.160493 0.080487
v 0.556446 1.124436 0.085404
v 0.598645 1.118679 0.075689
v 0.621006 1.160493 0.080487
v 0.578289 1.165281 0.090091
v 0.557793 1.197484 0.066577
v 0.578289 1.165281 0.090091
v 0.584657 1.175965 0.088230
v 0.564898 1.205790 0.069480
v 0.564898 1.205790 0.069480
v 0.589854 1.176083 0.063019
v 0.584801 1.165404 0.058720
v 0.557793 1.197484 0.066577
v 0.621006 1.160493 0.080487
v 0.584801 1.165404 0.058720
v 0.589854 1.176083 0.063019
v 0.623636 1.171423 0.082362
v 0.578289 1.165281 0.090091
v 0.621006 1.160493 0.080487
v 0.623636 1.171423 0.082362
v 0.584657 1.175965 0.088230
v 0.564898 1.205790 0.069480
v 0.584657 1.175965 0.088230
v 0.608471 1.220498 0.093339
v 0.588136 1.249244 0.074466
v 0.588136 1.249244 0.074466
v 0.613627 1.220641 0.068118
v 0.589854 1.176083 0.063019
v 0.564898 1.205790 0.069480
v 0.623636 1.171423 0.082362
v 0.589854 1.176083 0.063019
v 0.613627 1.220641 0.068118
v 0.646874 1.214877 0.087348
v 0.584657 1.175965 0.088230
v 0.623636 1.171423 0.082362
v 0.646874 1.214877 0.087348
v 0.608471 1.220498 0.093339
v 0.588136 1.249244 0.074466
v 0.608471 1.220498 0.093339
v 0.613980 1.230033 0.092490
v 0.594001 1.255162 0.075932
v 0.594001 1.255162 0.075932
v 0.618313 1.230170 0.071155
v 0.613627 1.220641 0.068118
v 0.588136 1.249244 0.074466
v 0.646874 1.214877 0.087348
v 0.613627 1.220641 0.068118
v 0.618313 1.230170 0.071155
v 0.648568 1.223238 0.087876
v 0.608471 1.220498 0.093339
v 0.646874 1.214877 0.087348
v 0.648568 1.223238 0.087876
v 0.613980 1.230033 0.092490
v 0.594001 1.255162 0.075932
v 0.613980 1.230033 0.092490
v 0.633505 1.266543 0.096679
v 0.612875 1.290454 0.079982
v 0.612875 1.290454 0.079982
v 0.637803 1.266700 0.075335
v 0.618313 1.230170 0.071155
v 0.594001 1.255162 0.075932
v 0.648568 1.223238 0.087876
v 0.618313 1.230170 0.071155
v 0.637803 1.266700 0.075335
v 0.667442 1.258530 0.091925
v 0.613980 1.230033 0.092490
v 0.648568 1.223238 0.087876
v 0.667442 1.258530 0.091925
v 0.633505 1.266543 0.096679
v 0.612875 1.290454 0.079982
v 0.633505 1.266543 0.096679
v 0.639941 1.277938 0.096340
v 0.621320 1.298619 0.081969
v 0.621320 1.298619 0.081969
v 0.643558 1.278081 0.078289
v 0.637803 1.266700 0.075335
v 0.612875 1.290454 0.079982
v 0.667442 1.258530 0.091925
v 0.637803 1.266700 0.075335
v 0.643558 1.278081 0.078289
v 0.669624 1.270360 0.092533
v 0.633505 1.266543 0.096679
v 0.667442 1.258530 0.091925
v 0.669624 1.270360 0.092533
v 0.639941 1.277938 0.096340
v 0.621320 1.298619 0.081969
v 0.639941 1.277938 0.096340
v 0.655329 1.306713 0.099641
v 0.640080 1.333701 0.085995
v 0.640080 1.333701 0.085995
v 0.658912 1.306876 0.081582
v 0.643558 1.278081 0.078289
v 0.621320 1.298619 0.081969
v 0.669624 1.270360 0.092533
v 0.643558 1.278081 0.078289
v 0.658912 1.306876 0.081582
v 0.688385 1.305442 0.096558
v 0.639941 1.277938 0.096340
v 0.669624 1.270360 0.092533
v 0.688385 1.305442 0.096558
v 0.655329 1.306713 0.099641
v 0.288906 0.276477 0.007756
v 0.289366 0.276281 0.014355
v 0.289876 0.386393 0.052755
v 0.280076 0.388536 -0.011076
v 0.284632 0.389277 -0.011752
v 0.294432 0.387133 0.052080
v 0.290289 0.276412 0.014294
v 0.289828 0.276608 0.007695
v 0.289828 0.276608 0.007695
v 0.290289 0.276412 0.014294
v 0.289366 0.276281 0.014355
v 0.288906 0.276477 0.007756
v 0.289366 0.276281 0.014355
v 0.290289 0.276412 0.014294
v 0.294432 0.387133 0.052080
v 0.289876 0.386393 0.052755
v 0.289828 0.276608 0.007695
v 0.288906 0.276477 0.007756
v 0.280076 0.388536 -0.011076
v 0.284632 0.389277 -0.011752
v 0.284632 0.389277 -0.011752
v 0.280076 0.388536 -0.011076
v 0.260553 0.668756 0.012212
v 0.260553 0.668756 0.012212
v 0.294432 0.387133 0.052080
v 0.284632 0.389277 -0.011752
v 0.289876 0.386393 0.052755
v 0.294432 0.387133 0.052080
v 0.260553 0.668756 0.012212
v 0.280076 0.388536 -0.011076
v 0.289876 0.386393 0.052755
v 0.260553 0.668756 0.012212
v 0.256550 0.000000 -0.004268
v 0.246998 0.000000 -0.003282
v 0.342305 0.652739 0.017167
v 0.351707 0.651876 0.016149
v 0.246998 0.000000 -0.003282
v 0.244984 0.000000 0.006107
v 0.340291 0.652739 0.026556
v 0.342305 0.652739 0.017167
v 0.244984 0.000000 0.006107
v 0.253291 0.000000 0.010924
v 0.348447 0.651876 0.031341
v 0.340291 0.652739 0.026556
v 0.253291 0.000000 0.010924
v 0.260439 0.000000 0.004512
v 0.355503 0.651343 0.024909
v 0.348447 0.651876 0.031341
v 0.260439 0.000000 0.004512
v 0.256550 0.000000 -0.004268
v 0.351707 0.651876 0.016149
v 0.355503 0.651343 0.024909
v 0.246998 0.000000 -0.003282
v 0.256550 0.000000 -0.004268
v 0.252452 0.000000 0.002799
v 0.244984 0.000000 0.006107
v 0.246998 0.000000 -0.003282
v 0.252452 0.000000 0.002799
v 0.253291 0.000000 0.010924
v 0.244984 0.000000 0.006107
v 0.252452 0.000000 0.002799
v 0.260439 0.000000 0.004512
v 0.253291 0.000000 0.010924
v 0.252452 0.000000 0.002799
v 0.256550 0.000000 -0.004268
v 0.260439 0.000000 0.004512
v 0.252452 0.000000 0.002799
v 0.340291 0.652739 0.026556
v 0.348447 0.651876 0.031341
v 0.497153 1.009899 0.063247
v 0.489330 1.012930 0.058533
v 0.342305 0.652739 0.017167
v 0.340291 0.652739 0.026556
v 0.489330 1.012930 0.058533
v 0.491344 1.012930 0.049145
v 0.351707 0.651876 0.016149
v 0.342305 0.652739 0.017167
v 0.491344 1.012930 0.049145
v 0.500412 1.009899 0.048055
v 0.355503 0.651343 0.024909
v 0.351707 0.651876 0.016149
v 0.500412 1.009899 0.048055
v 0.504002 1.008026 0.056771
v 0.348447 0.651876 0.031341
v 0.355503 0.651343 0.024909
v 0.504002 1.008026 0.056771
v 0.497153 1.009899 0.063247
v 0.404099 0.793228 0.030296
v 0.401442 0.793733 0.033966
v 0.430089 0.969575 0.040611
v 0.454145 0.964234 0.011733
v 0.456302 0.964344 0.013510
v 0.432246 0.969686 0.042388
v 0.402182 0.793779 0.034357
v 0.404838 0.793274 0.030688
v 0.404838 0.793274 0.030688
v 0.402182 0.793779 0.034357
v 0.401442 0.793733 0.033966
v 0.404099 0.793228 0.030296
v 0.401442 0.793733 0.033966
v 0.402182 0.793779 0.034357
v 0.432246 0.969686 0.042388
v 0.430089 0.969575 0.040611
v 0.404838 0.793274 0.030688
v 0.404099 0.793228 0.030296
v 0.454145 0.964234 0.011733
v 0.456302 0.964344 0.013510
v 0.456302 0.964344 0.013510
v 0.454145 0.964234 0.011733
v 0.437605 1.130181 0.029850
v 0.437605 1.130181 0.029850
v 0.432246 0.969686 0.042388
v 0.456302 0.964344 0.013510
v 0.430089 0.969575 0.040611
v 0.432246 0.969686 0.042388
v 0.437605 1.130181 0.029850
v 0.454145 0.964234 0.011733
v 0.430089 0.969575 0.040611
v 0.437605 1.130181 0.029850
v 0.349678 0.654014 0.029621
v 0.353511 0.652240 0.022407
v 0.477517 0.792886 0.040026
v 0.441796 0.809759 0.097357
v 0.439469 0.813638 0.094815
v 0.475190 0.796765 0.037484
v 0.352722 0.653495 0.021928
v 0.348889 0.655268 0.029142
v 0.348889 0.655268 0.029142
v 0.352722 0.653495 0.021928
v 0.353511 0.652240 0.022407
v 0.349678 0.654014 0.029621
v 0.353511 0.652240 0.022407
v 0.352722 0.653495 0.021928
v 0.475190 0.796765 0.037484
v 0.477517 0.792886 0.040026
v 0.348889 0.655268 0.029142
v 0.349678 0.654014 0.029621
v 0.441796 0.809759 0.097357
v 0.439469 0.813638 0.094815
v 0.439469 0.813638 0.094815
v 0.441796 0.809759 0.097357
v 0.614400 0.812254 0.093625
v 0.614400 0.812254 0.093625
v 0.475190 0.796765 0.037484
v 0.439469 0.813638 0.094815
v 0.477517 0.792886 0.040026
v 0.475190 0.796765 0.037484
v 0.614400 0.812254 0.093625
v 0.441796 0.809759 0.097357
v 0.477517 0.792886 0.040026
v 0.614400 0.812254 0.093625
v 0.095764 0.008552 -0.023407
v 0.092746 0.008279 -0.016773
v 0.019071 0.269787 -0.015993
v 0.046547 0.280231 -0.069252
v 0.049647 0.282887 -0.067195
v 0.022171 0.272443 -0.013936
v 0.093932 0.008820 -0.016409
v 0.096951 0.009093 -0.023043
v 0.096951 0.009093 -0.023043
v 0.093932 0.008820 -0.016409
v 0.092746 0.008279 -0.016773
v 0.095764 0.008552 -0.023407
v 0.092746 0.008279 -0.016773
v 0.093932 0.008820 -0.016409
v 0.022171 0.272443 -0.013936
v 0.019071 0.269787 -0.015993
v 0.096951 0.009093 -0.023043
v 0.095764 0.008552 -0.023407
v 0.046547 0.280231 -0.069252
v 0.049647 0.282887 -0.067195
v 0.049647 0.282887 -0.067195
v 0.046547 0.280231 -0.069252
v -0.113491 0.432642 -0.035353
v -0.113491 0.432642 -0.035353
v 0.022171 0.272443 -0.013936
v 0.049647 0.282887 -0.067195
v 0.019071 0.269787 -0.015993
v 0.022171 0.272443 -0.013936
v -0.113491 0.432642 -0.035353
v 0.046547 0.280231 -0.069252
v 0.019071 0.269787 -0.015993
v -0.113491 0.432642 -0.035353
v 0.058431 1.313795 -0.023637
v 0.102186 1.288057 0.007357
v 0.104249 1.338729 0.007357
v 0.060288 1.359399 -0.023637
v 0.102186 1.288057 0.007357
v 0.147643 1.309662 -0.023135
v 0.149500 1.355267 -0.023135
v 0.104249 1.338729 0.007357
v 0.088831 1.659168 -0.017274
v 0.116577 1.642539 -0.007130
v 0.116251 1.642554 -0.025539
v 0.058431 1.313795 -0.023637
v 0.102073 1.288062 -0.039958
v 0.102186 1.288057 0.007357
v 0.102073 1.288062 -0.039958
v 0.104093 1.338736 -0.039961
v 0.149500 1.355267 -0.023135
v 0.147643 1.309662 -0.023135
v 0.116251 1.642554 -0.025539
v 0.116577 1.642539 -0.007130
v 0.145427 1.656547 -0.017079
v 0.102186 1.288057 0.007357
v 0.102073 1.288062 -0.039958
v 0.147643 1.309662 -0.023135
v 0.060288 1.359399 -0.023637
v 0.104093 1.338736 -0.039961
v 0.102073 1.288062 -0.039958
v 0.058431 1.313795 -0.023637
v 0.060288 1.359399 -0.023637
v 0.104249 1.338729 0.007357
v 0.104861 1.353997 0.004125
v 0.064578 1.371918 -0.021325
v 0.064578 1.371918 -0.021325
v 0.104710 1.354004 -0.036749
v 0.104093 1.338736 -0.039961
v 0.060288 1.359399 -0.023637
v 0.149500 1.355267 -0.023135
v 0.104093 1.338736 -0.039961
v 0.104710 1.354004 -0.036749
v 0.146243 1.368135 -0.020892
v 0.104249 1.338729 0.007357
v 0.149500 1.355267 -0.023135
v 0.146243 1.368135 -0.020892
v 0.104861 1.353997 0.004125
v 0.064578 1.371918 -0.021325
v 0.104861 1.353997 0.004125
v 0.107184 1.411038 0.004125
v 0.066955 1.430296 -0.021325
v 0.066955 1.430296 -0.021325
v 0.106978 1.411047 -0.036752
v 0.104710 1.354004 -0.036749
v 0.064578 1.371918 -0.021325
v 0.146243 1.368135 -0.020892
v 0.104710 1.354004 -0.036749
v 0.106978 1.411047 -0.036752
v 0.148619 1.426513 -0.020892
v 0.104861 1.353997 0.004125
v 0.146243 1.368135 -0.020892
v 0.148619 1.426513 -0.020892
v 0.107184 1.411038 0.004125
v 0.066955 1.430296 -0.021325
v 0.107184 1.411038 0.004125
v 0.107736 1.424846 -0.000306
v 0.071218 1.441724 -0.018997
v 0.071218 1.441724 -0.018997
v 0.107538 1.424855 -0.032342
v 0.106978 1.411047 -0.036752
v 0.066955 1.430296 -0.021325
v 0.148619 1.426513 -0.020892
v 0.106978 1.411047 -0.036752
v 0.107538 1.424855 -0.032342
v 0.145302 1.438293 -0.018657
v 0.107184 1.411038 0.004125
v 0.148619 1.426513 -0.020892
v 0.145302 1.438293 -0.018657
v 0.107736 1.424846 -0.000306
v 0.071218 1.441724 -0.018997
v 0.107736 1.424846 -0.000306
v 0.109722 1.473630 -0.000306
v 0.073251 1.491666 -0.018997
v 0.073251 1.491666 -0.018997
v 0.109477 1.473641 -0.032344
v 0.107538 1.424855 -0.032342
v 0.071218 1.441724 -0.018997
v 0.145302 1.438293 -0.018657
v 0.107538 1.424855 -0.032342
v 0.109477 1.473641 -0.032344
v 0.147335 1.488234 -0.018657
v 0.107736 1.424846 -0.000306
v 0.145302 1.438293 -0.018657
v 0.147335 1.488234 -0.018657
v 0.109722 1.473630 -0.000306
v 0.073251 1.491666 -0.018997
v 0.109722 1.473630 -0.000306
v 0.110235 1.486386 -0.003461
v 0.076347 1.503031 -0.017649
v 0.076347 1.503031 -0.017649
v 0.109998 1.486397 -0.029201
v 0.109477 1.473641 -0.032344
v 0.073251 1.491666 -0.018997
v 0.147335 1.488234 -0.018657
v 0.109477 1.473641 -0.032344
v 0.109998 1.486397 -0.029201
v 0.145175 1.499843 -0.017376
v 0.109722 1.473630 -0.000306
v 0.147335 1.488234 -0.018657
v 0.145175 1.499843 -0.017376
v 0.110235 1.486386 -0.003461
v 0.076347 1.503031 -0.017649
v 0.110235 1.486386 -0.003461
v 0.112401 1.539575 -0.003461
v 0.078460 1.554932 -0.017649
v 0.078460 1.554932 -0.017649
v 0.112115 1.539588 -0.029203
v 0.109998 1.486397 -0.029201
v 0.076347 1.503031 -0.017649
v 0.145175 1.499843 -0.017376
v 0.109998 1.486397 -0.029201
v 0.112115 1.539588 -0.029203
v 0.147288 1.551744 -0.017376
v 0.110235 1.486386 -0.003461
v 0.145175 1.499843 -0.017376
v 0.147288 1.551744 -0.017376
v 0.112401 1.539575 -0.003461
v 0.078460 1.554932 -0.017649
v 0.112401 1.539575 -0.003461
v 0.112858 1.550960 -0.005448
v 0.081253 1.563345 -0.017446
v 0.081253 1.563345 -0.017446
v 0.112583 1.550973 -0.027217
v 0.112115 1.539588 -0.029203
v 0.078460 1.554932 -0.017649
v 0.147288 1.551744 -0.017376
v 0.112115 1.539588 -0.029203
v 0.112583 1.550973 -0.027217
v 0.145189 1.560383 -0.017215
v 0.112401 1.539575 -0.003461
v 0.147288 1.551744 -0.017376
v 0.145189 1.560383 -0.017215
v 0.112858 1.550960 -0.005448
v 0.081253 1.563345 -0.017446
v 0.112858 1.550960 -0.005448
v 0.114633 1.594567 -0.005448
v 0.082969 1.605497 -0.017446
v 0.082969 1.605497 -0.017446
v 0.114319 1.594581 -0.027219
v 0.112583 1.550973 -0.027217
v 0.081253 1.563345 -0.017446
v 0.145189 1.560383 -0.017215
v 0.112583 1.550973 -0.027217
v 0.114319 1.594581 -0.027219
v 0.146905 1.602535 -0.017215
v 0.112858 1.550960 -0.005448
v 0.145189 1.560383 -0.017215
v 0.146905 1.602535 -0.017215
v 0.114633 1.594567 -0.005448
v 0.082969 1.605497 -0.017446
v 0.114633 1.594567 -0.005448
v 0.115178 1.608172 -0.007130
v 0.087126 1.617267 -0.017274
v 0.087126 1.617267 -0.017274
v 0.114891 1.608185 -0.025538
v 0.114319 1.594581 -0.027219
v 0.082969 1.605497 -0.017446
v 0.146905 1.602535 -0.017215
v 0.114319 1.594581 -0.027219
v 0.114891 1.608185 -0.025538
v 0.143721 1.614646 -0.017079
v 0.114633 1.594567 -0.005448
v 0.146905 1.602535 -0.017215
v 0.143721 1.614646 -0.017079
v 0.115178 1.608172 -0.007130
v 0.087126 1.617267 -0.017274
v 0.115178 1.608172 -0.007130
v 0.116577 1.642539 -0.007130
v 0.088831 1.659168 -0.017274
v 0.088831 1.659168 -0.017274
v 0.116251 1.642554 -0.025539
v 0.114891 1.608185 -0.025538
v 0.087126 1.617267 -0.017274
v 0.143721 1.614646 -0.017079
v 0.114891 1.608185 -0.025538
v 0.116251 1.642554 -0.025539
v 0.145427 1.656547 -0.017079
v 0.115178 1.608172 -0.007130
v 0.143721 1.614646 -0.017079
v 0.145427 1.656547 -0.017079
v 0.116577 1.642539 -0.007130
v 0.096155 0.985405 -0.023142
v 0.094094 0.985219 -0.018612
v 0.043790 1.163773 -0.018079
v 0.062550 1.170904 -0.054444
v 0.064667 1.172717 -0.053039
v 0.045907 1.165586 -0.016675
v 0.094905 0.985588 -0.018363
v 0.096966 0.985774 -0.022893
v 0.096966 0.985774 -0.022893
v 0.094905 0.985588 -0.018363
v 0.094094 0.985219 -0.018612
v 0.096155 0.985405 -0.023142
v 0.094094 0.985219 -0.018612
v 0.094905 0.985588 -0.018363
v 0.045907 1.165586 -0.016675
v 0.043790 1.163773 -0.018079
v 0.096966 0.985774 -0.022893
v 0.096155 0.985405 -0.023142
v 0.062550 1.170904 -0.054444
v 0.064667 1.172717 -0.053039
v 0.064667 1.172717 -0.053039
v 0.062550 1.170904 -0.054444
v -0.046721 1.274968 -0.031298
v -0.046721 1.274968 -0.031298
v 0.045907 1.165586 -0.016675
v 0.064667 1.172717 -0.053039
v 0.043790 1.163773 -0.018079
v 0.045907 1.165586 -0.016675
v -0.046721 1.274968 -0.031298
v 0.062550 1.170904 -0.054444
v 0.043790 1.163773 -0.018079
v -0.046721 1.274968 -0.031298
v 0.096886 0.000000 -0.028102
v 0.087753 0.000000 -0.025135
v 0.093137 1.286739 -0.025135
v 0.102186 1.288057 -0.028102
v 0.087753 0.000000 -0.025135
v 0.087753 0.000000 -0.015532
v 0.093137 1.286739 -0.015532
v 0.093137 1.286739 -0.025135
v 0.087753 0.000000 -0.015532
v 0.096886 0.000000 -0.012565
v 0.102186 1.288057 -0.012565
v 0.093137 1.286739 -0.015532
v 0.102186 1.288057 -0.012565
v 0.096886 0.000000 -0.012565
v 0.102530 0.000000 -0.020333
v 0.107778 1.288872 -0.020333
v 0.102530 0.000000 -0.020333
v 0.096886 0.000000 -0.028102
v 0.102186 1.288057 -0.028102
v 0.107778 1.288872 -0.020333
v 0.087753 0.000000 -0.025135
v 0.096886 0.000000 -0.028102
v 0.094362 0.000000 -0.020333
v 0.087753 0.000000 -0.015532
v 0.087753 0.000000 -0.025135
v 0.094362 0.000000 -0.020333
v 0.096886 0.000000 -0.012565
v 0.087753 0.000000 -0.015532
v 0.094362 0.000000 -0.020333
v 0.102530 0.000000 -0.020333
v 0.096886 0.000000 -0.012565
v 0.094362 0.000000 -0.020333
v 0.096886 0.000000 -0.028102
v 0.102530 0.000000 -0.020333
v 0.094362 0.000000 -0.020333
v 0.096729 0.828248 -0.014810
v 0.099446 0.827411 -0.022667
v 0.169118 1.119068 -0.031455
v 0.141735 1.126381 0.032094
v 0.137721 1.129032 0.030097
v 0.165104 1.121718 -0.033453
v 0.098182 0.828282 -0.022970
v 0.095464 0.829119 -0.015113
v 0.095464 0.829119 -0.015113
v 0.098182 0.828282 -0.022970
v 0.099446 0.827411 -0.022667
v 0.096729 0.828248 -0.014810
v 0.099446 0.827411 -0.022667
v 0.098182 0.828282 -0.022970
v 0.165104 1.121718 -0.033453
v 0.169118 1.119068 -0.031455
v 0.095464 0.829119 -0.015113
v 0.096729 0.828248 -0.014810
v 0.141735 1.126381 0.032094
v 0.137721 1.129032 0.030097
v 0.137721 1.129032 0.030097
v 0.141735 1.126381 0.032094
v 0.268669 1.241305 -0.007765
v 0.268669 1.241305 -0.007765
v 0.165104 1.121718 -0.033453
v 0.137721 1.129032 0.030097
v 0.169118 1.119068 -0.031455
v 0.165104 1.121718 -0.033453
v 0.268669 1.241305 -0.007765
v 0.141735 1.126381 0.032094
v 0.169118 1.119068 -0.031455
v 0.268669 1.241305 -0.007765
v 0.097195 0.266577 -0.015116
v 0.099913 0.265740 -0.022974
v 0.167015 0.505339 -0.031762
v 0.139633 0.512653 0.031788
v 0.135619 0.515304 0.029790
v 0.163002 0.507990 -0.033759
v 0.098648 0.266611 -0.023277
v 0.095930 0.267448 -0.015419
v 0.095930 0.267448 -0.015419
v 0.098648 0.266611 -0.023277
v 0.099913 0.265740 -0.022974
v 0.097195 0.266577 -0.015116
v 0.099913 0.265740 -0.022974
v 0.098648 0.266611 -0.023277
v 0.163002 0.507990 -0.033759
v 0.167015 0.505339 -0.031762
v 0.095930 0.267448 -0.015419
v 0.097195 0.266577 -0.015116
v 0.139633 0.512653 0.031788
v 0.135619 0.515304 0.029790
v 0.135619 0.515304 0.029790
v 0.139633 0.512653 0.031788
v 0.269135 0.679634 -0.008071
v 0.269135 0.679634 -0.008071
v 0.163002 0.507990 -0.033759
v 0.135619 0.515304 0.029790
v 0.167015 0.505339 -0.031762
v 0.163002 0.507990 -0.033759
v 0.269135 0.679634 -0.008071
v 0.139633 0.512653 0.031788
v 0.167015 0.505339 -0.031762
v 0.269135 0.679634 -0.008071
v 0.094887 0.453778 -0.024371
v 0.092415 0.453555 -0.018939
v 0.051736 0.693549 -0.018301
v 0.075578 0.695010 -0.061905
v 0.078587 0.696335 -0.060221
v 0.054745 0.694874 -0.016616
v 0.093387 0.453998 -0.018641
v 0.095859 0.454221 -0.024072
v 0.095859 0.454221 -0.024072
v 0.093387 0.453998 -0.018641
v 0.092415 0.453555 -0.018939
v 0.094887 0.453778 -0.024371
v 0.092415 0.453555 -0.018939
v 0.093387 0.453998 -0.018641
v 0.054745 0.694874 -0.016616
v 0.051736 0.693549 -0.018301
v 0.095859 0.454221 -0.024072
v 0.094887 0.453778 -0.024371
v 0.075578 0.695010 -0.061905
v 0.078587 0.696335 -0.060221
v 0.078587 0.696335 -0.060221
v 0.075578 0.695010 -0.061905
v -0.012222 0.902370 -0.034151
v -0.012222 0.902370 -0.034151
v 0.054745 0.694874 -0.016616
v 0.078587 0.696335 -0.060221
v 0.051736 0.693549 -0.018301
v 0.054745 0.694874 -0.016616
v -0.012222 0.902370 -0.034151
v 0.075578 0.695010 -0.061905
v 0.051736 0.693549 -0.018301
v -0.012222 0.902370 -0.034151
v -0.178742 0.024229 0.403521
v -0.173550 0.023979 0.398407
v -0.104473 0.263695 0.424038
v -0.149186 0.273269 0.463941
v -0.151345 0.275703 0.460911
v -0.106632 0.266129 0.421008
v -0.174527 0.024475 0.397642
v -0.179720 0.024725 0.402756
v -0.179720 0.024725 0.402756
v -0.174527 0.024475 0.397642
v -0.173550 0.023979 0.398407
v -0.178742 0.024229 0.403521
v -0.173550 0.023979 0.398407
v -0.174527 0.024475 0.397642
v -0.106632 0.266129 0.421008
v -0.104473 0.263695 0.424038
v -0.179720 0.024725 0.402756
v -0.178742 0.024229 0.403521
v -0.149186 0.273269 0.463941
v -0.151345 0.275703 0.460911
v -0.151345 0.275703 0.460911
v -0.149186 0.273269 0.463941
v 0.012386 0.412979 0.489547
v 0.012386 0.412979 0.489547
v -0.106632 0.266129 0.421008
v -0.151345 0.275703 0.460911
v -0.104473 0.263695 0.424038
v -0.106632 0.266129 0.421008
v 0.012386 0.412979 0.489547
v -0.149186 0.273269 0.463941
v -0.104473 0.263695 0.424038
v 0.012386 0.412979 0.489547
v -0.143962 1.220702 0.417093
v -0.173731 1.197109 0.372496
v -0.175658 1.243558 0.371758
v -0.145696 1.262506 0.416429
v -0.173731 1.197109 0.372496
v -0.227089 1.216914 0.384705
v -0.228823 1.258718 0.384041
v -0.175658 1.243558 0.371758
v -0.170074 1.537294 0.400274
v -0.192353 1.522051 0.380874
v -0.198635 1.522065 0.398182
v -0.143962 1.220702 0.417093
v -0.190555 1.197114 0.416719
v -0.173731 1.197109 0.372496
v -0.190555 1.197114 0.416719
v -0.192443 1.243565 0.415999
v -0.228823 1.258718 0.384041
v -0.227089 1.216914 0.384705
v -0.198635 1.522065 0.398182
v -0.192353 1.522051 0.380874
v -0.222853 1.534891 0.379843
v -0.173731 1.197109 0.372496
v -0.190555 1.197114 0.416719
v -0.227089 1.216914 0.384705
v -0.145696 1.262506 0.416429
v -0.192443 1.243565 0.415999
v -0.190555 1.197114 0.416719
v -0.143962 1.220702 0.417093
v -0.145696 1.262506 0.416429
v -0.175658 1.243558 0.371758
v -0.177386 1.257554 0.374557
v -0.148875 1.273982 0.412734
v -0.148875 1.273982 0.412734
v -0.191869 1.257561 0.412779
v -0.192443 1.243565 0.415999
v -0.145696 1.262506 0.416429
v -0.228823 1.258718 0.384041
v -0.192443 1.243565 0.415999
v -0.191869 1.257561 0.412779
v -0.224979 1.270514 0.383111
v -0.175658 1.243558 0.371758
v -0.228823 1.258718 0.384041
v -0.224979 1.270514 0.383111
v -0.177386 1.257554 0.374557
v -0.148875 1.273982 0.412734
v -0.177386 1.257554 0.374557
v -0.179554 1.309841 0.373726
v -0.151095 1.327495 0.411884
v -0.151095 1.327495 0.411884
v -0.193988 1.309850 0.411970
v -0.191869 1.257561 0.412779
v -0.148875 1.273982 0.412734
v -0.224979 1.270514 0.383111
v -0.191869 1.257561 0.412779
v -0.193988 1.309850 0.411970
v -0.227198 1.324027 0.382261
v -0.177386 1.257554 0.374557
v -0.224979 1.270514 0.383111
v -0.227198 1.324027 0.382261
v -0.179554 1.309841 0.373726
v -0.151095 1.327495 0.411884
v -0.179554 1.309841 0.373726
v -0.181656 1.322499 0.377665
v -0.154243 1.337971 0.408185
v -0.154243 1.337971 0.408185
v -0.192933 1.322507 0.407652
v -0.193988 1.309850 0.411970
v -0.151095 1.327495 0.411884
v -0.227198 1.324027 0.382261
v -0.193988 1.309850 0.411970
v -0.192933 1.322507 0.407652
v -0.223300 1.334825 0.381361
v -0.179554 1.309841 0.373726
v -0.227198 1.324027 0.382261
v -0.223300 1.334825 0.381361
v -0.181656 1.322499 0.377665
v -0.154243 1.337971 0.408185
v -0.181656 1.322499 0.377665
v -0.183510 1.367217 0.376955
v -0.156141 1.383750 0.407458
v -0.156141 1.383750 0.407458
v -0.194745 1.367228 0.406960
v -0.192933 1.322507 0.407652
v -0.154243 1.337971 0.408185
v -0.223300 1.334825 0.381361
v -0.192933 1.322507 0.407652
v -0.194745 1.367228 0.406960
v -0.225199 1.380605 0.380634
v -0.181656 1.322499 0.377665
v -0.223300 1.334825 0.381361
v -0.225199 1.380605 0.380634
v -0.183510 1.367217 0.376955
v -0.156141 1.383750 0.407458
v -0.183510 1.367217 0.376955
v -0.185118 1.378911 0.379718
v -0.158549 1.394168 0.405091
v -0.158549 1.394168 0.405091
v -0.194106 1.378921 0.403839
v -0.194745 1.367228 0.406960
v -0.156141 1.383750 0.407458
v -0.225199 1.380605 0.380634
v -0.194745 1.367228 0.406960
v -0.194106 1.378921 0.403839
v -0.222724 1.391246 0.380210
v -0.183510 1.367217 0.376955
v -0.225199 1.380605 0.380634
v -0.222724 1.391246 0.380210
v -0.185118 1.378911 0.379718
v -0.158549 1.394168 0.405091
v -0.185118 1.378911 0.379718
v -0.187140 1.427667 0.378943
v -0.160522 1.441744 0.404335
v -0.160522 1.441744 0.404335
v -0.196084 1.427679 0.403083
v -0.194106 1.378921 0.403839
v -0.158549 1.394168 0.405091
v -0.222724 1.391246 0.380210
v -0.194106 1.378921 0.403839
v -0.196084 1.427679 0.403083
v -0.224697 1.438822 0.379454
v -0.185118 1.378911 0.379718
v -0.222724 1.391246 0.380210
v -0.224697 1.438822 0.379454
v -0.187140 1.427667 0.378943
v -0.160522 1.441744 0.404335
v -0.187140 1.427667 0.378943
v -0.188278 1.438103 0.380635
v -0.163058 1.449456 0.403146
v -0.163058 1.449456 0.403146
v -0.195811 1.438115 0.401061
v -0.196084 1.427679 0.403083
v -0.160522 1.441744 0.404335
v -0.224697 1.438822 0.379454
v -0.196084 1.427679 0.403083
v -0.195811 1.438115 0.401061
v -0.222679 1.446741 0.380055
v -0.187140 1.427667 0.378943
v -0.224697 1.438822 0.379454
v -0.222679 1.446741 0.380055
v -0.188278 1.438103 0.380635
v -0.163058 1.449456 0.403146
v -0.188278 1.438103 0.380635
v -0.189936 1.478076 0.380000
v -0.164661 1.488096 0.402532
v -0.164661 1.488096 0.402532
v -0.197432 1.478090 0.400441
v -0.195811 1.438115 0.401061
v -0.163058 1.449456 0.403146
v -0.222679 1.446741 0.380055
v -0.195811 1.438115 0.401061
v -0.197432 1.478090 0.400441
v -0.224282 1.485381 0.379441
v -0.188278 1.438103 0.380635
v -0.222679 1.446741 0.380055
v -0.224282 1.485381 0.379441
v -0.189936 1.478076 0.380000
v -0.164661 1.488096 0.402532
v -0.189936 1.478076 0.380000
v -0.191046 1.490547 0.381375
v -0.168481 1.498885 0.400885
v -0.168481 1.498885 0.400885
v -0.197365 1.490560 0.398667
v -0.197432 1.478090 0.400441
v -0.164661 1.488096 0.402532
v -0.224282 1.485381 0.379441
v -0.197432 1.478090 0.400441
v -0.197365 1.490560 0.398667
v -0.221260 1.496482 0.380453
v -0.189936 1.478076 0.380000
v -0.224282 1.485381 0.379441
v -0.221260 1.496482 0.380453
v -0.191046 1.490547 0.381375
v -0.168481 1.498885 0.400885
v -0.191046 1.490547 0.381375
v -0.192353 1.522051 0.380874
v -0.170074 1.537294 0.400274
v -0.170074 1.537294 0.400274
v -0.198635 1.522065 0.398182
v -0.197365 1.490560 0.398667
v -0.168481 1.498885 0.400885
v -0.221260 1.496482 0.380453
v -0.197365 1.490560 0.398667
v -0.198635 1.522065 0.398182
v -0.222853 1.534891 0.379843
v -0.191046 1.490547 0.381375
v -0.221260 1.496482 0.380453
v -0.222853 1.534891 0.379843
v -0.192353 1.522051 0.380874
v -0.179012 0.919678 0.403133
v -0.175467 0.919507 0.399641
v -0.128302 1.083182 0.417142
v -0.158832 1.089719 0.444387
v -0.160306 1.091381 0.442318
v -0.129776 1.084844 0.415073
v -0.176134 0.919846 0.399119
v -0.179680 0.920017 0.402611
v -0.179680 0.920017 0.402611
v -0.176134 0.919846 0.399119
v -0.175467 0.919507 0.399641
v -0.179012 0.919678 0.403133
v -0.175467 0.919507 0.399641
v -0.176134 0.919846 0.399119
v -0.129776 1.084844 0.415073
v -0.128302 1.083182 0.417142
v -0.179680 0.920017 0.402611
v -0.179012 0.919678 0.403133
v -0.158832 1.089719 0.444387
v -0.160306 1.091381 0.442318
v -0.160306 1.091381 0.442318
v -0.158832 1.089719 0.444387
v -0.048512 1.185111 0.461870
v -0.048512 1.185111 0.461870
v -0.129776 1.084844 0.415073
v -0.160306 1.091381 0.442318
v -0.128302 1.083182 0.417142
v -0.129776 1.084844 0.415073
v -0.048512 1.185111 0.461870
v -0.158832 1.089719 0.444387
v -0.128302 1.083182 0.417142
v -0.048512 1.185111 0.461870
v -0.181469 0.016390 0.407504
v -0.171880 0.016390 0.408001
v -0.176907 1.195901 0.406074
v -0.186418 1.197109 0.405607
v -0.171880 0.016390 0.408001
v -0.168444 0.016390 0.399034
v -0.173471 1.195901 0.397107
v -0.176907 1.195901 0.406074
v -0.168444 0.016390 0.399034
v -0.175910 0.016390 0.392995
v -0.180859 1.197109 0.391099
v -0.173471 1.195901 0.397107
v -0.180859 1.197109 0.391099
v -0.175910 0.016390 0.392995
v -0.183960 0.016390 0.398230
v -0.188861 1.197856 0.396352
v -0.183960 0.016390 0.398230
v -0.181469 0.016390 0.407504
v -0.186418 1.197109 0.405607
v -0.188861 1.197856 0.396352
v -0.171880 0.016390 0.408001
v -0.181469 0.016390 0.407504
v -0.176332 0.016390 0.401153
v -0.168444 0.016390 0.399034
v -0.171880 0.016390 0.408001
v -0.176332 0.016390 0.401153
v -0.175910 0.016390 0.392995
v -0.168444 0.016390 0.399034
v -0.176332 0.016390 0.401153
v -0.183960 0.016390 0.398230
v -0.175910 0.016390 0.392995
v -0.176332 0.016390 0.401153
v -0.181469 0.016390 0.407504
v -0.183960 0.016390 0.398230
v -0.176332 0.016390 0.401153
v -0.176566 0.775617 0.395148
v -0.181916 0.774850 0.401513
v -0.250119 1.042202 0.384790
v -0.201811 1.048906 0.335246
v -0.198778 1.051336 0.338547
v -0.247086 1.044632 0.388092
v -0.180843 0.775649 0.402248
v -0.175494 0.776416 0.395883
v -0.175494 0.776416 0.395883
v -0.180843 0.775649 0.402248
v -0.181916 0.774850 0.401513
v -0.176566 0.775617 0.395148
v -0.181916 0.774850 0.401513
v -0.180843 0.775649 0.402248
v -0.247086 1.044632 0.388092
v -0.250119 1.042202 0.384790
v -0.175494 0.776416 0.395883
v -0.176566 0.775617 0.395148
v -0.201811 1.048906 0.335246
v -0.198778 1.051336 0.338547
v -0.198778 1.051336 0.338547
v -0.201811 1.048906 0.335246
v -0.334603 1.154252 0.327049
v -0.334603 1.154252 0.327049
v -0.247086 1.044632 0.388092
v -0.198778 1.051336 0.338547
v -0.250119 1.042202 0.384790
v -0.247086 1.044632 0.388092
v -0.334603 1.154252 0.327049
v -0.201811 1.048906 0.335246
v -0.250119 1.042202 0.384790
v -0.334603 1.154252 0.327049
v -0.177111 0.260752 0.395267
v -0.182461 0.259985 0.401632
v -0.248265 0.479618 0.385829
v -0.199958 0.486322 0.336284
v -0.196924 0.488752 0.339586
v -0.245232 0.482048 0.389130
v -0.181388 0.260784 0.402368
v -0.176039 0.261551 0.396003
v -0.176039 0.261551 0.396003
v -0.181388 0.260784 0.402368
v -0.182461 0.259985 0.401632
v -0.177111 0.260752 0.395267
v -0.182461 0.259985 0.401632
v -0.181388 0.260784 0.402368
v -0.245232 0.482048 0.389130
v -0.248265 0.479618 0.385829
v -0.176039 0.261551 0.396003
v -0.177111 0.260752 0.395267
v -0.199958 0.486322 0.336284
v -0.196924 0.488752 0.339586
v -0.196924 0.488752 0.339586
v -0.199958 0.486322 0.336284
v -0.335148 0.639388 0.327169
v -0.335148 0.639388 0.327169
v -0.245232 0.482048 0.389130
v -0.196924 0.488752 0.339586
v -0.248265 0.479618 0.385829
v -0.245232 0.482048 0.389130
v -0.335148 0.639388 0.327169
v -0.199958 0.486322 0.336284
v -0.248265 0.479618 0.385829
v -0.335148 0.639388 0.327169
v -0.178268 0.432353 0.404735
v -0.174016 0.432149 0.400547
v -0.135801 0.652143 0.414506
v -0.173667 0.653483 0.446693
v -0.175874 0.654697 0.444044
v -0.138008 0.653358 0.411857
v -0.174817 0.432555 0.399921
v -0.179068 0.432759 0.404108
v -0.179068 0.432759 0.404108
v -0.174817 0.432555 0.399921
v -0.174016 0.432149 0.400547
v -0.178268 0.432353 0.404735
v -0.174016 0.432149 0.400547
v -0.174817 0.432555 0.399921
v -0.138008 0.653358 0.411857
v -0.135801 0.652143 0.414506
v -0.179068 0.432759 0.404108
v -0.178268 0.432353 0.404735
v -0.173667 0.653483 0.446693
v -0.175874 0.654697 0.444044
v -0.175874 0.654697 0.444044
v -0.173667 0.653483 0.446693
v -0.081749 0.843563 0.452191
v -0.081749 0.843563 0.452191
v -0.138008 0.653358 0.411857
v -0.175874 0.654697 0.444044
v -0.135801 0.652143 0.414506
v -0.138008 0.653358 0.411857
v -0.081749 0.843563 0.452191
v -0.173667 0.653483 0.446693
v -0.135801 0.652143 0.414506
v -0.081749 0.843563 0.452191
v -0.467927 0.030844 0.381678
v -0.472334 0.030584 0.387512
v -0.519918 0.240744 0.380947
v -0.479752 0.242466 0.335180
v -0.476607 0.243994 0.337998
v -0.516773 0.242273 0.383764
v -0.471253 0.031095 0.388129
v -0.466845 0.031355 0.382295
v -0.466845 0.031355 0.382295
v -0.471253 0.031095 0.388129
v -0.472334 0.030584 0.387512
v -0.467927 0.030844 0.381678
v -0.472334 0.030584 0.387512
v -0.471253 0.031095 0.388129
v -0.516773 0.242273 0.383764
v -0.519918 0.240744 0.380947
v -0.466845 0.031355 0.382295
v -0.467927 0.030844 0.381678
v -0.479752 0.242466 0.335180
v -0.476607 0.243994 0.337998
v -0.476607 0.243994 0.337998
v -0.479752 0.242466 0.335180
v -0.574777 0.557848 0.342039
v -0.574777 0.557848 0.342039
v -0.516773 0.242273 0.383764
v -0.476607 0.243994 0.337998
v -0.519918 0.240744 0.380947
v -0.516773 0.242273 0.383764
v -0.574777 0.557848 0.342039
v -0.479752 0.242466 0.335180
v -0.519918 0.240744 0.380947
v -0.574777 0.557848 0.342039
v -0.509927 1.067673 0.378531
v -0.534080 1.032014 0.338501
v -0.548962 1.076934 0.333845
v -0.523321 1.108101 0.374341
v -0.534080 1.032014 0.338501
v -0.590288 1.038389 0.352866
v -0.603681 1.078818 0.348676
v -0.548962 1.076934 0.333845
v -0.624400 1.369160 0.336053
v -0.642475 1.346271 0.319769
v -0.647678 1.346378 0.337430
v -0.509927 1.067673 0.378531
v -0.548105 1.032051 0.383689
v -0.534080 1.032014 0.338501
v -0.548105 1.032051 0.383689
v -0.562949 1.076985 0.379048
v -0.603681 1.078818 0.348676
v -0.590288 1.038389 0.352866
v -0.647678 1.346378 0.337430
v -0.642475 1.346271 0.319769
v -0.675417 1.350583 0.319888
v -0.534080 1.032014 0.338501
v -0.548105 1.032051 0.383689
v -0.590288 1.038389 0.352866
v -0.523321 1.108101 0.374341
v -0.562949 1.076985 0.379048
v -0.548105 1.032051 0.383689
v -0.509927 1.067673 0.378531
v -0.523321 1.108101 0.374341
v -0.548962 1.076934 0.333845
v -0.554402 1.090472 0.335530
v -0.529764 1.118115 0.369903
v -0.529764 1.118115 0.369903
v -0.566470 1.090522 0.374581
v -0.562949 1.076985 0.379048
v -0.523321 1.108101 0.374341
v -0.603681 1.078818 0.348676
v -0.562949 1.076985 0.379048
v -0.566470 1.090522 0.374581
v -0.603334 1.091309 0.346434
v -0.548962 1.076934 0.333845
v -0.603681 1.078818 0.348676
v -0.603334 1.091309 0.346434
v -0.554402 1.090472 0.335530
v -0.529764 1.118115 0.369903
v -0.554402 1.090472 0.335530
v -0.571154 1.141038 0.330289
v -0.546909 1.169866 0.364539
v -0.546909 1.169866 0.364539
v -0.583173 1.141106 0.369359
v -0.566470 1.090522 0.374581
v -0.529764 1.118115 0.369903
v -0.603334 1.091309 0.346434
v -0.566470 1.090522 0.374581
v -0.583173 1.141106 0.369359
v -0.620479 1.143060 0.341070
v -0.554402 1.090472 0.335530
v -0.603334 1.091309 0.346434
v -0.620479 1.143060 0.341070
v -0.571154 1.141038 0.330289
v -0.546909 1.169866 0.364539
v -0.571154 1.141038 0.330289
v -0.576524 1.153282 0.333251
v -0.553043 1.178909 0.360181
v -0.553043 1.178909 0.360181
v -0.585910 1.153347 0.363882
v -0.583173 1.141106 0.369359
v -0.546909 1.169866 0.364539
v -0.620479 1.143060 0.341070
v -0.583173 1.141106 0.369359
v -0.585910 1.153347 0.363882
v -0.619799 1.154591 0.338942
v -0.571154 1.141038 0.330289
v -0.620479 1.143060 0.341070
v -0.619799 1.154591 0.338942
v -0.576524 1.153282 0.333251
v -0.553043 1.178909 0.360181
v -0.576524 1.153282 0.333251
v -0.590851 1.196528 0.328769
v -0.567710 1.223181 0.355593
v -0.567710 1.223181 0.355593
v -0.600196 1.196609 0.359416
v -0.585910 1.153347 0.363882
v -0.553043 1.178909 0.360181
v -0.619799 1.154591 0.338942
v -0.585910 1.153347 0.363882
v -0.600196 1.196609 0.359416
v -0.634466 1.198864 0.334353
v -0.576524 1.153282 0.333251
v -0.619799 1.154591 0.338942
v -0.634466 1.198864 0.334353
v -0.590851 1.196528 0.328769
v -0.567710 1.223181 0.355593
v -0.590851 1.196528 0.328769
v -0.595534 1.207838 0.330610
v -0.573053 1.232502 0.352509
v -0.573053 1.232502 0.352509
v -0.603005 1.207916 0.355243
v -0.600196 1.196609 0.359416
v -0.567710 1.223181 0.355593
v -0.634466 1.198864 0.334353
v -0.600196 1.196609 0.359416
v -0.603005 1.207916 0.355243
v -0.635086 1.209910 0.332817
v -0.590851 1.196528 0.328769
v -0.634466 1.198864 0.334353
v -0.635086 1.209910 0.332817
v -0.595534 1.207838 0.330610
v -0.573053 1.232502 0.352509
v -0.595534 1.207838 0.330610
v -0.611155 1.254990 0.325724
v -0.588296 1.278512 0.347740
v -0.588296 1.278512 0.347740
v -0.618582 1.255084 0.350372
v -0.603005 1.207916 0.355243
v -0.573053 1.232502 0.352509
v -0.635086 1.209910 0.332817
v -0.603005 1.207916 0.355243
v -0.618582 1.255084 0.350372
v -0.650329 1.255919 0.328048
v -0.595534 1.207838 0.330610
v -0.635086 1.209910 0.332817
v -0.650329 1.255919 0.328048
v -0.611155 1.254990 0.325724
v -0.588296 1.278512 0.347740
v -0.611155 1.254990 0.325724
v -0.615086 1.265084 0.326575
v -0.592947 1.285267 0.346072
v -0.592947 1.285267 0.346072
v -0.621338 1.265175 0.347429
v -0.618582 1.255084 0.350372
v -0.588296 1.278512 0.347740
v -0.650329 1.255919 0.328048
v -0.618582 1.255084 0.350372
v -0.621338 1.265175 0.347429
v -0.650577 1.264281 0.327802
v -0.611155 1.254990 0.325724
v -0.650329 1.255919 0.328048
v -0.650577 1.264281 0.327802
v -0.615086 1.265084 0.326575
v -0.592947 1.285267 0.346072
v -0.615086 1.265084 0.326575
v -0.627893 1.303741 0.322569
v -0.605327 1.322635 0.342199
v -0.605327 1.322635 0.342199
v -0.634109 1.303845 0.343435
v -0.621338 1.265175 0.347429
v -0.592947 1.285267 0.346072
v -0.650577 1.264281 0.327802
v -0.621338 1.265175 0.347429
v -0.634109 1.303845 0.343435
v -0.662957 1.301648 0.323929
v -0.615086 1.265084 0.326575
v -0.650577 1.264281 0.327802
v -0.662957 1.301648 0.323929
v -0.627893 1.303741 0.322569
v -0.605327 1.322635 0.342199
v -0.627893 1.303741 0.322569
v -0.632382 1.315805 0.322926
v -0.612094 1.332015 0.339902
v -0.612094 1.332015 0.339902
v -0.637620 1.315899 0.340576
v -0.634109 1.303845 0.343435
v -0.605327 1.322635 0.342199
v -0.662957 1.301648 0.323929
v -0.634109 1.303845 0.343435
v -0.637620 1.315899 0.340576
v -0.663111 1.313438 0.323738
v -0.627893 1.303741 0.322569
v -0.662957 1.301648 0.323929
v -0.663111 1.313438 0.323738
v -0.632382 1.315805 0.322926
v -0.612094 1.332015 0.339902
v -0.632382 1.315805 0.322926
v -0.642475 1.346271 0.319769
v -0.624400 1.369160 0.336053
v -0.624400 1.369160 0.336053
v -0.647678 1.346378 0.337430
v -0.637620 1.315899 0.340576
v -0.612094 1.332015 0.339902
v -0.663111 1.313438 0.323738
v -0.637620 1.315899 0.340576
v -0.647678 1.346378 0.337430
v -0.675417 1.350583 0.319888
v -0.632382 1.315805 0.322926
v -0.663111 1.313438 0.323738
v -0.675417 1.350583 0.319888
v -0.642475 1.346271 0.319769
v -0.459683 0.287958 0.390544
v -0.459542 0.288090 0.383929
v -0.438434 0.395644 0.351304
v -0.434517 0.393694 0.415769
v -0.438932 0.395161 0.416082
v -0.442849 0.397111 0.351617
v -0.460432 0.288371 0.383916
v -0.460573 0.288239 0.390531
v -0.460573 0.288239 0.390531
v -0.460432 0.288371 0.383916
v -0.459542 0.288090 0.383929
v -0.459683 0.287958 0.390544
v -0.459542 0.288090 0.383929
v -0.460432 0.288371 0.383916
v -0.442849 0.397111 0.351617
v -0.438434 0.395644 0.351304
v -0.460573 0.288239 0.390531
v -0.459683 0.287958 0.390544
v -0.434517 0.393694 0.415769
v -0.438932 0.395161 0.416082
v -0.438932 0.395161 0.416082
v -0.434517 0.393694 0.415769
v -0.367423 0.661121 0.408609
v -0.367423 0.661121 0.408609
v -0.442849 0.397111 0.351617
v -0.438932 0.395161 0.416082
v -0.438434 0.395644 0.351304
v -0.442849 0.397111 0.351617
v -0.367423 0.661121 0.408609
v -0.434517 0.393694 0.415769
v -0.438434 0.395644 0.351304
v -0.367423 0.661121 0.408609
v -0.474184 0.015684 0.391213
v -0.464716 0.014088 0.391066
v -0.449801 0.659845 0.395732
v -0.459265 0.660583 0.395881
v -0.464716 0.014088 0.391066
v -0.461849 0.014088 0.381902
v -0.446934 0.659845 0.386568
v -0.449801 0.659845 0.395732
v -0.461849 0.014088 0.381902
v -0.469545 0.015684 0.376385
v -0.454626 0.660583 0.381052
v -0.446934 0.659845 0.386568
v -0.469545 0.015684 0.376385
v -0.477169 0.016671 0.382140
v -0.462247 0.661040 0.386808
v -0.454626 0.660583 0.381052
v -0.477169 0.016671 0.382140
v -0.474184 0.015684 0.391213
v -0.459265 0.660583 0.395881
v -0.462247 0.661040 0.386808
v -0.464716 0.014088 0.391066
v -0.474184 0.015684 0.391213
v -0.469493 0.015243 0.384541
v -0.461849 0.014088 0.381902
v -0.464716 0.014088 0.391066
v -0.469493 0.015243 0.384541
v -0.469545 0.015684 0.376385
v -0.461849 0.014088 0.381902
v -0.469493 0.015243 0.384541
v -0.477169 0.016671 0.382140
v -0.469545 0.015684 0.376385
v -0.469493 0.015243 0.384541
v -0.474184 0.015684 0.391213
v -0.477169 0.016671 0.382140
v -0.469493 0.015243 0.384541
v -0.446934 0.659845 0.386568
v -0.454626 0.660583 0.381052
v -0.539122 1.032014 0.354618
v -0.531396 1.033424 0.360145
v -0.449801 0.659845 0.395732
v -0.446934 0.659845 0.386568
v -0.531396 1.033424 0.360145
v -0.534263 1.033424 0.369309
v -0.459265 0.660583 0.395881
v -0.449801 0.659845 0.395732
v -0.534263 1.033424 0.369309
v -0.543761 1.032014 0.369447
v -0.462247 0.661040 0.386808
v -0.459265 0.660583 0.395881
v -0.543761 1.032014 0.369447
v -0.546764 1.031143 0.360368
v -0.454626 0.660583 0.381052
v -0.462247 0.661040 0.386808
v -0.546764 1.031143 0.360368
v -0.539122 1.032014 0.354618
v -0.486277 0.806206 0.384454
v -0.483239 0.806372 0.381060
v -0.482030 0.980884 0.380928
v -0.509248 0.978791 0.407285
v -0.511179 0.979331 0.405335
v -0.483960 0.981424 0.378977
v -0.483920 0.806557 0.380609
v -0.486958 0.806391 0.384002
v -0.486958 0.806391 0.384002
v -0.483920 0.806557 0.380609
v -0.483239 0.806372 0.381060
v -0.486277 0.806206 0.384454
v -0.483239 0.806372 0.381060
v -0.483920 0.806557 0.380609
v -0.483960 0.981424 0.378977
v -0.482030 0.980884 0.380928
v -0.486958 0.806391 0.384002
v -0.486277 0.806206 0.384454
v -0.509248 0.978791 0.407285
v -0.511179 0.979331 0.405335
v -0.511179 0.979331 0.405335
v -0.509248 0.978791 0.407285
v -0.464219 1.136470 0.399176
v -0.464219 1.136470 0.399176
v -0.483960 0.981424 0.378977
v -0.511179 0.979331 0.405335
v -0.482030 0.980884 0.380928
v -0.483960 0.981424 0.378977
v -0.464219 1.136470 0.399176
v -0.509248 0.978791 0.407285
v -0.482030 0.980884 0.380928
v -0.464219 1.136470 0.399176
v -0.455648 0.662789 0.382765
v -0.460383 0.661472 0.389517
v -0.557465 0.818779 0.368353
v -0.514220 0.831029 0.315296
v -0.511544 0.834274 0.318226
v -0.554789 0.822024 0.371283
v -0.459449 0.662527 0.390126
v -0.454714 0.663845 0.383375
v -0.454714 0.663845 0.383375
v -0.459449 0.662527 0.390126
v -0.460383 0.661472 0.389517
v -0.455648 0.662789 0.382765
v -0.460383 0.661472 0.389517
v -0.459449 0.662527 0.390126
v -0.554789 0.822024 0.371283
v -0.557465 0.818779 0.368353
v -0.454714 0.663845 0.383375
v -0.455648 0.662789 0.382765
v -0.514220 0.831029 0.315296
v -0.511544 0.834274 0.318226
v -0.511544 0.834274 0.318226
v -0.514220 0.831029 0.315296
v -0.683563 0.862792 0.304082
v -0.683563 0.862792 0.304082
v -0.554789 0.822024 0.371283
v -0.511544 0.834274 0.318226
v -0.557465 0.818779 0.368353
v -0.554789 0.822024 0.371283
v -0.683563 0.862792 0.304082
v -0.514220 0.831029 0.315296
v -0.557465 0.818779 0.368353
v -0.683563 0.862792 0.304082
v 0.657285 0.007884 0.390002
v 0.654266 0.007632 0.396636
v 0.580591 0.248710 0.397417
v 0.608067 0.258338 0.344158
v 0.611168 0.260786 0.346215
v 0.583691 0.251158 0.399474
v 0.655453 0.008131 0.397001
v 0.658472 0.008382 0.390367
v 0.658472 0.008382 0.390367
v 0.655453 0.008131 0.397001
v 0.654266 0.007632 0.396636
v 0.657285 0.007884 0.390002
v 0.654266 0.007632 0.396636
v 0.655453 0.008131 0.397001
v 0.583691 0.251158 0.399474
v 0.580591 0.248710 0.397417
v 0.658472 0.008382 0.390367
v 0.657285 0.007884 0.390002
v 0.608067 0.258338 0.344158
v 0.611168 0.260786 0.346215
v 0.611168 0.260786 0.346215
v 0.608067 0.258338 0.344158
v 0.448030 0.398842 0.378057
v 0.448030 0.398842 0.378057
v 0.583691 0.251158 0.399474
v 0.611168 0.260786 0.346215
v 0.580591 0.248710 0.397417
v 0.583691 0.251158 0.399474
v 0.448030 0.398842 0.378057
v 0.608067 0.258338 0.344158
v 0.580591 0.248710 0.397417
v 0.448030 0.398842 0.378057
v 0.619951 1.211155 0.389773
v 0.663706 1.187428 0.420766
v 0.665769 1.234141 0.420766
v 0.621808 1.253196 0.389773
v 0.663706 1.187428 0.420766
v 0.709163 1.207345 0.390274
v 0.711020 1.249387 0.390274
v 0.665769 1.234141 0.420766
v 0.650352 1.529546 0.396136
v 0.678097 1.514216 0.406280
v 0.677771 1.514230 0.387871
v 0.619951 1.211155 0.389773
v 0.663594 1.187432 0.373451
v 0.663706 1.187428 0.420766
v 0.663594 1.187432 0.373451
v 0.665614 1.234147 0.373449
v 0.711020 1.249387 0.390274
v 0.709163 1.207345 0.390274
v 0.677771 1.514230 0.387871
v 0.678097 1.514216 0.406280
v 0.706947 1.527129 0.396331
v 0.663706 1.187428 0.420766
v 0.663594 1.187432 0.373451
v 0.709163 1.207345 0.390274
v 0.621808 1.253196 0.389773
v 0.665614 1.234147 0.373449
v 0.663594 1.187432 0.373451
v 0.619951 1.211155 0.389773
v 0.621808 1.253196 0.389773
v 0.665769 1.234141 0.420766
v 0.666382 1.248216 0.417534
v 0.626099 1.264737 0.392085
v 0.626099 1.264737 0.392085
v 0.666231 1.248223 0.376661
v 0.665614 1.234147 0.373449
v 0.621808 1.253196 0.389773
v 0.711020 1.249387 0.390274
v 0.665614 1.234147 0.373449
v 0.666231 1.248223 0.376661
v 0.707763 1.261250 0.392518
v 0.665769 1.234141 0.420766
v 0.711020 1.249387 0.390274
v 0.707763 1.261250 0.392518
v 0.666382 1.248216 0.417534
v 0.626099 1.264737 0.392085
v 0.666382 1.248216 0.417534
v 0.668704 1.300800 0.417534
v 0.628476 1.318554 0.392085
v 0.628476 1.318554 0.392085
v 0.668498 1.300809 0.376658
v 0.666231 1.248223 0.376661
v 0.626099 1.264737 0.392085
v 0.707763 1.261250 0.392518
v 0.666231 1.248223 0.376661
v 0.668498 1.300809 0.376658
v 0.710140 1.315067 0.392518
v 0.666382 1.248216 0.417534
v 0.707763 1.261250 0.392518
v 0.710140 1.315067 0.392518
v 0.668704 1.300800 0.417534
v 0.628476 1.318554 0.392085
v 0.668704 1.300800 0.417534
v 0.669256 1.313530 0.413104
v 0.632738 1.329090 0.394413
v 0.632738 1.329090 0.394413
v 0.669058 1.313538 0.381067
v 0.668498 1.300809 0.376658
v 0.628476 1.318554 0.392085
v 0.710140 1.315067 0.392518
v 0.668498 1.300809 0.376658
v 0.669058 1.313538 0.381067
v 0.706822 1.325926 0.394752
v 0.668704 1.300800 0.417534
v 0.710140 1.315067 0.392518
v 0.706822 1.325926 0.394752
v 0.669256 1.313530 0.413104
v 0.632738 1.329090 0.394413
v 0.669256 1.313530 0.413104
v 0.671243 1.358502 0.413104
v 0.634772 1.375129 0.394413
v 0.634772 1.375129 0.394413
v 0.670998 1.358513 0.381065
v 0.669058 1.313538 0.381067
v 0.632738 1.329090 0.394413
v 0.706822 1.325926 0.394752
v 0.669058 1.313538 0.381067
v 0.670998 1.358513 0.381065
v 0.708855 1.371966 0.394752
v 0.669256 1.313530 0.413104
v 0.706822 1.325926 0.394752
v 0.708855 1.371966 0.394752
v 0.671243 1.358502 0.413104
v 0.634772 1.375129 0.394413
v 0.671243 1.358502 0.413104
v 0.671756 1.370262 0.409948
v 0.637867 1.385607 0.395761
v 0.637867 1.385607 0.395761
v 0.671518 1.370272 0.384209
v 0.670998 1.358513 0.381065
v 0.634772 1.375129 0.394413
v 0.708855 1.371966 0.394752
v 0.670998 1.358513 0.381065
v 0.671518 1.370272 0.384209
v 0.706695 1.382668 0.396034
v 0.671243 1.358502 0.413104
v 0.708855 1.371966 0.394752
v 0.706695 1.382668 0.396034
v 0.671756 1.370262 0.409948
v 0.637867 1.385607 0.395761
v 0.671756 1.370262 0.409948
v 0.673921 1.419295 0.409948
v 0.639980 1.433453 0.395761
v 0.639980 1.433453 0.395761
v 0.673635 1.419308 0.384207
v 0.671518 1.370272 0.384209
v 0.637867 1.385607 0.395761
v 0.706695 1.382668 0.396034
v 0.671518 1.370272 0.384209
v 0.673635 1.419308 0.384207
v 0.708809 1.430514 0.396034
v 0.671756 1.370262 0.409948
v 0.706695 1.382668 0.396034
v 0.708809 1.430514 0.396034
v 0.673921 1.419295 0.409948
v 0.639980 1.433453 0.395761
v 0.673921 1.419295 0.409948
v 0.674378 1.429791 0.407962
v 0.642774 1.441209 0.395964
v 0.642774 1.441209 0.395964
v 0.674104 1.429803 0.386193
v 0.673635 1.419308 0.384207
v 0.639980 1.433453 0.395761
v 0.708809 1.430514 0.396034
v 0.673635 1.419308 0.384207
v 0.674104 1.429803 0.386193
v 0.706709 1.438478 0.396194
v 0.673921 1.419295 0.409948
v 0.708809 1.430514 0.396034
v 0.706709 1.438478 0.396194
v 0.674378 1.429791 0.407962
v 0.642774 1.441209 0.395964
v 0.674378 1.429791 0.407962
v 0.676154 1.469991 0.407962
v 0.644490 1.480068 0.395964
v 0.644490 1.480068 0.395964
v 0.675839 1.470005 0.386191
v 0.674104 1.429803 0.386193
v 0.642774 1.441209 0.395964
v 0.706709 1.438478 0.396194
v 0.674104 1.429803 0.386193
v 0.675839 1.470005 0.386191
v 0.708425 1.477337 0.396194
v 0.674378 1.429791 0.407962
v 0.706709 1.438478 0.396194
v 0.708425 1.477337 0.396194
v 0.676154 1.469991 0.407962
v 0.644490 1.480068 0.395964
v 0.676154 1.469991 0.407962
v 0.676698 1.482533 0.406280
v 0.648646 1.490918 0.396136
v 0.648646 1.490918 0.396136
v 0.676412 1.482545 0.387872
v 0.675839 1.470005 0.386191
v 0.644490 1.480068 0.395964
v 0.708425 1.477337 0.396194
v 0.675839 1.470005 0.386191
v 0.676412 1.482545 0.387872
v 0.705241 1.488502 0.396331
v 0.676154 1.469991 0.407962
v 0.708425 1.477337 0.396194
v 0.705241 1.488502 0.396331
v 0.676698 1.482533 0.406280
v 0.648646 1.490918 0.396136
v 0.676698 1.482533 0.406280
v 0.678097 1.514216 0.406280
v 0.650352 1.529546 0.396136
v 0.650352 1.529546 0.396136
v 0.677771 1.514230 0.387871
v 0.676412 1.482545 0.387872
v 0.648646 1.490918 0.396136
v 0.705241 1.488502 0.396331
v 0.676412 1.482545 0.387872
v 0.677771 1.514230 0.387871
v 0.706947 1.527129 0.396331
v 0.676698 1.482533 0.406280
v 0.705241 1.488502 0.396331
v 0.706947 1.527129 0.396331
v 0.678097 1.514216 0.406280
v 0.657676 0.908420 0.390268
v 0.655614 0.908249 0.394798
v 0.605310 1.072853 0.395331
v 0.624071 1.079427 0.358966
v 0.626188 1.081099 0.360371
v 0.607427 1.074525 0.396735
v 0.656425 0.908589 0.395047
v 0.658486 0.908761 0.390517
v 0.658486 0.908761 0.390517
v 0.656425 0.908589 0.395047
v 0.655614 0.908249 0.394798
v 0.657676 0.908420 0.390268
v 0.655614 0.908249 0.394798
v 0.656425 0.908589 0.395047
v 0.607427 1.074525 0.396735
v 0.605310 1.072853 0.395331
v 0.658486 0.908761 0.390517
v 0.657676 0.908420 0.390268
v 0.624071 1.079427 0.358966
v 0.626188 1.081099 0.360371
v 0.626188 1.081099 0.360371
v 0.624071 1.079427 0.358966
v 0.514799 1.175361 0.382112
v 0.514799 1.175361 0.382112
v 0.607427 1.074525 0.396735
v 0.626188 1.081099 0.360371
v 0.605310 1.072853 0.395331
v 0.607427 1.074525 0.396735
v 0.514799 1.175361 0.382112
v 0.624071 1.079427 0.358966
v 0.605310 1.072853 0.395331
v 0.514799 1.175361 0.382112
v 0.658406 0.000000 0.385308
v 0.649274 0.000000 0.388275
v 0.654658 1.186212 0.388275
v 0.663706 1.187428 0.385308
v 0.649274 0.000000 0.388275
v 0.649274 0.000000 0.397878
v 0.654658 1.186212 0.397878
v 0.654658 1.186212 0.388275
v 0.649274 0.000000 0.397878
v 0.658406 0.000000 0.400845
v 0.663706 1.187428 0.400845
v 0.654658 1.186212 0.397878
v 0.663706 1.187428 0.400845
v 0.658406 0.000000 0.400845
v 0.664050 0.000000 0.393076
v 0.669299 1.188179 0.393076
v 0.664050 0.000000 0.393076
v 0.658406 0.000000 0.385308
v 0.663706 1.187428 0.385308
v 0.669299 1.188179 0.393076
v 0.649274 0.000000 0.388275
v 0.658406 0.000000 0.385308
v 0.655882 0.000000 0.393076
v 0.649274 0.000000 0.397878
v 0.649274 0.000000 0.388275
v 0.655882 0.000000 0.393076
v 0.658406 0.000000 0.400845
v 0.649274 0.000000 0.397878
v 0.655882 0.000000 0.393076
v 0.664050 0.000000 0.393076
v 0.658406 0.000000 0.400845
v 0.655882 0.000000 0.393076
v 0.658406 0.000000 0.385308
v 0.664050 0.000000 0.393076
v 0.655882 0.000000 0.393076
v 0.658249 0.763541 0.398600
v 0.660967 0.762769 0.390742
v 0.730638 1.031640 0.381955
v 0.703256 1.038382 0.445504
v 0.699242 1.040826 0.443506
v 0.726624 1.034084 0.379957
v 0.659702 0.763573 0.390439
v 0.656984 0.764344 0.398297
v 0.656984 0.764344 0.398297
v 0.659702 0.763573 0.390439
v 0.660967 0.762769 0.390742
v 0.658249 0.763541 0.398600
v 0.660967 0.762769 0.390742
v 0.659702 0.763573 0.390439
v 0.726624 1.034084 0.379957
v 0.730638 1.031640 0.381955
v 0.656984 0.764344 0.398297
v 0.658249 0.763541 0.398600
v 0.703256 1.038382 0.445504
v 0.699242 1.040826 0.443506
v 0.699242 1.040826 0.443506
v 0.703256 1.038382 0.445504
v 0.830189 1.144328 0.405645
v 0.830189 1.144328 0.405645
v 0.726624 1.034084 0.379957
v 0.699242 1.040826 0.443506
v 0.730638 1.031640 0.381955
v 0.726624 1.034084 0.379957
v 0.830189 1.144328 0.405645
v 0.703256 1.038382 0.445504
v 0.730638 1.031640 0.381955
v 0.830189 1.144328 0.405645
v 0.658715 0.245750 0.398294
v 0.661433 0.244979 0.390436
v 0.728536 0.465860 0.381648
v 0.701153 0.472602 0.445197
v 0.697139 0.475046 0.443200
v 0.724522 0.468303 0.379651
v 0.660168 0.245782 0.390133
v 0.657450 0.246554 0.397990
v 0.657450 0.246554 0.397990
v 0.660168 0.245782 0.390133
v 0.661433 0.244979 0.390436
v 0.658715 0.245750 0.398294
v 0.661433 0.244979 0.390436
v 0.660168 0.245782 0.390133
v 0.724522 0.468303 0.379651
v 0.728536 0.465860 0.381648
v 0.657450 0.246554 0.397990
v 0.658715 0.245750 0.398294
v 0.701153 0.472602 0.445197
v 0.697139 0.475046 0.443200
v 0.697139 0.475046 0.443200
v 0.701153 0.472602 0.445197
v 0.830655 0.626537 0.405339
v 0.830655 0.626537 0.405339
v 0.724522 0.468303 0.379651
v 0.697139 0.475046 0.443200
v 0.728536 0.465860 0.381648
v 0.724522 0.468303 0.379651
v 0.830655 0.626537 0.405339
v 0.701153 0.472602 0.445197
v 0.728536 0.465860 0.381648
v 0.830655 0.626537 0.405339
v 0.656407 0.418327 0.389039
v 0.653936 0.418121 0.394470
v 0.613256 0.639365 0.395109
v 0.637098 0.640712 0.351504
v 0.640107 0.641934 0.353188
v 0.616265 0.640587 0.396793
v 0.654907 0.418529 0.394769
v 0.657379 0.418735 0.389337
v 0.657379 0.418735 0.389337
v 0.654907 0.418529 0.394769
v 0.653936 0.418121 0.394470
v 0.656407 0.418327 0.389039
v 0.653936 0.418121 0.394470
v 0.654907 0.418529 0.394769
v 0.616265 0.640587 0.396793
v 0.613256 0.639365 0.395109
v 0.657379 0.418735 0.389337
v 0.656407 0.418327 0.389039
v 0.637098 0.640712 0.351504
v 0.640107 0.641934 0.353188
v 0.640107 0.641934 0.353188
v 0.637098 0.640712 0.351504
v 0.549298 0.831873 0.379259
v 0.549298 0.831873 0.379259
v 0.616265 0.640587 0.396793
v 0.640107 0.641934 0.353188
v 0.613256 0.639365 0.395109
v 0.616265 0.640587 0.396793
v 0.549298 0.831873 0.379259
v 0.637098 0.640712 0.351504
v 0.613256 0.639365 0.395109
v 0.549298 0.831873 0.379259
v 0.253831 0.015817 0.410090
v 0.257603 0.015114 0.403859
v 0.340790 0.218174 0.413586
v 0.305656 0.224314 0.462986
v 0.302585 0.226540 0.460537
v 0.337719 0.220400 0.411137
v 0.256576 0.015846 0.403367
v 0.252804 0.016549 0.409598
v 0.252804 0.016549 0.409598
v 0.256576 0.015846 0.403367
v 0.257603 0.015114 0.403859
v 0.253831 0.015817 0.410090
v 0.257603 0.015114 0.403859
v 0.256576 0.015846 0.403367
v 0.337719 0.220400 0.411137
v 0.340790 0.218174 0.413586
v 0.252804 0.016549 0.409598
v 0.253831 0.015817 0.410090
v 0.305656 0.224314 0.462986
v 0.302585 0.226540 0.460537
v 0.302585 0.226540 0.460537
v 0.305656 0.224314 0.462986
v 0.452213 0.525906 0.458719
v 0.452213 0.525906 0.458719
v 0.337719 0.220400 0.411137
v 0.302585 0.226540 0.460537
v 0.340790 0.218174 0.413586
v 0.337719 0.220400 0.411137
v 0.452213 0.525906 0.458719
v 0.305656 0.224314 0.462986
v 0.340790 0.218174 0.413586
v 0.452213 0.525906 0.458719
v 0.472508 1.052043 0.447256
v 0.493610 1.009899 0.483482
v 0.516298 1.052325 0.488350
v 0.492927 1.090226 0.451637
v 0.493610 1.009899 0.483482
v 0.548610 1.007498 0.464097
v 0.569029 1.045681 0.468478
v 0.516298 1.052325 0.488350
v 0.640080 1.333701 0.489718
v 0.655329 1.306713 0.503364
v 0.658912 1.306876 0.485305
v 0.472508 1.052043 0.447256
v 0.503440 1.009956 0.437199
v 0.493610 1.009899 0.483482
v 0.503440 1.009956 0.437199
v 0.526091 1.052403 0.442057
v 0.569029 1.045681 0.468478
v 0.548610 1.007498 0.464097
v 0.658912 1.306876 0.485305
v 0.655329 1.306713 0.503364
v 0.688385 1.305442 0.500281
v 0.493610 1.009899 0.483482
v 0.503440 1.009956 0.437199
v 0.548610 1.007498 0.464097
v 0.492927 1.090226 0.451637
v 0.526091 1.052403 0.442057
v 0.503440 1.009956 0.437199
v 0.472508 1.052043 0.447256
v 0.492927 1.090226 0.451637
v 0.516298 1.052325 0.488350
v 0.523804 1.065113 0.486655
v 0.501349 1.098969 0.455809
v 0.501349 1.098969 0.455809
v 0.532249 1.065188 0.446663
v 0.526091 1.052403 0.442057
v 0.492927 1.090226 0.451637
v 0.569029 1.045681 0.468478
v 0.526091 1.052403 0.442057
v 0.532249 1.065188 0.446663
v 0.571018 1.058193 0.471200
v 0.516298 1.052325 0.488350
v 0.569029 1.045681 0.468478
v 0.571018 1.058193 0.471200
v 0.523804 1.065113 0.486655
v 0.501349 1.098969 0.455809
v 0.523804 1.065113 0.486655
v 0.549343 1.112871 0.492134
v 0.527488 1.147847 0.461417
v 0.527488 1.147847 0.461417
v 0.557742 1.112974 0.452130
v 0.532249 1.065188 0.446663
v 0.501349 1.098969 0.455809
v 0.571018 1.058193 0.471200
v 0.532249 1.065188 0.446663
v 0.557742 1.112974 0.452130
v 0.597156 1.107071 0.476808
v 0.523804 1.065113 0.486655
v 0.571018 1.058193 0.471200
v 0.597156 1.107071 0.476808
v 0.549343 1.112871 0.492134
v 0.527488 1.147847 0.461417
v 0.549343 1.112871 0.492134
v 0.556446 1.124436 0.489127
v 0.535433 1.155670 0.465502
v 0.535433 1.155670 0.465502
v 0.562998 1.124535 0.457767
v 0.557742 1.112974 0.452130
v 0.527488 1.147847 0.461417
v 0.597156 1.107071 0.476808
v 0.557742 1.112974 0.452130
v 0.562998 1.124535 0.457767
v 0.598645 1.118679 0.479412
v 0.549343 1.112871 0.492134
v 0.597156 1.107071 0.476808
v 0.598645 1.118679 0.479412
v 0.556446 1.124436 0.489127
v 0.535433 1.155670 0.465502
v 0.556446 1.124436 0.489127
v 0.578289 1.165281 0.493814
v 0.557793 1.197484 0.470300
v 0.557793 1.197484 0.470300
v 0.584801 1.165404 0.462443
v 0.562998 1.124535 0.457767
v 0.535433 1.155670 0.465502
v 0.598645 1.118679 0.479412
v 0.562998 1.124535 0.457767
v 0.584801 1.165404 0.462443
v 0.621006 1.160493 0.484210
v 0.556446 1.124436 0.489127
v 0.598645 1.118679 0.479412
v 0.621006 1.160493 0.484210
v 0.578289 1.165281 0.493814
v 0.557793 1.197484 0.470300
v 0.578289 1.165281 0.493814
v 0.584657 1.175965 0.491953
v 0.564898 1.205790 0.473203
v 0.564898 1.205790 0.473203
v 0.589854 1.176083 0.466742
v 0.584801 1.165404 0.462443
v 0.557793 1.197484 0.470300
v 0.621006 1.160493 0.484210
v 0.584801 1.165404 0.462443
v 0.589854 1.176083 0.466742
v 0.623636 1.171423 0.486085
v 0.578289 1.165281 0.493814
v 0.621006 1.160493 0.484210
v 0.623636 1.171423 0.486085
v 0.584657 1.175965 0.491953
v 0.564898 1.205790 0.473203
v 0.584657 1.175965 0.491953
v 0.608471 1.220498 0.497062
v 0.588136 1.249244 0.478189
v 0.588136 1.249244 0.478189
v 0.613627 1.220641 0.471841
v 0.589854 1.176083 0.466742
v 0.564898 1.205790 0.473203
v 0.623636 1.171423 0.486085
v 0.589854 1.176083 0.466742
v 0.613627 1.220641 0.471841
v 0.646874 1.214877 0.491071
v 0.584657 1.175965 0.491953
v 0.623636 1.171423 0.486085
v 0.646874 1.214877 0.491071
v 0.608471 1.220498 0.497062
v 0.588136 1.249244 0.478189
v 0.608471 1.220498 0.497062
v 0.613980 1.230033 0.496213
v 0.594001 1.255162 0.479655
v 0.594001 1.255162 0.479655
v 0.618313 1.230170 0.474878
v 0.613627 1.220641 0.471841
v 0.588136 1.249244 0.478189
v 0.646874 1.214877 0.491071
v 0.613627 1.220641 0.471841
v 0.618313 1.230170 0.474878
v 0.648568 1.223238 0.491599
v 0.608471 1.220498 0.497062
v 0.646874 1.214877 0.491071
v 0.648568 1.223238 0.491599
v 0.613980 1.230033 0.496213
v 0.594001 1.255162 0.479655
v 0.613980 1.230033 0.496213
v 0.633505 1.266543 0.500402
v 0.612875 1.290454 0.483705
v 0.612875 1.290454 0.483705
v 0.637803 1.266700 0.479058
v 0.618313 1.230170 0.474878
v 0.594001 1.255162 0.479655
v 0.648568 1.223238 0.491599
v 0.618313 1.230170 0.474878
v 0.637803 1.266700 0.479058
v 0.667442 1.258530 0.495648
v 0.613980 1.230033 0.496213
v 0.648568 1.223238 0.491599
v 0.667442 1.258530 0.495648
v 0.633505 1.266543 0.500402
v 0.612875 1.290454 0.483705
v 0.633505 1.266543 0.500402
v 0.639941 1.277938 0.500063
v 0.621320 1.298619 0.485692
v 0.621320 1.298619 0.485692
v 0.643558 1.278081 0.482012
v 0.637803 1.266700 0.479058
v 0.612875 1.290454 0.483705
v 0.667442 1.258530 0.495648
v 0.637803 1.266700 0.479058
v 0.643558 1.278081 0.482012
v 0.669624 1.270360 0.496256
v 0.633505 1.266543 0.500402
v 0.667442 1.258530 0.495648
v 0.669624 1.270360 0.496256
v 0.639941 1.277938 0.500063
v 0.621320 1.298619 0.485692
v 0.639941 1.277938 0.500063
v 0.655329 1.306713 0.503364
v 0.640080 1.333701 0.489718
v 0.640080 1.333701 0.489718
v 0.658912 1.306876 0.485305
v 0.643558 1.278081 0.482012
v 0.621320 1.298619 0.485692
v 0.669624 1.270360 0.496256
v 0.643558 1.278081 0.482012
v 0.658912 1.306876 0.485305
v 0.688385 1.305442 0.500281
v 0.639941 1.277938 0.500063
v 0.669624 1.270360 0.496256
v 0.688385 1.305442 0.500281
v 0.655329 1.306713 0.503364
v 0.288906 0.276477 0.411479
v 0.289366 0.276281 0.418078
v 0.289876 0.386393 0.456478
v 0.280076 0.388536 0.392647
v 0.284632 0.389277 0.391971
v 0.294432 0.387133 0.455803
v 0.290289 0.276412 0.418017
v 0.289828 0.276608 0.411418
v 0.289828 0.276608 0.411418
v 0.290289 0.276412 0.418017
v 0.289366 0.276281 0.418078
v 0.288906 0.276477 0.411479
v 0.289366 0.276281 0.418078
v 0.290289 0.276412 0.418017
v 0.294432 0.387133 0.455803
v 0.289876 0.386393 0.456478
v 0.289828 0.276608 0.411418
v 0.288906 0.276477 0.411479
v 0.280076 0.388536 0.392647
v 0.284632 0.389277 0.391971
v 0.284632 0.389277 0.391971
v 0.280076 0.388536 0.392647
v 0.260553 0.668756 0.415935
v 0.260553 0.668756 0.415935
v 0.294432 0.387133 0.455803
v 0.284632 0.389277 0.391971
v 0.289876 0.386393 0.456478
v 0.294432 0.387133 0.455803
v 0.260553 0.668756 0.415935
v 0.280076 0.388536 0.392647
v 0.289876 0.386393 0.456478
v 0.260553 0.668756 0.415935
v 0.256550 0.000000 0.399455
v 0.246998 0.000000 0.400441
v 0.342305 0.652739 0.420890
v 0.351707 0.651876 0.419872
v 0.246998 0.000000 0.400441
v 0.244984 0.000000 0.409830
v 0.340291 0.652739 0.430279
v 0.342305 0.652739 0.420890
v 0.244984 0.000000 0.409830
v 0.253291 0.000000 0.414647
v 0.348447 0.651876 0.435064
v 0.340291 0.652739 0.430279
v 0.253291 0.000000 0.414647
v 0.260439 0.000000 0.408235
v 0.355503 0.651343 0.428632
v 0.348447 0.651876 0.435064
v 0.260439 0.000000 0.408235
v 0.256550 0.000000 0.399455
v 0.351707 0.651876 0.419872
v 0.355503 0.651343 0.428632
v 0.246998 0.000000 0.400441
v 0.256550 0.000000 0.399455
v 0.252452 0.000000 0.406522
v 0.244984 0.000000 0.409830
v 0.246998 0.000000 0.400441
v 0.252452 0.000000 0.406522
v 0.253291 0.000000 0.414647
v 0.244984 0.000000 0.409830
v 0.252452 0.000000 0.406522
v 0.260439 0.000000 0.408235
v 0.253291 0.000000 0.414647
v 0.252452 0.000000 0.406522
v 0.256550 0.000000 0.399455
v 0.260439 0.000000 0.408235
v 0.252452 0.000000 0.406522
v 0.340291 0.652739 0.430279
v 0.348447 0.651876 0.435064
v 0.497153 1.009899 0.466970
v 0.489330 1.012930 0.462256
v 0.342305 0.652739 0.420890
v 0.340291 0.652739 0.430279
v 0.489330 1.012930 0.462256
v 0.491344 1.012930 0.452868
v 0.351707 0.651876 0.419872
v 0.342305 0.652739 0.420890
v 0.491344 1.012930 0.452868
v 0.500412 1.009899 0.451778
v 0.355503 0.651343 0.428632
v 0.351707 0.651876 0.419872
v 0.500412 1.009899 0.451778
v 0.504002 1.008026 0.460494
v 0.348447 0.651876 0.435064
v 0.355503 0.651343 0.428632
v 0.504002 1.008026 0.460494
v 0.497153 1.009899 0.466970
v 0.404099 0.793228 0.434019
v 0.401442 0.793733 0.437689
v 0.430089 0.969575 0.444334
v 0.454145 0.964234 0.415456
v 0.456302 0.964344 0.417233
v 0.432246 0.969686 0.446111
v 0.402182 0.793779 0.438080
v 0.404838 0.793274 0.434410
v 0.404838 0.793274 0.434410
v 0.402182 0.793779 0.438080
v 0.401442 0.793733 0.437689
v 0.404099 0.793228 0.434019
v 0.401442 0.793733 0.437689
v 0.402182 0.793779 0.438080
v 0.432246 0.969686 0.446111
v 0.430089 0.969575 0.444334
v 0.404838 0.793274 0.434410
v 0.404099 0.793228 0.434019
v 0.454145 0.964234 0.415456
v 0.456302 0.964344 0.417233
v 0.456302 0.964344 0.417233
v 0.454145 0.964234 0.415456
v 0.437605 1.130181 0.433573
v 0.437605 1.130181 0.433573
v 0.432246 0.969686 0.446111
v 0.456302 0.964344 0.417233
v 0.430089 0.969575 0.444334
v 0.432246 0.969686 0.446111
v 0.437605 1.130181 0.433573
v 0.454145 0.964234 0.415456
v 0.430089 0.969575 0.444334
v 0.437605 1.130181 0.433573
v 0.349678 0.654014 0.433344
v 0.353511 0.652240 0.426130
v 0.477517 0.792886 0.443749
v 0.441796 0.809759 0.501080
v 0.439469 0.813638 0.498538
v 0.475190 0.796765 0.441207
v 0.352722 0.653495 0.425650
v 0.348889 0.655268 0.432865
v 0.348889 0.655268 0.432865
v 0.352722 0.653495 0.425650
v 0.353511 0.652240 0.426130
v 0.349678 0.654014 0.433344
v 0.353511 0.652240 0.426130
v 0.352722 0.653495 0.425650
v 0.475190 0.796765 0.441207
v 0.477517 0.792886 0.443749
v 0.348889 0.655268 0.432865
v 0.349678 0.654014 0.433344
v 0.441796 0.809759 0.501080
v 0.439469 0.813638 0.498538
v 0.439469 0.813638 0.498538
v 0.441796 0.809759 0.501080
v 0.614400 0.812254 0.497348
v 0.614400 0.812254 0.497348
v 0.475190 0.796765 0.441207
v 0.439469 0.813638 0.498538
v 0.477517 0.792886 0.443749
v 0.475190 0.796765 0.441207
v 0.614400 0.812254 0.497348
v 0.441796 0.809759 0.501080
v 0.477517 0.792886 0.443749
v 0.614400 0.812254 0.497348
v 0.095764 0.008552 0.380316
v 0.092746 0.008279 0.386950
v 0.019071 0.269787 0.387730
v 0.046547 0.280231 0.334471
v 0.049647 0.282887 0.336528
v 0.022171 0.272443 0.389787
v 0.093932 0.008820 0.387314
v 0.096951 0.009093 0.380680
v 0.096951 0.009093 0.380680
v 0.093932 0.008820 0.387314
v 0.092746 0.008279 0.386950
v 0.095764 0.008552 0.380316
v 0.092746 0.008279 0.386950
v 0.093932 0.008820 0.387314
v 0.022171 0.272443 0.389787
v 0.019071 0.269787 0.387730
v 0.096951 0.009093 0.380680
v 0.095764 0.008552 0.380316
v 0.046547 0.280231 0.334471
v 0.049647 0.282887 0.336528
v 0.049647 0.282887 0.336528
v 0.046547 0.280231 0.334471
v -0.113491 0.432642 0.368370
v -0.113491 0.432642 0.368370
v 0.022171 0.272443 0.389787
v 0.049647 0.282887 0.336528
v 0.019071 0.269787 0.387730
v 0.022171 0.272443 0.389787
v -0.113491 0.432642 0.368370
v 0.046547 0.280231 0.334471
v 0.019071 0.269787 0.387730
v -0.113491 0.432642 0.368370
v 0.058431 1.313795 0.380086
v 0.102186 1.288057 0.411080
v 0.104249 1.338729 0.411080
v 0.060288 1.359399 0.380086
v 0.102186 1.288057 0.411080
v 0.147643 1.309662 0.380587
v 0.149500 1.355267 0.380587
v 0.104249 1.338729 0.411080
v 0.088831 1.659168 0.386449
v 0.116577 1.642539 0.396593
v 0.116251 1.642554 0.378184
v 0.058431 1.313795 0.380086
v 0.102073 1.288062 0.363765
v 0.102186 1.288057 0.411080
v 0.102073 1.288062 0.363765
v 0.104093 1.338736 0.363762
v 0.149500 1.355267 0.380587
v 0.147643 1.309662 0.380587
v 0.116251 1.642554 0.378184
v 0.116577 1.642539 0.396593
v 0.145427 1.656547 0.386644
v 0.102186 1.288057 0.411080
v 0.102073 1.288062 0.363765
v 0.147643 1.309662 0.380587
v 0.060288 1.359399 0.380086
v 0.104093 1.338736 0.363762
v 0.102073 1.288062 0.363765
v 0.058431 1.313795 0.380086
v 0.060288 1.359399 0.380086
v 0.104249 1.338729 0.411080
v 0.104861 1.353997 0.407848
v 0.064578 1.371918 0.382398
v 0.064578 1.371918 0.382398
v 0.104710 1.354004 0.366974
v 0.104093 1.338736 0.363762
v 0.060288 1.359399 0.380086
v 0.149500 1.355267 0.380587
v 0.104093 1.338736 0.363762
v 0.104710 1.354004 0.366974
v 0.146243 1.368135 0.382831
v 0.104249 1.338729 0.411080
v 0.149500 1.355267 0.380587
v 0.146243 1.368135 0.382831
v 0.104861 1.353997 0.407848
v 0.064578 1.371918 0.382398
v 0.104861 1.353997 0.407848
v 0.107184 1.411038 0.407848
v 0.066955 1.430296 0.382398
v 0.066955 1.430296 0.382398
v 0.106978 1.411047 0.366971
v 0.104710 1.354004 0.366974
v 0.064578 1.371918 0.382398
v 0.146243 1.368135 0.382831
v 0.104710 1.354004 0.366974
v 0.106978 1.411047 0.366971
v 0.148619 1.426513 0.382831
v 0.104861 1.353997 0.407848
v 0.146243 1.368135 0.382831
v 0.148619 1.426513 0.382831
v 0.107184 1.411038 0.407848
v 0.066955 1.430296 0.382398
v 0.107184 1.411038 0.407848
v 0.107736 1.424846 0.403417
v 0.071218 1.441724 0.384726
v 0.071218 1.441724 0.384726
v 0.107538 1.424855 0.371381
v 0.106978 1.411047 0.366971
v 0.066955 1.430296 0.382398
v 0.148619 1.426513 0.382831
v 0.106978 1.411047 0.366971
v 0.107538 1.424855 0.371381
v 0.145302 1.438293 0.385065
v 0.107184 1.411038 0.407848
v 0.148619 1.426513 0.382831
v 0.145302 1.438293 0.385065
v 0.107736 1.424846 0.403417
v 0.071218 1.441724 0.384726
v 0.107736 1.424846 0.403417
v 0.109722 1.473630 0.403417
v 0.073251 1.491666 0.384726
v 0.073251 1.491666 0.384726
v 0.109477 1.473641 0.371378
v 0.107538 1.424855 0.371381
v 0.071218 1.441724 0.384726
v 0.145302 1.438293 0.385065
v 0.107538 1.424855 0.371381
v 0.109477 1.473641 0.371378
v 0.147335 1.488234 0.385065
v 0.107736 1.424846 0.403417
v 0.145302 1.438293 0.385065
v 0.147335 1.488234 0.385065
v 0.109722 1.473630 0.403417
v 0.073251 1.491666 0.384726
v 0.109722 1.473630 0.403417
v 0.110235 1.486386 0.400262
v 0.076347 1.503031 0.386074
v 0.076347 1.503031 0.386074
v 0.109998 1.486397 0.374522
v 0.109477 1.473641 0.371378
v 0.073251 1.491666 0.384726
v 0.147335 1.488234 0.385065
v 0.109477 1.473641 0.371378
v 0.109998 1.486397 0.374522
v 0.145175 1.499843 0.386347
v 0.109722 1.473630 0.403417
v 0.147335 1.488234 0.385065
v 0.145175 1.499843 0.386347
v 0.110235 1.486386 0.400262
v 0.076347 1.503031 0.386074
v 0.110235 1.486386 0.400262
v 0.112401 1.539575 0.400262
v 0.078460 1.554932 0.386074
v 0.078460 1.554932 0.386074
v 0.112115 1.539588 0.374520
v 0.109998 1.486397 0.374522
v 0.076347 1.503031 0.386074
v 0.145175 1.499843 0.386347
v 0.109998 1.486397 0.374522
v 0.112115 1.539588 0.374520
v 0.147288 1.551744 0.386347
v 0.110235 1.486386 0.400262
v 0.145175 1.499843 0.386347
v 0.147288 1.551744 0.386347
v 0.112401 1.539575 0.400262
v 0.078460 1.554932 0.386074
v 0.112401 1.539575 0.400262
v 0.112858 1.550960 0.398275
v 0.081253 1.563345 0.386277
v 0.081253 1.563345 0.386277
v 0.112583 1.550973 0.376506
v 0.112115 1.539588 0.374520
v 0.078460 1.554932 0.386074
v 0.147288 1.551744 0.386347
v 0.112115 1.539588 0.374520
v 0.112583 1.550973 0.376506
v 0.145189 1.560383 0.386508
v 0.112401 1.539575 0.400262
v 0.147288 1.551744 0.386347
v 0.145189 1.560383 0.386508
v 0.112858 1.550960 0.398275
v 0.081253 1.563345 0.386277
v 0.112858 1.550960 0.398275
v 0.114633 1.594567 0.398275
v 0.082969 1.605497 0.386277
v 0.082969 1.605497 0.386277
v 0.114319 1.594581 0.376504
v 0.112583 1.550973 0.376506
v 0.081253 1.563345 0.386277
v 0.145189 1.560383 0.386508
v 0.112583 1.550973 0.376506
v 0.114319 1.594581 0.376504
v 0.146905 1.602535 0.386508
v 0.112858 1.550960 0.398275
v 0.145189 1.560383 0.386508
v 0.146905 1.602535 0.386508
v 0.114633 1.594567 0.398275
v 0.082969 1.605497 0.386277
v 0.114633 1.594567 0.398275
v 0.115178 1.608172 0.396593
v 0.087126 1.617267 0.386449
v 0.087126 1.617267 0.386449
v 0.114891 1.608185 0.378185
v 0.114319 1.594581 0.376504
v 0.082969 1.605497 0.386277
v 0.146905 1.602535 0.386508
v 0.114319 1.594581 0.376504
v 0.114891 1.608185 0.378185
v 0.143721 1.614646 0.386644
v 0.114633 1.594567 0.398275
v 0.146905 1.602535 0.386508
v 0.143721 1.614646 0.386644
v 0.115178 1.608172 0.396593
v 0.087126 1.617267 0.386449
v 0.115178 1.608172 0.396593
v 0.116577 1.642539 0.396593
v 0.088831 1.659168 0.386449
v 0.088831 1.659168 0.386449
v 0.116251 1.642554 0.378184
v 0.114891 1.608185 0.378185
v 0.087126 1.617267 0.386449
v 0.143721 1.614646 0.386644
v 0.114891 1.608185 0.378185
v 0.116251 1.642554 0.378184
v 0.145427 1.656547 0.386644
v 0.115178 1.608172 0.396593
v 0.143721 1.614646 0.386644
v 0.145427 1.656547 0.386644
v 0.116577 1.642539 0.396593
v 0.096155 0.985405 0.380581
v 0.094094 0.985219 0.385111
v 0.043790 1.163773 0.385644
v 0.062550 1.170904 0.349279
v 0.064667 1.172717 0.350684
v 0.045907 1.165586 0.387048
v 0.094905 0.985588 0.385360
v 0.096966 0.985774 0.380830
v 0.096966 0.985774 0.380830
v 0.094905 0.985588 0.385360
v 0.094094 0.985219 0.385111
v 0.096155 0.985405 0.380581
v 0.094094 0.985219 0.385111
v 0.094905 0.985588 0.385360
v 0.045907 1.165586 0.387048
v 0.043790 1.163773 0.385644
v 0.096966 0.985774 0.380830
v 0.096155 0.985405 0.380581
v 0.062550 1.170904 0.349279
v 0.064667 1.172717 0.350684
v 0.064667 1.172717 0.350684
v 0.062550 1.170904 0.349279
v -0.046721 1.274968 0.372425
v -0.046721 1.274968 0.372425
v 0.045907 1.165586 0.387048
v 0.064667 1.172717 0.350684
v 0.043790 1.163773 0.385644
v 0.045907 1.165586 0.387048
v -0.046721 1.274968 0.372425
v 0.062550 1.170904 0.349279
v 0.043790 1.163773 0.385644
v -0.046721 1.274968 0.372425
v 0.096886 0.000000 0.375621
v 0.087753 0.000000 0.378588
v 0.093137 1.286739 0.378588
v 0.102186 1.288057 0.375621
v 0.087753 0.000000 0.378588
v 0.087753 0.000000 0.388191
v 0.093137 1.286739 0.388191
v 0.093137 1.286739 0.378588
v 0.087753 0.000000 0.388191
v 0.096886 0.000000 0.391158
v 0.102186 1.288057 0.391158
v 0.093137 1.286739 0.388191
v 0.102186 1.288057 0.391158
v 0.096886 0.000000 0.391158
v 0.102530 0.000000 0.383390
v 0.107778 1.288872 0.383390
v 0.102530 0.000000 0.383390
v 0.096886 0.000000 0.375621
v 0.102186 1.288057 0.375621
v 0.107778 1.288872 0.383390
v 0.087753 0.000000 0.378588
v 0.096886 0.000000 0.375621
v 0.094362 0.000000 0.383390
v 0.087753 0.000000 0.388191
v 0.087753 0.000000 0.378588
v 0.094362 0.000000 0.383390
v 0.096886 0.000000 0.391158
v 0.087753 0.000000 0.388191
v 0.094362 0.000000 0.383390
v 0.102530 0.000000 0.383390
v 0.096886 0.000000 0.391158
v 0.094362 0.000000 0.383390
v 0.096886 0.000000 0.375621
v 0.102530 0.000000 0.383390
v 0.094362 0.000000 0.383390
v 0.096729 0.828248 0.388913
v 0.099446 0.827411 0.381056
v 0.169118 1.119068 0.372268
v 0.141735 1.126381 0.435817
v 0.137721 1.129032 0.433820
v 0.165104 1.121718 0.370270
v 0.098182 0.828282 0.380753
v 0.095464 0.829119 0.388610
v 0.095464 0.829119 0.388610
v 0.098182 0.828282 0.380753
v 0.099446 0.827411 0.381056
v 0.096729 0.828248 0.388913
v 0.099446 0.827411 0.381056
v 0.098182 0.828282 0.380753
v 0.165104 1.121718 0.370270
v 0.169118 1.119068 0.372268
v 0.095464 0.829119 0.388610
v 0.096729 0.828248 0.388913
v 0.141735 1.126381 0.435817
v 0.137721 1.129032 0.433820
v 0.137721 1.129032 0.433820
v 0.141735 1.126381 0.435817
v 0.268669 1.241305 0.395958
v 0.268669 1.241305 0.395958
v 0.165104 1.121718 0.370270
v 0.137721 1.129032 0.433820
v 0.169118 1.119068 0.372268
v 0.165104 1.121718 0.370270
v 0.268669 1.241305 0.395958
v 0.141735 1.126381 0.435817
v 0.169118 1.119068 0.372268
v 0.268669 1.241305 0.395958
v 0.097195 0.266577 0.388607
v 0.099913 0.265740 0.380749
v 0.167015 0.505339 0.371961
v 0.139633 0.512653 0.435511
v 0.135619 0.515304 0.433513
v 0.163002 0.507990 0.369964
v 0.098648 0.266611 0.380446
v 0.095930 0.267448 0.388304
v 0.095930 0.267448 0.388304
v 0.098648 0.266611 0.380446
v 0.099913 0.265740 0.380749
v 0.097195 0.266577 0.388607
v 0.099913 0.265740 0.380749
v 0.098648 0.266611 0.380446
v 0.163002 0.507990 0.369964
v 0.167015 0.505339 0.371961
v 0.095930 0.267448 0.388304
v 0.097195 0.266577 0.388607
v 0.139633 0.512653 0.435511
v 0.135619 0.515304 0.433513
v 0.135619 0.515304 0.433513
v 0.139633 0.512653 0.435511
v 0.269135 0.679634 0.395652
v 0.269135 0.679634 0.395652
v 0.163002 0.507990 0.369964
v 0.135619 0.515304 0.433513
v 0.167015 0.505339 0.371961
v 0.163002 0.507990 0.369964
v 0.269135 0.679634 0.395652
v 0.139633 0.512653 0.435511
v 0.167015 0.505339 0.371961
v 0.269135 0.679634 0.395652
v 0.094887 0.453778 0.379352
v 0.092415 0.453555 0.384784
v 0.051736 0.693549 0.385422
v 0.075578 0.695010 0.341818
v 0.078587 0.696335 0.343502
v 0.054745 0.694874 0.387107
v 0.093387 0.453998 0.385082
v 0.095859 0.454221 0.379651
v 0.095859 0.454221 0.379651
v 0.093387 0.453998 0.385082
v 0.092415 0.453555 0.384784
v 0.094887 0.453778 0.379352
v 0.092415 0.453555 0.384784
v 0.093387 0.453998 0.385082
v 0.054745 0.694874 0.387107
v 0.051736 0.693549 0.385422
v 0.095859 0.454221 0.379651
v 0.094887 0.453778 0.379352
v 0.075578 0.695010 0.341818
v 0.078587 0.696335 0.343502
v 0.078587 0.696335 0.343502
v 0.075578 0.695010 0.341818
v -0.012222 0.902370 0.369572
v -0.012222 0.902370 0.369572
v 0.054745 0.694874 0.387107
v 0.078587 0.696335 0.343502
v 0.051736 0.693549 0.385422
v 0.054745 0.694874 0.387107
v -0.012222 0.902370 0.369572
v 0.075578 0.695010 0.341818
v 0.051736 0.693549 0.385422
v -0.012222 0.902370 0.369572
v -0.178742 0.024229 -0.403925
v -0.173550 0.023979 -0.409039
v -0.104473 0.263695 -0.383407
v -0.149186 0.273269 -0.343505
v -0.151345 0.275703 -0.346535
v -0.106632 0.266129 -0.386437
v -0.174527 0.024475 -0.409804
v -0.179720 0.024725 -0.404690
v -0.179720 0.024725 -0.404690
v -0.174527 0.024475 -0.409804
v -0.173550 0.023979 -0.409039
v -0.178742 0.024229 -0.403925
v -0.173550 0.023979 -0.409039
v -0.174527 0.024475 -0.409804
v -0.106632 0.266129 -0.386437
v -0.104473 0.263695 -0.383407
v -0.179720 0.024725 -0.404690
v -0.178742 0.024229 -0.403925
v -0.149186 0.273269 -0.343505
v -0.151345 0.275703 -0.346535
v -0.151345 0.275703 -0.346535
v -0.149186 0.273269 -0.343505
v 0.012386 0.412979 -0.317899
v 0.012386 0.412979 -0.317899
v -0.106632 0.266129 -0.386437
v -0.151345 0.275703 -0.346535
v -0.104473 0.263695 -0.383407
v -0.106632 0.266129 -0.386437
v 0.012386 0.412979 -0.317899
v -0.149186 0.273269 -0.343505
v -0.104473 0.263695 -0.383407
v 0.012386 0.412979 -0.317899
v -0.143962 1.220702 -0.390353
v -0.173731 1.197109 -0.434950
v -0.175658 1.243558 -0.435688
v -0.145696 1.262506 -0.391017
v -0.173731 1.197109 -0.434950
v -0.227089 1.216914 -0.422741
v -0.228823 1.258718 -0.423405
v -0.175658 1.243558 -0.435688
v -0.170074 1.537294 -0.407171
v -0.192353 1.522051 -0.426571
v -0.198635 1.522065 -0.409264
v -0.143962 1.220702 -0.390353
v -0.190555 1.197114 -0.390727
v -0.173731 1.197109 -0.434950
v -0.190555 1.197114 -0.390727
v -0.192443 1.243565 -0.391447
v -0.228823 1.258718 -0.423405
v -0.227089 1.216914 -0.422741
v -0.198635 1.522065 -0.409264
v -0.192353 1.522051 -0.426571
v -0.222853 1.534891 -0.427603
v -0.173731 1.197109 -0.434950
v -0.190555 1.197114 -0.390727
v -0.227089 1.216914 -0.422741
v -0.145696 1.262506 -0.391017
v -0.192443 1.243565 -0.391447
v -0.190555 1.197114 -0.390727
v -0.143962 1.220702 -0.390353
v -0.145696 1.262506 -0.391017
v -0.175658 1.243558 -0.435688
v -0.177386 1.257554 -0.432889
v -0.148875 1.273982 -0.394711
v -0.148875 1.273982 -0.394711
v -0.191869 1.257561 -0.394667
v -0.192443 1.243565 -0.391447
v -0.145696 1.262506 -0.391017
v -0.228823 1.258718 -0.423405
v -0.192443 1.243565 -0.391447
v -0.191869 1.257561 -0.394667
v -0.224979 1.270514 -0.424335
v -0.175658 1.243558 -0.435688
v -0.228823 1.258718 -0.423405
v -0.224979 1.270514 -0.424335
v -0.177386 1.257554 -0.432889
v -0.148875 1.273982 -0.394711
v -0.177386 1.257554 -0.432889
v -0.179554 1.309841 -0.433720
v -0.151095 1.327495 -0.395562
v -0.151095 1.327495 -0.395562
v -0.193988 1.309850 -0.395475
v -0.191869 1.257561 -0.394667
v -0.148875 1.273982 -0.394711
v -0.224979 1.270514 -0.424335
v -0.191869 1.257561 -0.394667
v -0.193988 1.309850 -0.395475
v -0.227198 1.324027 -0.425185
v -0.177386 1.257554 -0.432889
v -0.224979 1.270514 -0.424335
v -0.227198 1.324027 -0.425185
v -0.179554 1.309841 -0.433720
v -0.151095 1.327495 -0.395562
v -0.179554 1.309841 -0.433720
v -0.181656 1.322499 -0.429780
v -0.154243 1.337971 -0.399261
v -0.154243 1.337971 -0.399261
v -0.192933 1.322507 -0.399794
v -0.193988 1.309850 -0.395475
v -0.151095 1.327495 -0.395562
v -0.227198 1.324027 -0.425185
v -0.193988 1.309850 -0.395475
v -0.192933 1.322507 -0.399794
v -0.223300 1.334825 -0.426084
v -0.179554 1.309841 -0.433720
v -0.227198 1.324027 -0.425185
v -0.223300 1.334825 -0.426084
v -0.181656 1.322499 -0.429780
v -0.154243 1.337971 -0.399261
v -0.181656 1.322499 -0.429780
v -0.183510 1.367217 -0.430491
v -0.156141 1.383750 -0.399988
v -0.156141 1.383750 -0.399988
v -0.194745 1.367228 -0.400486
v -0.192933 1.322507 -0.399794
v -0.154243 1.337971 -0.399261
v -0.223300 1.334825 -0.426084
v -0.192933 1.322507 -0.399794
v -0.194745 1.367228 -0.400486
v -0.225199 1.380605 -0.426812
v -0.181656 1.322499 -0.429780
v -0.223300 1.334825 -0.426084
v -0.225199 1.380605 -0.426812
v -0.183510 1.367217 -0.430491
v -0.156141 1.383750 -0.399988
v -0.183510 1.367217 -0.430491
v -0.185118 1.378911 -0.427728
v -0.158549 1.394168 -0.402355
v -0.158549 1.394168 -0.402355
v -0.194106 1.378921 -0.403607
v -0.194745 1.367228 -0.400486
v -0.156141 1.383750 -0.399988
v -0.225199 1.380605 -0.426812
v -0.194745 1.367228 -0.400486
v -0.194106 1.378921 -0.403607
v -0.222724 1.391246 -0.427236
v -0.183510 1.367217 -0.430491
v -0.225199 1.380605 -0.426812
v -0.222724 1.391246 -0.427236
v -0.185118 1.378911 -0.427728
v -0.158549 1.394168 -0.402355
v -0.185118 1.378911 -0.427728
v -0.187140 1.427667 -0.428503
v -0.160522 1.441744 -0.403111
v -0.160522 1.441744 -0.403111
v -0.196084 1.427679 -0.404363
v -0.194106 1.378921 -0.403607
v -0.158549 1.394168 -0.402355
v -0.222724 1.391246 -0.427236
v -0.194106 1.378921 -0.403607
v -0.196084 1.427679 -0.404363
v -0.224697 1.438822 -0.427992
v -0.185118 1.378911 -0.427728
v -0.222724 1.391246 -0.427236
v -0.224697 1.438822 -0.427992
v -0.187140 1.427667 -0.428503
v -0.160522 1.441744 -0.403111
v -0.187140 1.427667 -0.428503
v -0.188278 1.438103 -0.426811
v -0.163058 1.449456 -0.404300
v -0.163058 1.449456 -0.404300
v -0.195811 1.438115 -0.406385
v -0.196084 1.427679 -0.404363
v -0.160522 1.441744 -0.403111
v -0.224697 1.438822 -0.427992
v -0.196084 1.427679 -0.404363
v -0.195811 1.438115 -0.406385
v -0.222679 1.446741 -0.427391
v -0.187140 1.427667 -0.428503
v -0.224697 1.438822 -0.427992
v -0.222679 1.446741 -0.427391
v -0.188278 1.438103 -0.426811
v -0.163058 1.449456 -0.404300
v -0.188278 1.438103 -0.426811
v -0.189936 1.478076 -0.427446
v -0.164661 1.488096 -0.404914
v -0.164661 1.488096 -0.404914
v -0.197432 1.478090 -0.407005
v -0.195811 1.438115 -0.406385
v -0.163058 1.449456 -0.404300
v -0.222679 1.446741 -0.427391
v -0.195811 1.438115 -0.406385
v -0.197432 1.478090 -0.407005
v -0.224282 1.485381 -0.428005
v -0.188278 1.438103 -0.426811
v -0.222679 1.446741 -0.427391
v -0.224282 1.485381 -0.428005
v -0.189936 1.478076 -0.427446
v -0.164661 1.488096 -0.404914
v -0.189936 1.478076 -0.427446
v -0.191046 1.490547 -0.426071
v -0.168481 1.498885 -0.406561
v -0.168481 1.498885 -0.406561
v -0.197365 1.490560 -0.408779
v -0.197432 1.478090 -0.407005
v -0.164661 1.488096 -0.404914
v -0.224282 1.485381 -0.428005
v -0.197432 1.478090 -0.407005
v -0.197365 1.490560 -0.408779
v -0.221260 1.496482 -0.426993
v -0.189936 1.478076 -0.427446
v -0.224282 1.485381 -0.428005
v -0.221260 1.496482 -0.426993
v -0.191046 1.490547 -0.426071
v -0.168481 1.498885 -0.406561
v -0.191046 1.490547 -0.426071
v -0.192353 1.522051 -0.426571
v -0.170074 1.537294 -0.407171
v -0.170074 1.537294 -0.407171
v -0.198635 1.522065 -0.409264
v -0.197365 1.490560 -0.408779
v -0.168481 1.498885 -0.406561
v -0.221260 1.496482 -0.426993
v -0.197365 1.490560 -0.408779
v -0.198635 1.522065 -0.409264
v -0.222853 1.534891 -0.427603
v -0.191046 1.490547 -0.426071
v -0.221260 1.496482 -0.426993
v -0.222853 1.534891 -0.427603
v -0.192353 1.522051 -0.426571
v -0.179012 0.919678 -0.404313
v -0.175467 0.919507 -0.407805
v -0.128302 1.083182 -0.390304
v -0.158832 1.089719 -0.363059
v -0.160306 1.091381 -0.365128
v -0.129776 1.084844 -0.392373
v -0.176134 0.919846 -0.408327
v -0.179680 0.920017 -0.404835
v -0.179680 0.920017 -0.404835
v -0.176134 0.919846 -0.408327
v -0.175467 0.919507 -0.407805
v -0.179012 0.919678 -0.404313
v -0.175467 0.919507 -0.407805
v -0.176134 0.919846 -0.408327
v -0.129776 1.084844 -0.392373
v -0.128302 1.083182 -0.390304
v -0.179680 0.920017 -0.404835
v -0.179012 0.919678 -0.404313
v -0.158832 1.089719 -0.363059
v -0.160306 1.091381 -0.365128
v -0.160306 1.091381 -0.365128
v -0.158832 1.089719 -0.363059
v -0.048512 1.185111 -0.345576
v -0.048512 1.185111 -0.345576
v -0.129776 1.084844 -0.392373
v -0.160306 1.091381 -0.365128
v -0.128302 1.083182 -0.390304
v -0.129776 1.084844 -0.392373
v -0.048512 1.185111 -0.345576
v -0.158832 1.089719 -0.363059
v -0.128302 1.083182 -0.390304
v -0.048512 1.185111 -0.345576
v -0.181469 0.016390 -0.399942
v -0.171880 0.016390 -0.399445
v -0.176907 1.195901 -0.401372
v -0.186418 1.197109 -0.401839
v -0.171880 0.016390 -0.399445
v -0.168444 0.016390 -0.408412
v -0.173471 1.195901 -0.410339
v -0.176907 1.195901 -0.401372
v -0.168444 0.016390 -0.408412
v -0.175910 0.016390 -0.414451
v -0.180859 1.197109 -0.416347
v -0.173471 1.195901 -0.410339
v -0.180859 1.197109 -0.416347
v -0.175910 0.016390 -0.414451
v -0.183960 0.016390 -0.409216
v -0.188861 1.197856 -0.411094
v -0.183960 0.016390 -0.409216
v -0.181469 0.016390 -0.399942
v -0.186418 1.197109 -0.401839
v -0.188861 1.197856 -0.411094
v -0.171880 0.016390 -0.399445
v -0.181469 0.016390 -0.399942
v -0.176332 0.016390 -0.406293
v -0.168444 0.016390 -0.408412
v -0.171880 0.016390 -0.399445
v -0.176332 0.016390 -0.406293
v -0.175910 0.016390 -0.414451
v -0.168444 0.016390 -0.408412
v -0.176332 0.016390 -0.406293
v -0.183960 0.016390 -0.409216
v -0.175910 0.016390 -0.414451
v -0.176332 0.016390 -0.406293
v -0.181469 0.016390 -0.399942
v -0.183960 0.016390 -0.409216
v -0.176332 0.016390 -0.406293
v -0.176566 0.775617 -0.412298
v -0.181916 0.774850 -0.405933
v -0.250119 1.042202 -0.422655
v -0.201811 1.048906 -0.472200
v -0.198778 1.051336 -0.468899
v -0.247086 1.044632 -0.419354
v -0.180843 0.775649 -0.405198
v -0.175494 0.776416 -0.411563
v -0.175494 0.776416 -0.411563
v -0.180843 0.775649 -0.405198
v -0.181916 0.774850 -0.405933
v -0.176566 0.775617 -0.412298
v -0.181916 0.774850 -0.405933
v -0.180843 0.775649 -0.405198
v -0.247086 1.044632 -0.419354
v -0.250119 1.042202 -0.422655
v -0.175494 0.776416 -0.411563
v -0.176566 0.775617 -0.412298
v -0.201811 1.048906 -0.472200
v -0.198778 1.051336 -0.468899
v -0.198778 1.051336 -0.468899
v -0.201811 1.048906 -0.472200
v -0.334603 1.154252 -0.480397
v -0.334603 1.154252 -0.480397
v -0.247086 1.044632 -0.419354
v -0.198778 1.051336 -0.468899
v -0.250119 1.042202 -0.422655
v -0.247086 1.044632 -0.419354
v -0.334603 1.154252 -0.480397
v -0.201811 1.048906 -0.472200
v -0.250119 1.042202 -0.422655
v -0.334603 1.154252 -0.480397
v -0.177111 0.260752 -0.412179
v -0.182461 0.259985 -0.405814
v -0.248265 0.479618 -0.421617
v -0.199958 0.486322 -0.471162
v -0.196924 0.488752 -0.467860
v -0.245232 0.482048 -0.418316
v -0.181388 0.260784 -0.405078
v -0.176039 0.261551 -0.411443
v -0.176039 0.261551 -0.411443
v -0.181388 0.260784 -0.405078
v -0.182461 0.259985 -0.405814
v -0.177111 0.260752 -0.412179
v -0.182461 0.259985 -0.405814
v -0.181388 0.260784 -0.405078
v -0.245232 0.482048 -0.418316
v -0.248265 0.479618 -0.421617
v -0.176039 0.261551 -0.411443
v -0.177111 0.260752 -0.412179
v -0.199958 0.486322 -0.471162
v -0.196924 0.488752 -0.467860
v -0.196924 0.488752 -0.467860
v -0.199958 0.486322 -0.471162
v -0.335148 0.639388 -0.480277
v -0.335148 0.639388 -0.480277
v -0.245232 0.482048 -0.418316
v -0.196924 0.488752 -0.467860
v -0.248265 0.479618 -0.421617
v -0.245232 0.482048 -0.418316
v -0.335148 0.639388 -0.480277
v -0.199958 0.486322 -0.471162
v -0.248265 0.479618 -0.421617
v -0.335148 0.639388 -0.480277
v -0.178268 0.432353 -0.402711
v -0.174016 0.432149 -0.406899
v -0.135801 0.652143 -0.392940
v -0.173667 0.653483 -0.360753
v -0.175874 0.654697 -0.363402
v -0.138008 0.653358 -0.395589
v -0.174817 0.432555 -0.407525
v -0.179068 0.432759 -0.403338
v -0.179068 0.432759 -0.403338
v -0.174817 0.432555 -0.407525
v -0.174016 0.432149 -0.406899
v -0.178268 0.432353 -0.402711
v -0.174016 0.432149 -0.406899
v -0.174817 0.432555 -0.407525
v -0.138008 0.653358 -0.395589
v -0.135801 0.652143 -0.392940
v -0.179068 0.432759 -0.403338
v -0.178268 0.432353 -0.402711
v -0.173667 0.653483 -0.360753
v -0.175874 0.654697 -0.363402
v -0.175874 0.654697 -0.363402
v -0.173667 0.653483 -0.360753
v -0.081749 0.843563 -0.355255
v -0.081749 0.843563 -0.355255
v -0.138008 0.653358 -0.395589
v -0.175874 0.654697 -0.363402
v -0.135801 0.652143 -0.392940
v -0.138008 0.653358 -0.395589
v -0.081749 0.843563 -0.355255
v -0.173667 0.653483 -0.360753
v -0.135801 0.652143 -0.392940
v -0.081749 0.843563 -0.355255
v -0.467927 0.030844 -0.425768
v -0.472334 0.030584 -0.419934
v -0.519918 0.240744 -0.426499
v -0.479752 0.242466 -0.472266
v -0.476607 0.243994 -0.469448
v -0.516773 0.242273 -0.423682
v -0.471253 0.031095 -0.419317
v -0.466845 0.031355 -0.425151
v -0.466845 0.031355 -0.425151
v -0.471253 0.031095 -0.419317
v -0.472334 0.030584 -0.419934
v -0.467927 0.030844 -0.425768
v -0.472334 0.030584 -0.419934
v -0.471253 0.031095 -0.419317
v -0.516773 0.242273 -0.423682
v -0.519918 0.240744 -0.426499
v -0.466845 0.031355 -0.425151
v -0.467927 0.030844 -0.425768
v -0.479752 0.242466 -0.472266
v -0.476607 0.243994 -0.469448
v -0.476607 0.243994 -0.469448
v -0.479752 0.242466 -0.472266
v -0.574777 0.557848 -0.465407
v -0.574777 0.557848 -0.465407
v -0.516773 0.242273 -0.423682
v -0.476607 0.243994 -0.469448
v -0.519918 0.240744 -0.426499
v -0.516773 0.242273 -0.423682
v -0.574777 0.557848 -0.465407
v -0.479752 0.242466 -0.472266
v -0.519918 0.240744 -0.426499
v -0.574777 0.557848 -0.465407
v -0.509927 1.067673 -0.428915
v -0.534080 1.032014 -0.468945
v -0.548962 1.076934 -0.473601
v -0.523321 1.108101 -0.433105
v -0.534080 1.032014 -0.468945
v -0.590288 1.038389 -0.454580
v -0.603681 1.078818 -0.458770
v -0.548962 1.076934 -0.473601
v -0.624400 1.369160 -0.471393
v -0.642475 1.346271 -0.487677
v -0.647678 1.346378 -0.470016
v -0.509927 1.067673 -0.428915
v -0.548105 1.032051 -0.423757
v -0.534080 1.032014 -0.468945
v -0.548105 1.032051 -0.423757
v -0.562949 1.076985 -0.428398
v -0.603681 1.078818 -0.458770
v -0.590288 1.038389 -0.454580
v -0.647678 1.346378 -0.470016
v -0.642475 1.346271 -0.487677
v -0.675417 1.350583 -0.487558
v -0.534080 1.032014 -0.468945
v -0.548105 1.032051 -0.423757
v -0.590288 1.038389 -0.454580
v -0.523321 1.108101 -0.433105
v -0.562949 1.076985 -0.428398
v -0.548105 1.032051 -0.423757
v -0.509927 1.067673 -0.428915
v -0.523321 1.108101 -0.433105
v -0.548962 1.076934 -0.473601
v -0.554402 1.090472 -0.471916
v -0.529764 1.118115 -0.437543
v -0.529764 1.118115 -0.437543
v -0.566470 1.090522 -0.432864
v -0.562949 1.076985 -0.428398
v -0.523321 1.108101 -0.433105
v -0.603681 1.078818 -0.458770
v -0.562949 1.076985 -0.428398
v -0.566470 1.090522 -0.432864
v -0.603334 1.091309 -0.461012
v -0.548962 1.076934 -0.473601
v -0.603681 1.078818 -0.458770
v -0.603334 1.091309 -0.461012
v -0.554402 1.090472 -0.471916
v -0.529764 1.118115 -0.437543
v -0.554402 1.090472 -0.471916
v -0.571154 1.141038 -0.477157
v -0.546909 1.169866 -0.442907
v -0.546909 1.169866 -0.442907
v -0.583173 1.141106 -0.438087
v -0.566470 1.090522 -0.432864
v -0.529764 1.118115 -0.437543
v -0.603334 1.091309 -0.461012
v -0.566470 1.090522 -0.432864
v -0.583173 1.141106 -0.438087
v -0.620479 1.143060 -0.466376
v -0.554402 1.090472 -0.471916
v -0.603334 1.091309 -0.461012
v -0.620479 1.143060 -0.466376
v -0.571154 1.141038 -0.477157
v -0.546909 1.169866 -0.442907
v -0.571154 1.141038 -0.477157
v -0.576524 1.153282 -0.474195
v -0.553043 1.178909 -0.447265
v -0.553043 1.178909 -0.447265
v -0.585910 1.153347 -0.443564
v -0.583173 1.141106 -0.438087
v -0.546909 1.169866 -0.442907
v -0.620479 1.143060 -0.466376
v -0.583173 1.141106 -0.438087
v -0.585910 1.153347 -0.443564
v -0.619799 1.154591 -0.468504
v -0.571154 1.141038 -0.477157
v -0.620479 1.143060 -0.466376
v -0.619799 1.154591 -0.468504
v -0.576524 1.153282 -0.474195
v -0.553043 1.178909 -0.447265
v -0.576524 1.153282 -0.474195
v -0.590851 1.196528 -0.478677
v -0.567710 1.223181 -0.451853
v -0.567710 1.223181 -0.451853
v -0.600196 1.196609 -0.448030
v -0.585910 1.153347 -0.443564
v -0.553043 1.178909 -0.447265
v -0.619799 1.154591 -0.468504
v -0.585910 1.153347 -0.443564
v -0.600196 1.196609 -0.448030
v -0.634466 1.198864 -0.473093
v -0.576524 1.153282 -0.474195
v -0.619799 1.154591 -0.468504
v -0.634466 1.198864 -0.473093
v -0.590851 1.196528 -0.478677
v -0.567710 1.223181 -0.451853
v -0.590851 1.196528 -0.478677
v -0.595534 1.207838 -0.476836
v -0.573053 1.232502 -0.454937
v -0.573053 1.232502 -0.454937
v -0.603005 1.207916 -0.452203
v -0.600196 1.196609 -0.448030
v -0.567710 1.223181 -0.451853
v -0.634466 1.198864 -0.473093
v -0.600196 1.196609 -0.448030
v -0.603005 1.207916 -0.452203
v -0.635086 1.209910 -0.474629
v -0.590851 1.196528 -0.478677
v -0.634466 1.198864 -0.473093
v -0.635086 1.209910 -0.474629
v -0.595534 1.207838 -0.476836
v -0.573053 1.232502 -0.454937
v -0.595534 1.207838 -0.476836
v -0.611155 1.254990 -0.481722
v -0.588296 1.278512 -0.459706
v -0.588296 1.278512 -0.459706
v -0.618582 1.255084 -0.457074
v -0.603005 1.207916 -0.452203
v -0.573053 1.232502 -0.454937
v -0.635086 1.209910 -0.474629
v -0.603005 1.207916 -0.452203
v -0.618582 1.255084 -0.457074
v -0.650329 1.255919 -0.479398
v -0.595534 1.207838 -0.476836
v -0.635086 1.209910 -0.474629
v -0.650329 1.255919 -0.479398
v -0.611155 1.254990 -0.481722
v -0.588296 1.278512 -0.459706
v -0.611155 1.254990 -0.481722
v -0.615086 1.265084 -0.480871
v -0.592947 1.285267 -0.461374
v -0.592947 1.285267 -0.461374
v -0.621338 1.265175 -0.460017
v -0.618582 1.255084 -0.457074
v -0.588296 1.278512 -0.459706
v -0.650329 1.255919 -0.479398
v -0.618582 1.255084 -0.457074
v -0.621338 1.265175 -0.460017
v -0.650577 1.264281 -0.479644
v -0.611155 1.254990 -0.481722
v -0.650329 1.255919 -0.479398
v -0.650577 1.264281 -0.479644
v -0.615086 1.265084 -0.480871
v -0.592947 1.285267 -0.461374
v -0.615086 1.265084 -0.480871
v -0.627893 1.303741 -0.484877
v -0.605327 1.322635 -0.465246
v -0.605327 1.322635 -0.465246
v -0.634109 1.303845 -0.464011
v -0.621338 1.265175 -0.460017
v -0.592947 1.285267 -0.461374
v -0.650577 1.264281 -0.479644
v -0.621338 1.265175 -0.460017
v -0.634109 1.303845 -0.464011
v -0.662957 1.301648 -0.483517
v -0.615086 1.265084 -0.480871
v -0.650577 1.264281 -0.479644
v -0.662957 1.301648 -0.483517
v -0.627893 1.303741 -0.484877
v -0.605327 1.322635 -0.465246
v -0.627893 1.303741 -0.484877
v -0.632382 1.315805 -0.484520
v -0.612094 1.332015 -0.467544
v -0.612094 1.332015 -0.467544
v -0.637620 1.315899 -0.466870
v -0.634109 1.303845 -0.464011
v -0.605327 1.322635 -0.465246
v -0.662957 1.301648 -0.483517
v -0.634109 1.303845 -0.464011
v -0.637620 1.315899 -0.466870
v -0.663111 1.313438 -0.483708
v -0.627893 1.303741 -0.484877
v -0.662957 1.301648 -0.483517
v -0.663111 1.313438 -0.483708
v -0.632382 1.315805 -0.484520
v -0.612094 1.332015 -0.467544
v -0.632382 1.315805 -0.484520
v -0.642475 1.346271 -0.487677
v -0.624400 1.369160 -0.471393
v -0.624400 1.369160 -0.471393
v -0.647678 1.346378 -0.470016
v -0.637620 1.315899 -0.466870
v -0.612094 1.332015 -0.467544
v -0.663111 1.313438 -0.483708
v -0.637620 1.315899 -0.466870
v -0.647678 1.346378 -0.470016
v -0.675417 1.350583 -0.487558
v -0.632382 1.315805 -0.484520
v -0.663111 1.313438 -0.483708
v -0.675417 1.350583 -0.487558
v -0.642475 1.346271 -0.487677
v -0.459683 0.287958 -0.416902
v -0.459542 0.288090 -0.423517
v -0.438434 0.395644 -0.456142
v -0.434517 0.393694 -0.391677
v -0.438932 0.395161 -0.391364
v -0.442849 0.397111 -0.455829
v -0.460432 0.288371 -0.423530
v -0.460573 0.288239 -0.416915
v -0.460573 0.288239 -0.416915
v -0.460432 0.288371 -0.423530
v -0.459542 0.288090 -0.423517
v -0.459683 0.287958 -0.416902
v -0.459542 0.288090 -0.423517
v -0.460432 0.288371 -0.423530
v -0.442849 0.397111 -0.455829
v -0.438434 0.395644 -0.456142
v -0.460573 0.288239 -0.416915
v -0.459683 0.287958 -0.416902
v -0.434517 0.393694 -0.391677
v -0.438932 0.395161 -0.391364
v -0.438932 0.395161 -0.391364
v -0.434517 0.393694 -0.391677
v -0.367423 0.661121 -0.398837
v -0.367423 0.661121 -0.398837
v -0.442849 0.397111 -0.455829
v -0.438932 0.395161 -0.391364
v -0.438434 0.395644 -0.456142
v -0.442849 0.397111 -0.455829
v -0.367423 0.661121 -0.398837
v -0.434517 0.393694 -0.391677
v -0.438434 0.395644 -0.456142
v -0.367423 0.661121 -0.398837
v -0.474184 0.015684 -0.416233
v -0.464716 0.014088 -0.416380
v -0.449801 0.659845 -0.411713
v -0.459265 0.660583 -0.411565
v -0.464716 0.014088 -0.416380
v -0.461849 0.014088 -0.425544
v -0.446934 0.659845 -0.420878
v -0.449801 0.659845 -0.411713
v -0.461849 0.014088 -0.425544
v -0.469545 0.015684 -0.431061
v -0.454626 0.660583 -0.426394
v -0.446934 0.659845 -0.420878
v -0.469545 0.015684 -0.431061
v -0.477169 0.016671 -0.425306
v -0.462247 0.661040 -0.420638
v -0.454626 0.660583 -0.426394
v -0.477169 0.016671 -0.425306
v -0.474184 0.015684 -0.416233
v -0.459265 0.660583 -0.411565
v -0.462247 0.661040 -0.420638
v -0.464716 0.014088 -0.416380
v -0.474184 0.015684 -0.416233
v -0.469493 0.015243 -0.422905
v -0.461849 0.014088 -0.425544
v -0.464716 0.014088 -0.416380
v -0.469493 0.015243 -0.422905
v -0.469545 0.015684 -0.431061
v -0.461849 0.014088 -0.425544
v -0.469493 0.015243 -0.422905
v -0.477169 0.016671 -0.425306
v -0.469545 0.015684 -0.431061
v -0.469493 0.015243 -0.422905
v -0.474184 0.015684 -0.416233
v -0.477169 0.016671 -0.425306
v -0.469493 0.015243 -0.422905
v -0.446934 0.659845 -0.420878
v -0.454626 0.660583 -0.426394
v -0.539122 1.032014 -0.452827
v -0.531396 1.033424 -0.447301
v -0.449801 0.659845 -0.411713
v -0.446934 0.659845 -0.420878
v -0.531396 1.033424 -0.447301
v -0.534263 1.033424 -0.438137
v -0.459265 0.660583 -0.411565
v -0.449801 0.659845 -0.411713
v -0.534263 1.033424 -0.438137
v -0.543761 1.032014 -0.437999
v -0.462247 0.661040 -0.420638
v -0.459265 0.660583 -0.411565
v -0.543761 1.032014 -0.437999
v -0.546764 1.031143 -0.447078
v -0.454626 0.660583 -0.426394
v -0.462247 0.661040 -0.420638
v -0.546764 1.031143 -0.447078
v -0.539122 1.032014 -0.452827
v -0.486277 0.806206 -0.422992
v -0.483239 0.806372 -0.426385
v -0.482030 0.980884 -0.426518
v -0.509248 0.978791 -0.400160
v -0.511179 0.979331 -0.402111
v -0.483960 0.981424 -0.428469
v -0.483920 0.806557 -0.426837
v -0.486958 0.806391 -0.423444
v -0.486958 0.806391 -0.423444
v -0.483920 0.806557 -0.426837
v -0.483239 0.806372 -0.426385
v -0.486277 0.806206 -0.422992
v -0.483239 0.806372 -0.426385
v -0.483920 0.806557 -0.426837
v -0.483960 0.981424 -0.428469
v -0.482030 0.980884 -0.426518
v -0.486958 0.806391 -0.423444
v -0.486277 0.806206 -0.422992
v -0.509248 0.978791 -0.400160
v -0.511179 0.979331 -0.402111
v -0.511179 0.979331 -0.402111
v -0.509248 0.978791 -0.400160
v -0.464219 1.136470 -0.408270
v -0.464219 1.136470 -0.408270
v -0.483960 0.981424 -0.428469
v -0.511179 0.979331 -0.402111
v -0.482030 0.980884 -0.426518
v -0.483960 0.981424 -0.428469
v -0.464219 1.136470 -0.408270
v -0.509248 0.978791 -0.400160
v -0.482030 0.980884 -0.426518
v -0.464219 1.136470 -0.408270
v -0.455648 0.662789 -0.424681
v -0.460383 0.661472 -0.417929
v -0.557465 0.818779 -0.439093
v -0.514220 0.831029 -0.492150
v -0.511544 0.834274 -0.489220
v -0.554789 0.822024 -0.436163
v -0.459449 0.662527 -0.417320
v -0.454714 0.663845 -0.424071
v -0.454714 0.663845 -0.424071
v -0.459449 0.662527 -0.417320
v -0.460383 0.661472 -0.417929
v -0.455648 0.662789 -0.424681
v -0.460383 0.661472 -0.417929
v -0.459449 0.662527 -0.417320
v -0.554789 0.822024 -0.436163
v -0.557465 0.818779 -0.439093
v -0.454714 0.663845 -0.424071
v -0.455648 0.662789 -0.424681
v -0.514220 0.831029 -0.492150
v -0.511544 0.834274 -0.489220
v -0.511544 0.834274 -0.489220
v -0.514220 0.831029 -0.492150
v -0.683563 0.862792 -0.503364
v -0.683563 0.862792 -0.503364
v -0.554789 0.822024 -0.436163
v -0.511544 0.834274 -0.489220
v -0.557465 0.818779 -0.439093
v -0.554789 0.822024 -0.436163
v -0.683563 0.862792 -0.503364
v -0.514220 0.831029 -0.492150
v -0.557465 0.818779 -0.439093
v -0.683563 0.862792 -0.503364
v 0.657285 0.007884 -0.417443
v 0.654266 0.007632 -0.410810
v 0.580591 0.248710 -0.410029
v 0.608067 0.258338 -0.463288
v 0.611168 0.260786 -0.461231
v 0.583691 0.251158 -0.407972
v 0.655453 0.008131 -0.410445
v 0.658472 0.008382 -0.417079
v 0.658472 0.008382 -0.417079
v 0.655453 0.008131 -0.410445
v 0.654266 0.007632 -0.410810
v 0.657285 0.007884 -0.417443
v 0.654266 0.007632 -0.410810
v 0.655453 0.008131 -0.410445
v 0.583691 0.251158 -0.407972
v 0.580591 0.248710 -0.410029
v 0.658472 0.008382 -0.417079
v 0.657285 0.007884 -0.417443
v 0.608067 0.258338 -0.463288
v 0.611168 0.260786 -0.461231
v 0.611168 0.260786 -0.461231
v 0.608067 0.258338 -0.463288
v 0.448030 0.398842 -0.429389
v 0.448030 0.398842 -0.429389
v 0.583691 0.251158 -0.407972
v 0.611168 0.260786 -0.461231
v 0.580591 0.248710 -0.410029
v 0.583691 0.251158 -0.407972
v 0.448030 0.398842 -0.429389
v 0.608067 0.258338 -0.463288
v 0.580591 0.248710 -0.410029
v 0.448030 0.398842 -0.429389
v 0.619951 1.211155 -0.417673
v 0.663706 1.187428 -0.386680
v 0.665769 1.234141 -0.386680
v 0.621808 1.253196 -0.417673
v 0.663706 1.187428 -0.386680
v 0.709163 1.207345 -0.417172
v 0.711020 1.249387 -0.417172
v 0.665769 1.234141 -0.386680
v 0.650352 1.529546 -0.411310
v 0.678097 1.514216 -0.401166
v 0.677771 1.514230 -0.419575
v 0.619951 1.211155 -0.417673
v 0.663594 1.187432 -0.433995
v 0.663706 1.187428 -0.386680
v 0.663594 1.187432 -0.433995
v 0.665614 1.234147 -0.433997
v 0.711020 1.249387 -0.417172
v 0.709163 1.207345 -0.417172
v 0.677771 1.514230 -0.419575
v 0.678097 1.514216 -0.401166
v 0.706947 1.527129 -0.411115
v 0.663706 1.187428 -0.386680
v 0.663594 1.187432 -0.433995
v 0.709163 1.207345 -0.417172
v 0.621808 1.253196 -0.417673
v 0.665614 1.234147 -0.433997
v 0.663594 1.187432 -0.433995
v 0.619951 1.211155 -0.417673
v 0.621808 1.253196 -0.417673
v 0.665769 1.234141 -0.386680
v 0.666382 1.248216 -0.389912
v 0.626099 1.264737 -0.415361
v 0.626099 1.264737 -0.415361
v 0.666231 1.248223 -0.430785
v 0.665614 1.234147 -0.433997
v 0.621808 1.253196 -0.417673
v 0.711020 1.249387 -0.417172
v 0.665614 1.234147 -0.433997
v 0.666231 1.248223 -0.430785
v 0.707763 1.261250 -0.414928
v 0.665769 1.234141 -0.386680
v 0.711020 1.249387 -0.417172
v 0.707763 1.261250 -0.414928
v 0.666382 1.248216 -0.389912
v 0.626099 1.264737 -0.415361
v 0.666382 1.248216 -0.389912
v 0.668704 1.300800 -0.389912
v 0.628476 1.318554 -0.415361
v 0.628476 1.318554 -0.415361
v 0.668498 1.300809 -0.430788
v 0.666231 1.248223 -0.430785
v 0.626099 1.264737 -0.415361
v 0.707763 1.261250 -0.414928
v 0.666231 1.248223 -0.430785
v 0.668498 1.300809 -0.430788
v 0.710140 1.315067 -0.414928
v 0.666382 1.248216 -0.389912
v 0.707763 1.261250 -0.414928
v 0.710140 1.315067 -0.414928
v 0.668704 1.300800 -0.389912
v 0.628476 1.318554 -0.415361
v 0.668704 1.300800 -0.389912
v 0.669256 1.313530 -0.394342
v 0.632738 1.329090 -0.413033
v 0.632738 1.329090 -0.413033
v 0.669058 1.313538 -0.426378
v 0.668498 1.300809 -0.430788
v 0.628476 1.318554 -0.415361
v 0.710140 1.315067 -0.414928
v 0.668498 1.300809 -0.430788
v 0.669058 1.313538 -0.426378
v 0.706822 1.325926 -0.412694
v 0.668704 1.300800 -0.389912
v 0.710140 1.315067 -0.414928
v 0.706822 1.325926 -0.412694
v 0.669256 1.313530 -0.394342
v 0.632738 1.329090 -0.413033
v 0.669256 1.313530 -0.394342
v 0.671243 1.358502 -0.394342
v 0.634772 1.375129 -0.413033
v 0.634772 1.375129 -0.413033
v 0.670998 1.358513 -0.426381
v 0.669058 1.313538 -0.426378
v 0.632738 1.329090 -0.413033
v 0.706822 1.325926 -0.412694
v 0.669058 1.313538 -0.426378
v 0.670998 1.358513 -0.426381
v 0.708855 1.371966 -0.412694
v 0.669256 1.313530 -0.394342
v 0.706822 1.325926 -0.412694
v 0.708855 1.371966 -0.412694
v 0.671243 1.358502 -0.394342
v 0.634772 1.375129 -0.413033
v 0.671243 1.358502 -0.394342
v 0.671756 1.370262 -0.397498
v 0.637867 1.385607 -0.411685
v 0.637867 1.385607 -0.411685
v 0.671518 1.370272 -0.423237
v 0.670998 1.358513 -0.426381
v 0.634772 1.375129 -0.413033
v 0.708855 1.371966 -0.412694
v 0.670998 1.358513 -0.426381
v 0.671518 1.370272 -0.423237
v 0.706695 1.382668 -0.411412
v 0.671243 1.358502 -0.394342
v 0.708855 1.371966 -0.412694
v 0.706695 1.382668 -0.411412
v 0.671756 1.370262 -0.397498
v 0.637867 1.385607 -0.411685
v 0.671756 1.370262 -0.397498
v 0.673921 1.419295 -0.397498
v 0.639980 1.433453 -0.411685
v 0.639980 1.433453 -0.411685
v 0.673635 1.419308 -0.423239
v 0.671518 1.370272 -0.423237
v 0.637867 1.385607 -0.411685
v 0.706695 1.382668 -0.411412
v 0.671518 1.370272 -0.423237
v 0.673635 1.419308 -0.423239
v 0.708809 1.430514 -0.411412
v 0.671756 1.370262 -0.397498
v 0.706695 1.382668 -0.411412
v 0.708809 1.430514 -0.411412
v 0.673921 1.419295 -0.397498
v 0.639980 1.433453 -0.411685
v 0.673921 1.419295 -0.397498
v 0.674378 1.429791 -0.399484
v 0.642774 1.441209 -0.411482
v 0.642774 1.441209 -0.411482
v 0.674104 1.429803 -0.421253
v 0.673635 1.419308 -0.423239
v 0.639980 1.433453 -0.411685
v 0.708809 1.430514 -0.411412
v 0.673635 1.419308 -0.423239
v 0.674104 1.429803 -0.421253
v 0.706709 1.438478 -0.411251
v 0.673921 1.419295 -0.397498
v 0.708809 1.430514 -0.411412
v 0.706709 1.438478 -0.411251
v 0.674378 1.429791 -0.399484
v 0.642774 1.441209 -0.411482
v 0.674378 1.429791 -0.399484
v 0.676154 1.469991 -0.399484
v 0.644490 1.480068 -0.411482
v 0.644490 1.480068 -0.411482
v 0.675839 1.470005 -0.421255
v 0.674104 1.429803 -0.421253
v 0.642774 1.441209 -0.411482
v 0.706709 1.438478 -0.411251
v 0.674104 1.429803 -0.421253
v 0.675839 1.470005 -0.421255
v 0.708425 1.477337 -0.411251
v 0.674378 1.429791 -0.399484
v 0.706709 1.438478 -0.411251
v 0.708425 1.477337 -0.411251
v 0.676154 1.469991 -0.399484
v 0.644490 1.480068 -0.411482
v 0.676154 1.469991 -0.399484
v 0.676698 1.482533 -0.401166
v 0.648646 1.490918 -0.411310
v 0.648646 1.490918 -0.411310
v 0.676412 1.482545 -0.419574
v 0.675839 1.470005 -0.421255
v 0.644490 1.480068 -0.411482
v 0.708425 1.477337 -0.411251
v 0.675839 1.470005 -0.421255
v 0.676412 1.482545 -0.419574
v 0.705241 1.488502 -0.411115
v 0.676154 1.469991 -0.399484
v 0.708425 1.477337 -0.411251
v 0.705241 1.488502 -0.411115
v 0.676698 1.482533 -0.401166
v 0.648646 1.490918 -0.411310
v 0.676698 1.482533 -0.401166
v 0.678097 1.514216 -0.401166
v 0.650352 1.529546 -0.411310
v 0.650352 1.529546 -0.411310
v 0.677771 1.514230 -0.419575
v 0.676412 1.482545 -0.419574
v 0.648646 1.490918 -0.411310
v 0.705241 1.488502 -0.411115
v 0.676412 1.482545 -0.419574
v 0.677771 1.514230 -0.419575
v 0.706947 1.527129 -0.411115
v 0.676698 1.482533 -0.401166
v 0.705241 1.488502 -0.411115
v 0.706947 1.527129 -0.411115
v 0.678097 1.514216 -0.401166
v 0.657676 0.908420 -0.417178
v 0.655614 0.908249 -0.412648
v 0.605310 1.072853 -0.412115
v 0.624071 1.079427 -0.448480
v 0.626188 1.081099 -0.447075
v 0.607427 1.074525 -0.410711
v 0.656425 0.908589 -0.412399
v 0.658486 0.908761 -0.416929
v 0.658486 0.908761 -0.416929
v 0.656425 0.908589 -0.412399
v 0.655614 0.908249 -0.412648
v 0.657676 0.908420 -0.417178
v 0.655614 0.908249 -0.412648
v 0.656425 0.908589 -0.412399
v 0.607427 1.074525 -0.410711
v 0.605310 1.072853 -0.412115
v 0.658486 0.908761 -0.416929
v 0.657676 0.908420 -0.417178
v 0.624071 1.079427 -0.448480
v 0.626188 1.081099 -0.447075
v 0.626188 1.081099 -0.447075
v 0.624071 1.079427 -0.448480
v 0.514799 1.175361 -0.425334
v 0.514799 1.175361 -0.425334
v 0.607427 1.074525 -0.410711
v 0.626188 1.081099 -0.447075
v 0.605310 1.072853 -0.412115
v 0.607427 1.074525 -0.410711
v 0.514799 1.175361 -0.425334
v 0.624071 1.079427 -0.448480
v 0.605310 1.072853 -0.412115
v 0.514799 1.175361 -0.425334
v 0.658406 0.000000 -0.422138
v 0.649274 0.000000 -0.419171
v 0.654658 1.186212 -0.419171
v 0.663706 1.187428 -0.422138
v 0.649274 0.000000 -0.419171
v 0.649274 0.000000 -0.409568
v 0.654658 1.186212 -0.409568
v 0.654658 1.186212 -0.419171
v 0.649274 0.000000 -0.409568
v 0.658406 0.000000 -0.406601
v 0.663706 1.187428 -0.406601
v 0.654658 1.186212 -0.409568
v 0.663706 1.187428 -0.406601
v 0.658406 0.000000 -0.406601
v 0.664050 0.000000 -0.414370
v 0.669299 1.188179 -0.414370
v 0.664050 0.000000 -0.414370
v 0.658406 0.000000 -0.422138
v 0.663706 1.187428 -0.422138
v 0.669299 1.188179 -0.414370
v 0.649274 0.000000 -0.419171
v 0.658406 0.000000 -0.422138
v 0.655882 0.000000 -0.414370
v 0.649274 0.000000 -0.409568
v 0.649274 0.000000 -0.419171
v 0.655882 0.000000 -0.414370
v 0.658406 0.000000 -0.406601
v 0.649274 0.000000 -0.409568
v 0.655882 0.000000 -0.414370
v 0.664050 0.000000 -0.414370
v 0.658406 0.000000 -0.406601
v 0.655882 0.000000 -0.414370
v 0.658406 0.000000 -0.422138
v 0.664050 0.000000 -0.414370
v 0.655882 0.000000 -0.414370
v 0.658249 0.763541 -0.408846
v 0.660967 0.762769 -0.416704
v 0.730638 1.031640 -0.425491
v 0.703256 1.038382 -0.361942
v 0.699242 1.040826 -0.363939
v 0.726624 1.034084 -0.427489
v 0.659702 0.763573 -0.417007
v 0.656984 0.764344 -0.409149
v 0.656984 0.764344 -0.409149
v 0.659702 0.763573 -0.417007
v 0.660967 0.762769 -0.416704
v 0.658249 0.763541 -0.408846
v 0.660967 0.762769 -0.416704
v 0.659702 0.763573 -0.417007
v 0.726624 1.034084 -0.427489
v 0.730638 1.031640 -0.425491
v 0.656984 0.764344 -0.409149
v 0.658249 0.763541 -0.408846
v 0.703256 1.038382 -0.361942
v 0.699242 1.040826 -0.363939
v 0.699242 1.040826 -0.363939
v 0.703256 1.038382 -0.361942
v 0.830189 1.144328 -0.401801
v 0.830189 1.144328 -0.401801
v 0.726624 1.034084 -0.427489
v 0.699242 1.040826 -0.363939
v 0.730638 1.031640 -0.425491
v 0.726624 1.034084 -0.427489
v 0.830189 1.144328 -0.401801
v 0.703256 1.038382 -0.361942
v 0.730638 1.031640 -0.425491
v 0.830189 1.144328 -0.401801
v 0.658715 0.245750 -0.409152
v 0.661433 0.244979 -0.417010
v 0.728536 0.465860 -0.425798
v 0.701153 0.472602 -0.362248
v 0.697139 0.475046 -0.364246
v 0.724522 0.468303 -0.427795
v 0.660168 0.245782 -0.417313
v 0.657450 0.246554 -0.409455
v 0.657450 0.246554 -0.409455
v 0.660168 0.245782 -0.417313
v 0.661433 0.244979 -0.417010
v 0.658715 0.245750 -0.409152
v 0.661433 0.244979 -0.417010
v 0.660168 0.245782 -0.417313
v 0.724522 0.468303 -0.427795
v 0.728536 0.465860 -0.425798
v 0.657450 0.246554 -0.409455
v 0.658715 0.245750 -0.409152
v 0.701153 0.472602 -0.362248
v 0.697139 0.475046 -0.364246
v 0.697139 0.475046 -0.364246
v 0.701153 0.472602 -0.362248
v 0.830655 0.626537 -0.402107
v 0.830655 0.626537 -0.402107
v 0.724522 0.468303 -0.427795
v 0.697139 0.475046 -0.364246
v 0.728536 0.465860 -0.425798
v 0.724522 0.468303 -0.427795
v 0.830655 0.626537 -0.402107
v 0.701153 0.472602 -0.362248
v 0.728536 0.465860 -0.425798
v 0.830655 0.626537 -0.402107
v 0.656407 0.418327 -0.418407
v 0.653936 0.418121 -0.412976
v 0.613256 0.639365 -0.412337
v 0.637098 0.640712 -0.455942
v 0.640107 0.641934 -0.454257
v 0.616265 0.640587 -0.410653
v 0.654907 0.418529 -0.412677
v 0.657379 0.418735 -0.418108
v 0.657379 0.418735 -0.418108
v 0.654907 0.418529 -0.412677
v 0.653936 0.418121 -0.412976
v 0.656407 0.418327 -0.418407
v 0.653936 0.418121 -0.412976
v 0.654907 0.418529 -0.412677
v 0.616265 0.640587 -0.410653
v 0.613256 0.639365 -0.412337
v 0.657379 0.418735 -0.418108
v 0.656407 0.418327 -0.418407
v 0.637098 0.640712 -0.455942
v 0.640107 0.641934 -0.454257
v 0.640107 0.641934 -0.454257
v 0.637098 0.640712 -0.455942
v 0.549298 0.831873 -0.428187
v 0.549298 0.831873 -0.428187
v 0.616265 0.640587 -0.410653
v 0.640107 0.641934 -0.454257
v 0.613256 0.639365 -0.412337
v 0.616265 0.640587 -0.410653
v 0.549298 0.831873 -0.428187
v 0.637098 0.640712 -0.455942
v 0.613256 0.639365 -0.412337
v 0.549298 0.831873 -0.428187
v 0.253831 0.015817 -0.397356
v 0.257603 0.015114 -0.403587
v 0.340790 0.218174 -0.393860
v 0.305656 0.224314 -0.344460
v 0.302585 0.226540 -0.346909
v 0.337719 0.220400 -0.396309
v 0.256576 0.015846 -0.404079
v 0.252804 0.016549 -0.397848
v 0.252804 0.016549 -0.397848
v 0.256576 0.015846 -0.404079
v 0.257603 0.015114 -0.403587
v 0.253831 0.015817 -0.397356
v 0.257603 0.015114 -0.403587
v 0.256576 0.015846 -0.404079
v 0.337719 0.220400 -0.396309
v 0.340790 0.218174 -0.393860
v 0.252804 0.016549 -0.397848
v 0.253831 0.015817 -0.397356
v 0.305656 0.224314 -0.344460
v 0.302585 0.226540 -0.346909
v 0.302585 0.226540 -0.346909
v 0.305656 0.224314 -0.344460
v 0.452213 0.525906 -0.348727
v 0.452213 0.525906 -0.348727
v 0.337719 0.220400 -0.396309
v 0.302585 0.226540 -0.346909
v 0.340790 0.218174 -0.393860
v 0.337719 0.220400 -0.396309
v 0.452213 0.525906 -0.348727
v 0.305656 0.224314 -0.344460
v 0.340790 0.218174 -0.393860
v 0.452213 0.525906 -0.348727
v 0.472508 1.052043 -0.360190
v 0.493610 1.009899 -0.323964
v 0.516298 1.052325 -0.319096
v 0.492927 1.090226 -0.355809
v 0.493610 1.009899 -0.323964
v 0.548610 1.007498 -0.343349
v 0.569029 1.045681 -0.338968
v 0.516298 1.052325 -0.319096
v 0.640080 1.333701 -0.317728
v 0.655329 1.306713 -0.304082
v 0.658912 1.306876 -0.322141
v 0.472508 1.052043 -0.360190
v 0.503440 1.009956 -0.370247
v 0.493610 1.009899 -0.323964
v 0.503440 1.009956 -0.370247
v 0.526091 1.052403 -0.365389
v 0.569029 1.045681 -0.338968
v 0.548610 1.007498 -0.343349
v 0.658912 1.306876 -0.322141
v 0.655329 1.306713 -0.304082
v 0.688385 1.305442 -0.307165
v 0.493610 1.009899 -0.323964
v 0.503440 1.009956 -0.370247
v 0.548610 1.007498 -0.343349
v 0.492927 1.090226 -0.355809
v 0.526091 1.052403 -0.365389
v 0.503440 1.009956 -0.370247
v 0.472508 1.052043 -0.360190
v 0.492927 1.090226 -0.355809
v 0.516298 1.052325 -0.319096
v 0.523804 1.065113 -0.320791
v 0.501349 1.098969 -0.351637
v 0.501349 1.098969 -0.351637
v 0.532249 1.065188 -0.360783
v 0.526091 1.052403 -0.365389
v 0.492927 1.090226 -0.355809
v 0.569029 1.045681 -0.338968
v 0.526091 1.052403 -0.365389
v 0.532249 1.065188 -0.360783
v 0.571018 1.058193 -0.336246
v 0.516298 1.052325 -0.319096
v 0.569029 1.045681 -0.338968
v 0.571018 1.058193 -0.336246
v 0.523804 1.065113 -0.320791
v 0.501349 1.098969 -0.351637
v 0.523804 1.065113 -0.320791
v 0.549343 1.112871 -0.315311
v 0.527488 1.147847 -0.346029
v 0.527488 1.147847 -0.346029
v 0.557742 1.112974 -0.355316
v 0.532249 1.065188 -0.360783
v 0.501349 1.098969 -0.351637
v 0.571018 1.058193 -0.336246
v 0.532249 1.065188 -0.360783
v 0.557742 1.112974 -0.355316
v 0.597156 1.107071 -0.330638
v 0.523804 1.065113 -0.320791
v 0.571018 1.058193 -0.336246
v 0.597156 1.107071 -0.330638
v 0.549343 1.112871 -0.315311
v 0.527488 1.147847 -0.346029
v 0.549343 1.112871 -0.315311
v 0.556446 1.124436 -0.318318
v 0.535433 1.155670 -0.341944
v 0.535433 1.155670 -0.341944
v 0.562998 1.124535 -0.349678
v 0.557742 1.112974 -0.355316
v 0.527488 1.147847 -0.346029
v 0.597156 1.107071 -0.330638
v 0.557742 1.112974 -0.355316
v 0.562998 1.124535 -0.349678
v 0.598645 1.118679 -0.328034
v 0.549343 1.112871 -0.315311
v 0.597156 1.107071 -0.330638
v 0.598645 1.118679 -0.328034
v 0.556446 1.124436 -0.318318
v 0.535433 1.155670 -0.341944
v 0.556446 1.124436 -0.318318
v 0.578289 1.165281 -0.313632
v 0.557793 1.197484 -0.337146
v 0.557793 1.197484 -0.337146
v 0.584801 1.165404 -0.345003
v 0.562998 1.124535 -0.349678
v 0.535433 1.155670 -0.341944
v 0.598645 1.118679 -0.328034
v 0.562998 1.124535 -0.349678
v 0.584801 1.165404 -0.345003
v 0.621006 1.160493 -0.323236
v 0.556446 1.124436 -0.318318
v 0.598645 1.118679 -0.328034
v 0.621006 1.160493 -0.323236
v 0.578289 1.165281 -0.313632
v 0.557793 1.197484 -0.337146
v 0.578289 1.165281 -0.313632
v 0.584657 1.175965 -0.315493
v 0.564898 1.205790 -0.334243
v 0.564898 1.205790 -0.334243
v 0.589854 1.176083 -0.340704
v 0.584801 1.165404 -0.345003
v 0.557793 1.197484 -0.337146
v 0.621006 1.160493 -0.323236
v 0.584801 1.165404 -0.345003
v 0.589854 1.176083 -0.340704
v 0.623636 1.171423 -0.321361
v 0.578289 1.165281 -0.313632
v 0.621006 1.160493 -0.323236
v 0.623636 1.171423 -0.321361
v 0.584657 1.175965 -0.315493
v 0.564898 1.205790 -0.334243
v 0.584657 1.175965 -0.315493
v 0.608471 1.220498 -0.310383
v 0.588136 1.249244 -0.329257
v 0.588136 1.249244 -0.329257
v 0.613627 1.220641 -0.335605
v 0.589854 1.176083 -0.340704
v 0.564898 1.205790 -0.334243
v 0.623636 1.171423 -0.321361
v 0.589854 1.176083 -0.340704
v 0.613627 1.220641 -0.335605
v 0.646874 1.214877 -0.316375
v 0.584657 1.175965 -0.315493
v 0.623636 1.171423 -0.321361
v 0.646874 1.214877 -0.316375
v 0.608471 1.220498 -0.310383
v 0.588136 1.249244 -0.329257
v 0.608471 1.220498 -0.310383
v 0.613980 1.230033 -0.311233
v 0.594001 1.255162 -0.327791
v 0.594001 1.255162 -0.327791
v 0.618313 1.230170 -0.332568
v 0.613627 1.220641 -0.335605
v 0.588136 1.249244 -0.329257
v 0.646874 1.214877 -0.316375
v 0.613627 1.220641 -0.335605
v 0.618313 1.230170 -0.332568
v 0.648568 1.223238 -0.315847
v 0.608471 1.220498 -0.310383
v 0.646874 1.214877 -0.316375
v 0.648568 1.223238 -0.315847
v 0.613980 1.230033 -0.311233
v 0.594001 1.255162 -0.327791
v 0.613980 1.230033 -0.311233
v 0.633505 1.266543 -0.307044
v 0.612875 1.290454 -0.323741
v 0.612875 1.290454 -0.323741
v 0.637803 1.266700 -0.328388
v 0.618313 1.230170 -0.332568
v 0.594001 1.255162 -0.327791
v 0.648568 1.223238 -0.315847
v 0.618313 1.230170 -0.332568
v 0.637803 1.266700 -0.328388
v 0.667442 1.258530 -0.311798
v 0.613980 1.230033 -0.311233
v 0.648568 1.223238 -0.315847
v 0.667442 1.258530 -0.311798
v 0.633505 1.266543 -0.307044
v 0.612875 1.290454 -0.323741
v 0.633505 1.266543 -0.307044
v 0.639941 1.277938 -0.307383
v 0.621320 1.298619 -0.321754
v 0.621320 1.298619 -0.321754
v 0.643558 1.278081 -0.325434
v 0.637803 1.266700 -0.328388
v 0.612875 1.290454 -0.323741
v 0.667442 1.258530 -0.311798
v 0.637803 1.266700 -0.328388
v 0.643558 1.278081 -0.325434
v 0.669624 1.270360 -0.311190
v 0.633505 1.266543 -0.307044
v 0.667442 1.258530 -0.311798
v 0.669624 1.270360 -0.311190
v 0.639941 1.277938 -0.307383
v 0.621320 1.298619 -0.321754
v 0.639941 1.277938 -0.307383
v 0.655329 1.306713 -0.304082
v 0.640080 1.333701 -0.317728
v 0.640080 1.333701 -0.317728
v 0.658912 1.306876 -0.322141
v 0.643558 1.278081 -0.325434
v 0.621320 1.298619 -0.321754
v 0.669624 1.270360 -0.311190
v 0.643558 1.278081 -0.325434
v 0.658912 1.306876 -0.322141
v 0.688385 1.305442 -0.307165
v 0.639941 1.277938 -0.307383
v 0.669624 1.270360 -0.311190
v 0.688385 1.305442 -0.307165
v 0.655329 1.306713 -0.304082
v 0.288906 0.276477 -0.395967
v 0.289366 0.276281 -0.389368
v 0.289876 0.386393 -0.350967
v 0.280076 0.388536 -0.414799
v 0.284632 0.389277 -0.415475
v 0.294432 0.387133 -0.351643
v 0.290289 0.276412 -0.389429
v 0.289828 0.276608 -0.396028
v 0.289828 0.276608 -0.396028
v 0.290289 0.276412 -0.389429
v 0.289366 0.276281 -0.389368
v 0.288906 0.276477 -0.395967
v 0.289366 0.276281 -0.389368
v 0.290289 0.276412 -0.389429
v 0.294432 0.387133 -0.351643
v 0.289876 0.386393 -0.350967
v 0.289828 0.276608 -0.396028
v 0.288906 0.276477 -0.395967
v 0.280076 0.388536 -0.414799
v 0.284632 0.389277 -0.415475
v 0.284632 0.389277 -0.415475
v 0.280076 0.388536 -0.414799
v 0.260553 0.668756 -0.391511
v 0.260553 0.668756 -0.391511
v 0.294432 0.387133 -0.351643
v 0.284632 0.389277 -0.415475
v 0.289876 0.386393 -0.350967
v 0.294432 0.387133 -0.351643
v 0.260553 0.668756 -0.391511
v 0.280076 0.388536 -0.414799
v 0.289876 0.386393 -0.350967
v 0.260553 0.668756 -0.391511
v 0.256550 0.000000 -0.407991
v 0.246998 0.000000 -0.407005
v 0.342305 0.652739 -0.386556
v 0.351707 0.651876 -0.387574
v 0.246998 0.000000 -0.407005
v 0.244984 0.000000 -0.397616
v 0.340291 0.652739 -0.377167
v 0.342305 0.652739 -0.386556
v 0.244984 0.000000 -0.397616
v 0.253291 0.000000 -0.392799
v 0.348447 0.651876 -0.372382
v 0.340291 0.652739 -0.377167
v 0.253291 0.000000 -0.392799
v 0.260439 0.000000 -0.399211
v 0.355503 0.651343 -0.378814
v 0.348447 0.651876 -0.372382
v 0.260439 0.000000 -0.399211
v 0.256550 0.000000 -0.407991
v 0.351707 0.651876 -0.387574
v 0.355503 0.651343 -0.378814
v 0.246998 0.000000 -0.407005
v 0.256550 0.000000 -0.407991
v 0.252452 0.000000 -0.400924
v 0.244984 0.000000 -0.397616
v 0.246998 0.000000 -0.407005
v 0.252452 0.000000 -0.400924
v 0.253291 0.000000 -0.392799
v 0.244984 0.000000 -0.397616
v 0.252452 0.000000 -0.400924
v 0.260439 0.000000 -0.399211
v 0.253291 0.000000 -0.392799
v 0.252452 0.000000 -0.400924
v 0.256550 0.000000 -0.407991
v 0.260439 0.000000 -0.399211
v 0.252452 0.000000 -0.400924
v 0.340291 0.652739 -0.377167
v 0.348447 0.651876 -0.372382
v 0.497153 1.009899 -0.340476
v 0.489330 1.012930 -0.345190
v 0.342305 0.652739 -0.386556
v 0.340291 0.652739 -0.377167
v 0.489330 1.012930 -0.345190
v 0.491344 1.012930 -0.354578
v 0.351707 0.651876 -0.387574
v 0.342305 0.652739 -0.386556
v 0.491344 1.012930 -0.354578
v 0.500412 1.009899 -0.355668
v 0.355503 0.651343 -0.378814
v 0.351707 0.651876 -0.387574
v 0.500412 1.009899 -0.355668
v 0.504002 1.008026 -0.346952
v 0.348447 0.651876 -0.372382
v 0.355503 0.651343 -0.378814
v 0.504002 1.008026 -0.346952
v 0.497153 1.009899 -0.340476
v 0.404099 0.793228 -0.373427
v 0.401442 0.793733 -0.369757
v 0.430089 0.969575 -0.363112
v 0.454145 0.964234 -0.391990
v 0.456302 0.964344 -0.390213
v 0.432246 0.969686 -0.361335
v 0.402182 0.793779 -0.369366
v 0.404838 0.793274 -0.373035
v 0.404838 0.793274 -0.373035
v 0.402182 0.793779 -0.369366
v 0.401442 0.793733 -0.369757
v 0.404099 0.793228 -0.373427
v 0.401442 0.793733 -0.369757
v 0.402182 0.793779 -0.369366
v 0.432246 0.969686 -0.361335
v 0.430089 0.969575 -0.363112
v 0.404838 0.793274 -0.373035
v 0.404099 0.793228 -0.373427
v 0.454145 0.964234 -0.391990
v 0.456302 0.964344 -0.390213
v 0.456302 0.964344 -0.390213
v 0.454145 0.964234 -0.391990
v 0.437605 1.130181 -0.373873
v 0.437605 1.130181 -0.373873
v 0.432246 0.969686 -0.361335
v 0.456302 0.964344 -0.390213
v 0.430089 0.969575 -0.363112
v 0.432246 0.969686 -0.361335
v 0.437605 1.130181 -0.373873
v 0.454145 0.964234 -0.391990
v 0.430089 0.969575 -0.363112
v 0.437605 1.130181 -0.373873
v 0.349678 0.654014 -0.374102
v 0.353511 0.652240 -0.381316
v 0.477517 0.792886 -0.363697
v 0.441796 0.809759 -0.306366
v 0.439469 0.813638 -0.308908
v 0.475190 0.796765 -0.366239
v 0.352722 0.653495 -0.381795
v 0.348889 0.655268 -0.374581
v 0.348889 0.655268 -0.374581
v 0.352722 0.653495 -0.381795
v 0.353511 0.652240 -0.381316
v 0.349678 0.654014 -0.374102
v 0.353511 0.652240 -0.381316
v 0.352722 0.653495 -0.381795
v 0.475190 0.796765 -0.366239
v 0.477517 0.792886 -0.363697
v 0.348889 0.655268 -0.374581
v 0.349678 0.654014 -0.374102
v 0.441796 0.809759 -0.306366
v 0.439469 0.813638 -0.308908
v 0.439469 0.813638 -0.308908
v 0.441796 0.809759 -0.306366
v 0.614400 0.812254 -0.310098
v 0.614400 0.812254 -0.310098
v 0.475190 0.796765 -0.366239
v 0.439469 0.813638 -0.308908
v 0.477517 0.792886 -0.363697
v 0.475190 0.796765 -0.366239
v 0.614400 0.812254 -0.310098
v 0.441796 0.809759 -0.306366
v 0.477517 0.792886 -0.363697
v 0.614400 0.812254 -0.310098
v 0.095764 0.008552 -0.427130
v 0.092746 0.008279 -0.420496
v 0.019071 0.269787 -0.419716
v 0.046547 0.280231 -0.472975
v 0.049647 0.282887 -0.470918
v 0.022171 0.272443 -0.417659
v 0.093932 0.008820 -0.420132
v 0.096951 0.009093 -0.426766
v 0.096951 0.009093 -0.426766
v 0.093932 0.008820 -0.420132
v 0.092746 0.008279 -0.420496
v 0.095764 0.008552 -0.427130
v 0.092746 0.008279 -0.420496
v 0.093932 0.008820 -0.420132
v 0.022171 0.272443 -0.417659
v 0.019071 0.269787 -0.419716
v 0.096951 0.009093 -0.426766
v 0.095764 0.008552 -0.427130
v 0.046547 0.280231 -0.472975
v 0.049647 0.282887 -0.470918
v 0.049647 0.282887 -0.470918
v 0.046547 0.280231 -0.472975
v -0.113491 0.432642 -0.439076
v -0.113491 0.432642 -0.439076
v 0.022171 0.272443 -0.417659
v 0.049647 0.282887 -0.470918
v 0.019071 0.269787 -0.419716
v 0.022171 0.272443 -0.417659
v -0.113491 0.432642 -0.439076
v 0.046547 0.280231 -0.472975
v 0.019071 0.269787 -0.419716
v -0.113491 0.432642 -0.439076
v 0.058431 1.313795 -0.427360
v 0.102186 1.288057 -0.396366
v 0.104249 1.338729 -0.396366
v 0.060288 1.359399 -0.427360
v 0.102186 1.288057 -0.396366
v 0.147643 1.309662 -0.426858
v 0.149500 1.355267 -0.426858
v 0.104249 1.338729 -0.396366
v 0.088831 1.659168 -0.420997
v 0.116577 1.642539 -0.410853
v 0.116251 1.642554 -0.429262
v 0.058431 1.313795 -0.427360
v 0.102073 1.288062 -0.443681
v 0.102186 1.288057 -0.396366
v 0.102073 1.288062 -0.443681
v 0.104093 1.338736 -0.443684
v 0.149500 1.355267 -0.426858
v 0.147643 1.309662 -0.426858
v 0.116251 1.642554 -0.429262
v 0.116577 1.642539 -0.410853
v 0.145427 1.656547 -0.420802
v 0.102186 1.288057 -0.396366
v 0.102073 1.288062 -0.443681
v 0.147643 1.309662 -0.426858
v 0.060288 1.359399 -0.427360
v 0.104093 1.338736 -0.443684
v 0.102073 1.288062 -0.443681
v 0.058431 1.313795 -0.427360
v 0.060288 1.359399 -0.427360
v 0.104249 1.338729 -0.396366
v 0.104861 1.353997 -0.399598
v 0.064578 1.371918 -0.425047
v 0.064578 1.371918 -0.425047
v 0.104710 1.354004 -0.440472
v 0.104093 1.338736 -0.443684
v 0.060288 1.359399 -0.427360
v 0.149500 1.355267 -0.426858
v 0.104093 1.338736 -0.443684
v 0.104710 1.354004 -0.440472
v 0.146243 1.368135 -0.424615
v 0.104249 1.338729 -0.396366
v 0.149500 1.355267 -0.426858
v 0.146243 1.368135 -0.424615
v 0.104861 1.353997 -0.399598
v 0.064578 1.371918 -0.425047
v 0.104861 1.353997 -0.399598
v 0.107184 1.411038 -0.399598
v 0.066955 1.430296 -0.425047
v 0.066955 1.430296 -0.425047
v 0.106978 1.411047 -0.440475
v 0.104710 1.354004 -0.440472
v 0.064578 1.371918 -0.425047
v 0.146243 1.368135 -0.424615
v 0.104710 1.354004 -0.440472
v 0.106978 1.411047 -0.440475
v 0.148619 1.426513 -0.424615
v 0.104861 1.353997 -0.399598
v 0.146243 1.368135 -0.424615
v 0.148619 1.426513 -0.424615
v 0.107184 1.411038 -0.399598
v 0.066955 1.430296 -0.425047
v 0.107184 1.411038 -0.399598
v 0.107736 1.424846 -0.404029
v 0.071218 1.441724 -0.422720
v 0.071218 1.441724 -0.422720
v 0.107538 1.424855 -0.436065
v 0.106978 1.411047 -0.440475
v 0.066955 1.430296 -0.425047
v 0.148619 1.426513 -0.424615
v 0.106978 1.411047 -0.440475
v 0.107538 1.424855 -0.436065
v 0.145302 1.438293 -0.422380
v 0.107184 1.411038 -0.399598
v 0.148619 1.426513 -0.424615
v 0.145302 1.438293 -0.422380
v 0.107736 1.424846 -0.404029
v 0.071218 1.441724 -0.422720
v 0.107736 1.424846 -0.404029
v 0.109722 1.473630 -0.404029
v 0.073251 1.491666 -0.422720
v 0.073251 1.491666 -0.422720
v 0.109477 1.473641 -0.436067
v 0.107538 1.424855 -0.436065
v 0.071218 1.441724 -0.422720
v 0.145302 1.438293 -0.422380
v 0.107538 1.424855 -0.436065
v 0.109477 1.473641 -0.436067
v 0.147335 1.488234 -0.422380
v 0.107736 1.424846 -0.404029
v 0.145302 1.438293 -0.422380
v 0.147335 1.488234 -0.422380
v 0.109722 1.473630 -0.404029
v 0.073251 1.491666 -0.422720
v 0.109722 1.473630 -0.404029
v 0.110235 1.486386 -0.407184
v 0.076347 1.503031 -0.421372
v 0.076347 1.503031 -0.421372
v 0.109998 1.486397 -0.432924
v 0.109477 1.473641 -0.436067
v 0.073251 1.491666 -0.422720
v 0.147335 1.488234 -0.422380
v 0.109477 1.473641 -0.436067
v 0.109998 1.486397 -0.432924
v 0.145175 1.499843 -0.421099
v 0.109722 1.473630 -0.404029
v 0.147335 1.488234 -0.422380
v 0.145175 1.499843 -0.421099
v 0.110235 1.486386 -0.407184
v 0.076347 1.503031 -0.421372
v 0.110235 1.486386 -0.407184
v 0.112401 1.539575 -0.407184
v 0.078460 1.554932 -0.421372
v 0.078460 1.554932 -0.421372
v 0.112115 1.539588 -0.432926
v 0.109998 1.486397 -0.432924
v 0.076347 1.503031 -0.421372
v 0.145175 1.499843 -0.421099
v 0.109998 1.486397 -0.432924
v 0.112115 1.539588 -0.432926
v 0.147288 1.551744 -0.421099
v 0.110235 1.486386 -0.407184
v 0.145175 1.499843 -0.421099
v 0.147288 1.551744 -0.421099
v 0.112401 1.539575 -0.407184
v 0.078460 1.554932 -0.421372
v 0.112401 1.539575 -0.407184
v 0.112858 1.550960 -0.409171
v 0.081253 1.563345 -0.421169
v 0.081253 1.563345 -0.421169
v 0.112583 1.550973 -0.430940
v 0.112115 1.539588 -0.432926
v 0.078460 1.554932 -0.421372
v 0.147288 1.551744 -0.421099
v 0.112115 1.539588 -0.432926
v 0.112583 1.550973 -0.430940
v 0.145189 1.560383 -0.420938
v 0.112401 1.539575 -0.407184
v 0.147288 1.551744 -0.421099
v 0.145189 1.560383 -0.420938
v 0.112858 1.550960 -0.409171
v 0.081253 1.563345 -0.421169
v 0.112858 1.550960 -0.409171
v 0.114633 1.594567 -0.409171
v 0.082969 1.605497 -0.421169
v 0.082969 1.605497 -0.421169
v 0.114319 1.594581 -0.430942
v 0.112583 1.550973 -0.430940
v 0.081253 1.563345 -0.421169
v 0.145189 1.560383 -0.420938
v 0.112583 1.550973 -0.430940
v 0.114319 1.594581 -0.430942
v 0.146905 1.602535 -0.420938
v 0.112858 1.550960 -0.409171
v 0.145189 1.560383 -0.420938
v 0.146905 1.602535 -0.420938
v 0.114633 1.594567 -0.409171
v 0.082969 1.605497 -0.421169
v 0.114633 1.594567 -0.409171
v 0.115178 1.608172 -0.410853
v 0.087126 1.617267 -0.420997
v 0.087126 1.617267 -0.420997
v 0.114891 1.608185 -0.429261
v 0.114319 1.594581 -0.430942
v 0.082969 1.605497 -0.421169
v 0.146905 1.602535 -0.420938
v 0.114319 1.594581 -0.430942
v 0.114891 1.608185 -0.429261
v 0.143721 1.614646 -0.420802
v 0.114633 1.594567 -0.409171
v 0.146905 1.602535 -0.420938
v 0.143721 1.614646 -0.420802
v 0.115178 1.608172 -0.410853
v 0.087126 1.617267 -0.420997
v 0.115178 1.608172 -0.410853
v 0.116577 1.642539 -0.410853
v 0.088831 1.659168 -0.420997
v 0.088831 1.659168 -0.420997
v 0.116251 1.642554 -0.429262
v 0.114891 1.608185 -0.429261
v 0.087126 1.617267 -0.420997
v 0.143721 1.614646 -0.420802
v 0.114891 1.608185 -0.429261
v 0.116251 1.642554 -0.429262
v 0.145427 1.656547 -0.420802
v 0.115178 1.608172 -0.410853
v 0.143721 1.614646 -0.420802
v 0.145427 1.656547 -0.420802
v 0.116577 1.642539 -0.410853
v 0.096155 0.985405 -0.426864
v 0.094094 0.985219 -0.422335
v 0.043790 1.163773 -0.421802
v 0.062550 1.170904 -0.458167
v 0.064667 1.172717 -0.456762
v 0.045907 1.165586 -0.420398
v 0.094905 0.985588 -0.422086
v 0.096966 0.985774 -0.426616
v 0.096966 0.985774 -0.426616
v 0.094905 0.985588 -0.422086
v 0.094094 0.985219 -0.422335
v 0.096155 0.985405 -0.426864
v 0.094094 0.985219 -0.422335
v 0.094905 0.985588 -0.422086
v 0.045907 1.165586 -0.420398
v 0.043790 1.163773 -0.421802
v 0.096966 0.985774 -0.426616
v 0.096155 0.985405 -0.426864
v 0.062550 1.170904 -0.458167
v 0.064667 1.172717 -0.456762
v 0.064667 1.172717 -0.456762
v 0.062550 1.170904 -0.458167
v -0.046721 1.274968 -0.435021
v -0.046721 1.274968 -0.435021
v 0.045907 1.165586 -0.420398
v 0.064667 1.172717 -0.456762
v 0.043790 1.163773 -0.421802
v 0.045907 1.165586 -0.420398
v -0.046721 1.274968 -0.435021
v 0.062550 1.170904 -0.458167
v 0.043790 1.163773 -0.421802
v -0.046721 1.274968 -0.435021
v 0.096886 0.000000 -0.431825
v 0.087753 0.000000 -0.428858
v 0.093137 1.286739 -0.428858
v 0.102186 1.288057 -0.431825
v 0.087753 0.000000 -0.428858
v 0.087753 0.000000 -0.419255
v 0.093137 1.286739 -0.419255
v 0.093137 1.286739 -0.428858
v 0.087753 0.000000 -0.419255
v 0.096886 0.000000 -0.416288
v 0.102186 1.288057 -0.416288
v 0.093137 1.286739 -0.419255
v 0.102186 1.288057 -0.416288
v 0.096886 0.000000 -0.416288
v 0.102530 0.000000 -0.424056
v 0.107778 1.288872 -0.424056
v 0.102530 0.000000 -0.424056
v 0.096886 0.000000 -0.431825
v 0.102186 1.288057 -0.431825
v 0.107778 1.288872 -0.424056
v 0.087753 0.000000 -0.428858
v 0.096886 0.000000 -0.431825
v 0.094362 0.000000 -0.424056
v 0.087753 0.000000 -0.419255
v 0.087753 0.000000 -0.428858
v 0.094362 0.000000 -0.424056
v 0.096886 0.000000 -0.416288
v 0.087753 0.000000 -0.419255
v 0.094362 0.000000 -0.424056
v 0.102530 0.000000 -0.424056
v 0.096886 0.000000 -0.416288
v 0.094362 0.000000 -0.424056
v 0.096886 0.000000 -0.431825
v 0.102530 0.000000 -0.424056
v 0.094362 0.000000 -0.424056
v 0.096729 0.828248 -0.418533
v 0.099446 0.827411 -0.426390
v 0.169118 1.119068 -0.435178
v 0.141735 1.126381 -0.371629
v 0.137721 1.129032 -0.373626
v 0.165104 1.121718 -0.437176
v 0.098182 0.828282 -0.426693
v 0.095464 0.829119 -0.418836
v 0.095464 0.829119 -0.418836
v 0.098182 0.828282 -0.426693
v 0.099446 0.827411 -0.426390
v 0.096729 0.828248 -0.418533
v 0.099446 0.827411 -0.426390
v 0.098182 0.828282 -0.426693
v 0.165104 1.121718 -0.437176
v 0.169118 1.119068 -0.435178
v 0.095464 0.829119 -0.418836
v 0.096729 0.828248 -0.418533
v 0.141735 1.126381 -0.371629
v 0.137721 1.129032 -0.373626
v 0.137721 1.129032 -0.373626
v 0.141735 1.126381 -0.371629
v 0.268669 1.241305 -0.411488
v 0.268669 1.241305 -0.411488
v 0.165104 1.121718 -0.437176
v 0.137721 1.129032 -0.373626
v 0.169118 1.119068 -0.435178
v 0.165104 1.121718 -0.437176
v 0.268669 1.241305 -0.411488
v 0.141735 1.126381 -0.371629
v 0.169118 1.119068 -0.435178
v 0.268669 1.241305 -0.411488
v 0.097195 0.266577 -0.418839
v 0.099913 0.265740 -0.426697
v 0.167015 0.505339 -0.435485
v 0.139633 0.512653 -0.371935
v 0.135619 0.515304 -0.373933
v 0.163002 0.507990 -0.437482
v 0.098648 0.266611 -0.427000
v 0.095930 0.267448 -0.419142
v 0.095930 0.267448 -0.419142
v 0.098648 0.266611 -0.427000
v 0.099913 0.265740 -0.426697
v 0.097195 0.266577 -0.418839
v 0.099913 0.265740 -0.426697
v 0.098648 0.266611 -0.427000
v 0.163002 0.507990 -0.437482
v 0.167015 0.505339 -0.435485
v 0.095930 0.267448 -0.419142
v 0.097195 0.266577 -0.418839
v 0.139633 0.512653 -0.371935
v 0.135619 0.515304 -0.373933
v 0.135619 0.515304 -0.373933
v 0.139633 0.512653 -0.371935
v 0.269135 0.679634 -0.411794
v 0.269135 0.679634 -0.411794
v 0.163002 0.507990 -0.437482
v 0.135619 0.515304 -0.373933
v 0.167015 0.505339 -0.435485
v 0.163002 0.507990 -0.437482
v 0.269135 0.679634 -0.411794
v 0.139633 0.512653 -0.371935
v 0.167015 0.505339 -0.435485
v 0.269135 0.679634 -0.411794
v 0.094887 0.453778 -0.428094
v 0.092415 0.453555 -0.422662
v 0.051736 0.693549 -0.422023
v 0.075578 0.695010 -0.465628
v 0.078587 0.696335 -0.463944
v 0.054745 0.694874 -0.420339
v 0.093387 0.453998 -0.422364
v 0.095859 0.454221 -0.427795
v 0.095859 0.454221 -0.427795
v 0.093387 0.453998 -0.422364
v 0.092415 0.453555 -0.422662
v 0.094887 0.453778 -0.428094
v 0.092415 0.453555 -0.422662
v 0.093387 0.453998 -0.422364
v 0.054745 0.694874 -0.420339
v 0.051736 0.693549 -0.422023
v 0.095859 0.454221 -0.427795
v 0.094887 0.453778 -0.428094
v 0.075578 0.695010 -0.465628
v 0.078587 0.696335 -0.463944
v 0.078587 0.696335 -0.463944
v 0.075578 0.695010 -0.465628
v -0.012222 0.902370 -0.437874
v -0.012222 0.902370 -0.437874
v 0.054745 0.694874 -0.420339
v 0.078587 0.696335 -0.463944
v 0.051736 0.693549 -0.422023
v 0.054745 0.694874 -0.420339
v -0.012222 0.902370 -0.437874
v 0.075578 0.695010 -0.465628
v 0.051736 0.693549 -0.422023
v -0.012222 0.902370 -0.437874
f 2 4 1
f 4 2 3
f 7 8 5
f 5 6 7
f 11 12 9
f 9 10 11
f 14 16 13
f 16 14 15
f 19 20 17
f 17 18 19
f 21 22 23
f 24 25 26
f 27 28 29
f 30 31 32
f 34 36 33
f 36 34 35
f 39 40 37
f 37 38 39
f 41 42 43
f 44 45 46
f 48 50 47
f 50 48 49
f 51 52 53
f 54 55 56
f 58 60 57
f 60 58 59
f 62 64 61
f 64 62 63
f 66 68 65
f 68 66 67
f 70 72 69
f 72 70 71
f 75 76 73
f 73 74 75
f 78 80 77
f 80 78 79
f 82 84 81
f 84 82 83
f 86 88 85
f 88 86 87
f 91 92 89
f 89 90 91
f 94 96 93
f 96 94 95
f 98 100 97
f 100 98 99
f 102 104 101
f 104 102 103
f 107 108 105
f 105 106 107
f 110 112 109
f 112 110 111
f 114 116 113
f 116 114 115
f 118 120 117
f 120 118 119
f 123 124 121
f 121 122 123
f 127 128 125
f 125 126 127
f 130 132 129
f 132 130 131
f 134 136 133
f 136 134 135
f 139 140 137
f 137 138 139
f 143 144 141
f 141 142 143
f 146 148 145
f 148 146 147
f 150 152 149
f 152 150 151
f 155 156 153
f 153 154 155
f 159 160 157
f 157 158 159
f 162 164 161
f 164 162 163
f 166 168 165
f 168 166 167
f 171 172 169
f 169 170 171
f 175 176 173
f 173 174 175
f 178 180 177
f 180 178 179
f 182 184 181
f 184 182 183
f 187 188 185
f 185 186 187
f 191 192 189
f 189 190 191
f 194 196 193
f 196 194 195
f 198 200 197
f 200 198 199
f 203 204 201
f 201 202 203
f 207 208 205
f 205 206 207
f 210 212 209
f 212 210 211
f 214 216 213
f 216 214 215
f 219 220 217
f 217 218 219
f 222 224 221
f 224 222 223
f 227 228 225
f 225 226 227
f 231 232 229
f 229 230 231
f 234 236 233
f 236 234 235
f 239 240 237
f 237 238 239
f 241 242 243
f 244 245 246
f 247 248 249
f 250 251 252
f 254 256 253
f 256 254 255
f 258 260 257
f 260 258 259
f 263 264 261
f 261 262 263
f 267 268 265
f 265 266 267
f 271 272 269
f 269 270 271
f 273 274 275
f 276 277 278
f 279 280 281
f 282 283 284
f 285 286 287
f 290 291 288
f 288 289 290
f 293 295 292
f 295 293 294
f 298 299 296
f 296 297 298
f 301 303 300
f 303 301 302
f 305 307 304
f 307 305 306
f 308 309 310
f 311 312 313
f 314 315 316
f 317 318 319
f 322 323 320
f 320 321 322
f 325 327 324
f 327 325 326
f 330 331 328
f 328 329 330
f 333 335 332
f 335 333 334
f 337 339 336
f 339 337 338
f 340 341 342
f 343 344 345
f 346 347 348
f 349 350 351
f 353 355 352
f 355 353 354
f 358 359 356
f 356 357 358
f 362 363 360
f 360 361 362
f 365 367 364
f 367 365 366
f 370 371 368
f 368 369 370
f 372 373 374
f 375 376 377
f 378 379 380
f 381 382 383
f 386 387 384
f 384 385 386
f 389 391 388
f 391 389 390
f 394 395 392
f 392 393 394
f 397 399 396
f 399 397 398
f 402 403 400
f 400 401 402
f 404 405 406
f 407 408 409
f 410 411 412
f 413 414 415
f 417 419 416
f 419 417 418
f 422 423 420
f 420 421 422
f 424 425 426
f 427 428 429
f 431 433 430
f 433 431 432
f 434 435 436
f 437 438 439
f 441 443 440
f 443 441 442
f 445 447 444
f 447 445 446
f 449 451 448
f 451 449 450
f 453 455 452
f 455 453 454
f 458 459 456
f 456 457 458
f 461 463 460
f 463 461 462
f 465 467 464
f 467 465 466
f 469 471 468
f 471 469 470
f 474 475 472
f 472 473 474
f 477 479 476
f 479 477 478
f 481 483 480
f 483 481 482
f 485 487 484
f 487 485 486
f 490 491 488
f 488 489 490
f 494 495 492
f 492 493 494
f 497 499 496
f 499 497 498
f 501 503 500
f 503 501 502
f 506 507 504
f 504 505 506
f 510 511 508
f 508 509 510
f 513 515 512
f 515 513 514
f 517 519 516
f 519 517 518
f 522 523 520
f 520 521 522
f 526 527 524
f 524 525 526
f 529 531 528
f 531 529 530
f 533 535 532
f 535 533 534
f 538 539 536
f 536 537 538
f 542 543 540
f 540 541 542
f 545 547 544
f 547 545 546
f 549 551 548
f 551 549 550
f 554 555 552
f 552 553 554
f 558 559 556
f 556 557 558
f 561 563 560
f 563 561 562
f 565 567 564
f 567 565 566
f 570 571 568
f 568 569 570
f 574 575 572
f 572 573 574
f 577 579 576
f 579 577 578
f 581 583 580
f 583 581 582
f 586 587 584
f 584 585 586
f 590 591 588
f 588 589 590
f 593 595 592
f 595 593 594
f 597 599 596
f 599 597 598
f 602 603 600
f 600 601 602
f 605 607 604
f 607 605 606
f 610 611 608
f 608 609 610
f 614 615 612
f 612 613 614
f 618 619 616
f 616 617 618
f 621 623 620
f 623 621 622
f 624 625 626
f 627 628 629
f 630 631 632
f 633 634 635
f 637 639 636
f 639 637 638
f 641 643 640
f 643 641 642
f 646 647 644
f 644 645 646
f 650 651 648
f 648 649 650
f 654 655 652
f 652 653 654
f 656 657 658
f 659 660 661
f 662 663 664
f 665 666 667
f 668 669 670
f 673 674 671
f 671 672 673
f 676 678 675
f 678 676 677
f 680 682 679
f 682 680 681
f 685 686 683
f 683 684 685
f 689 690 687
f 687 688 689
f 692 694 691
f 694 692 693
f 697 698 695
f 695 696 697
f 701 702 699
f 699 700 701
f 705 706 703
f 703 704 705
f 708 710 707
f 710 708 709
f 711 712 713
f 714 715 716
f 717 718 719
f 720 721 722
f 725 726 723
f 723 724 725
f 728 730 727
f 730 728 729
f 733 734 731
f 731 732 733
f 736 738 735
f 738 736 737
f 740 742 739
f 742 740 741
f 743 744 745
f 746 747 748
f 749 750 751
f 752 753 754
f 757 758 755
f 755 756 757
f 760 762 759
f 762 760 761
f 765 766 763
f 763 764 765
f 768 770 767
f 770 768 769
f 773 774 771
f 771 772 773
f 775 776 777
f 778 779 780
f 781 782 783
f 784 785 786
f 788 790 787
f 790 788 789
f 792 794 791
f 794 792 793
f 795 796 797
f 798 799 800
f 803 804 801
f 801 802 803
f 805 806 807
f 808 809 810
f 813 814 811
f 811 812 813
f 816 818 815
f 818 816 817
f 821 822 819
f 819 820 821
f 825 826 823
f 823 824 825
f 828 830 827
f 830 828 829
f 832 834 831
f 834 832 833
f 837 838 835
f 835 836 837
f 841 842 839
f 839 840 841
f 844 846 843
f 846 844 845
f 848 850 847
f 850 848 849
f 853 854 851
f 851 852 853
f 857 858 855
f 855 856 857
f 860 862 859
f 862 860 861
f 864 866 863
f 866 864 865
f 869 870 867
f 867 868 869
f 873 874 871
f 871 872 873
f 876 878 875
f 878 876 877
f 880 882 879
f 882 880 881
f 885 886 883
f 883 884 885
f 889 890 887
f 887 888 889
f 892 894 891
f 894 892 893
f 896 898 895
f 898 896 897
f 901 902 899
f 899 900 901
f 905 906 903
f 903 904 905
f 908 910 907
f 910 908 909
f 912 914 911
f 914 912 913
f 917 918 915
f 915 916 917
f 921 922 919
f 919 920 921
f 924 926 923
f 926 924 925
f 928 930 927
f 930 928 929
f 933 934 931
f 931 932 933
f 937 938 935
f 935 936 937
f 940 942 939
f 942 940 941
f 944 946 943
f 946 944 945
f 949 950 947
f 947 948 949
f 953 954 951
f 951 952 953
f 956 958 955
f 958 956 957
f 960 962 959
f 962 960 961
f 965 966 963
f 963 964 965
f 969 970 967
f 967 968 969
f 972 974 971
f 974 972 973
f 977 978 975
f 975 976 977
f 980 982 979
f 982 980 981
f 985 986 983
f 983 984 985
f 988 990 987
f 990 988 989
f 993 994 991
f 991 992 993
f 995 996 997
f 998 999 1000
f 1001 1002 1003
f 1004 1005 1006
f 1009 1010 1007
f 1007 1008 1009
f 1013 1014 1011
f 1011 1012 1013
f 1016 1018 1015
f 1018 1016 1017
f 1020 1022 1019
f 1022 1020 1021
f 1024 1026 1023
f 1026 1024 1025
f 1027 1028 1029
f 1030 1031 1032
f 1033 1034 1035
f 1036 1037 1038
f 1039 1040 1041
f 1043 1045 1042
f 1045 1043 1044
f 1048 1049 1046
f 1046 1047 1048
f 1052 1053 1050
f 1050 1051 1052
f 1056 1057 1054
f 1054 1055 1056
f 1059 1061 1058
f 1061 1059 1060
f 1062 1063 1064
f 1065 1066 1067
f 1068 1069 1070
f 1071 1072 1073
f 1075 1077 1074
f 1077 1075 1076
f 1080 1081 1078
f 1078 1079 1080
f 1084 1085 1082
f 1082 1083 1084
f 1088 1089 1086
f 1086 1087 1088
f 1091 1093 1090
f 1093 1091 1092
f 1094 1095 1096
f 1097 1098 1099
f 1100 1101 1102
f 1103 1104 1105
f 1108 1109 1106
f 1106 1107 1108
f 1111 1113 1110
f 1113 1111 1112
f 1116 1117 1114
f 1114 1115 1116
f 1119 1121 1118
f 1121 1119 1120
f 1124 1125 1122
f 1122 1123 1124
f 1126 1127 1128
f 1129 1130 1131
f 1132 1133 1134
f 1135 1136 1137
f 1139 1141 1138
f 1141 1139 1140
f 1144 1145 1142
f 1142 1143 1144
f 1148 1149 1146
f 1146 1147 1148
f 1152 1153 1150
f 1150 1151 1152
f 1155 1157 1154
f 1157 1155 1156
f 1158 1159 1160
f 1161 1162 1163
f 1164 1165 1166
f 1167 1168 1169
f 1171 1173 1170
f 1173 1171 1172
f 1175 1177 1174
f 1177 1175 1176
f 1178 1179 1180
f 1181 1182 1183
f 1186 1187 1184
f 1184 1185 1186
f 1188 1189 1190
f 1191 1192 1193
f 1196 1197 1194
f 1194 1195 1196
f 1199 1201 1198
f 1201 1199 1200
f 1204 1205 1202
f 1202 1203 1204
f 1208 1209 1206
f 1206 1207 1208
f 1211 1213 1210
f 1213 1211 1212
f 1215 1217 1214
f 1217 1215 1216
f 1220 1221 1218
f 1218 1219 1220
f 1224 1225 1222
f 1222 1223 1224
f 1227 1229 1226
f 1229 1227 1228
f 1231 1233 1230
f 1233 1231 1232
f 1236 1237 1234
f 1234 1235 1236
f 1240 1241 1238
f 1238 1239 1240
f 1243 1245 1242
f 1245 1243 1244
f 1247 1249 1246
f 1249 1247 1248
f 1252 1253 1250
f 1250 1251 1252
f 1256 1257 1254
f 1254 1255 1256
f 1259 1261 1258
f 1261 1259 1260
f 1263 1265 1262
f 1265 1263 1264
f 1268 1269 1266
f 1266 1267 1268
f 1272 1273 1270
f 1270 1271 1272
f 1275 1277 1274
f 1277 1275 1276
f 1279 1281 1278
f 1281 1279 1280
f 1284 1285 1282
f 1282 1283 1284
f 1288 1289 1286
f 1286 1287 1288
f 1291 1293 1290
f 1293 1291 1292
f 1295 1297 1294
f 1297 1295 1296
f 1300 1301 1298
f 1298 1299 1300
f 1304 1305 1302
f 1302 1303 1304
f 1307 1309 1306
f 1309 1307 1308
f 1311 1313 1310
f 1313 1311 1312
f 1316 1317 1314
f 1314 1315 1316
f 1320 1321 1318
f 1318 1319 1320
f 1323 1325 1322
f 1325 1323 1324
f 1327 1329 1326
f 1329 1327 1328
f 1332 1333 1330
f 1330 1331 1332
f 1336 1337 1334
f 1334 1335 1336
f 1339 1341 1338
f 1341 1339 1340
f 1343 1345 1342
f 1345 1343 1344
f 1348 1349 1346
f 1346 1347 1348
f 1352 1353 1350
f 1350 1351 1352
f 1355 1357 1354
f 1357 1355 1356
f 1360 1361 1358
f 1358 1359 1360
f 1363 1365 1362
f 1365 1363 1364
f 1368 1369 1366
f 1366 1367 1368
f 1371 1373 1370
f 1373 1371 1372
f 1376 1377 1374
f 1374 1375 1376
f 1378 1379 1380
f 1381 1382 1383
f 1384 1385 1386
f 1387 1388 1389
f 1392 1393 1390
f 1390 1391 1392
f 1396 1397 1394
f 1394 1395 1396
f 1399 1401 1398
f 1401 1399 1400
f 1403 1405 1402
f 1405 1403 1404
f 1407 1409 1406
f 1409 1407 1408
f 1410 1411 1412
f 1413 1414 1415
f 1416 1417 1418
f 1419 1420 1421
f 1422 1423 1424
f 1426 1428 1425
f 1428 1426 1427
f 1431 1432 1429
f 1429 1430 1431
f 1435 1436 1433
f 1433 1434 1435
f 1438 1440 1437
f 1440 1438 1439
f 1442 1444 1441
f 1444 1442 1443
f 1447 1448 1445
f 1445 1446 1447
f 1450 1452 1449
f 1452 1450 1451
f 1455 1456 1453
f 1453 1454 1455
f 1458 1460 1457
f 1460 1458 1459
f 1463 1464 1461
f 1461 1462 1463
f 1465 1466 1467
f 1468 1469 1470
f 1471 1472 1473
f 1474 1475 1476
f 1478 1480 1477
f 1480 1478 1479
f 1483 1484 1481
f 1481 1482 1483
f 1487 1488 1485
f 1485 1486 1487
f 1491 1492 1489
f 1489 1490 1491
f 1494 1496 1493
f 1496 1494 1495
f 1497 1498 1499
f 1500 1501 1502
f 1503 1504 1505
f 1506 1507 1508
f 1511 1512 1509
f 1509 1510 1511
f 1514 1516 1513
f 1516 1514 1515
f 1519 1520 1517
f 1517 1518 1519
f 1522 1524 1521
f 1524 1522 1523
f 1527 1528 1525
f 1525 1526 1527
f 1529 1530 1531
f 1532 1533 1534
f 1535 1536 1537
f 1538 1539 1540
f 1542 1544 1541
f 1544 1542 1543
f 1546 1548 1545
f 1548 1546 1547
f 1549 1550 1551
f 1552 1553 1554
f 1557 1558 1555
f 1555 1556 1557
f 1559 1560 1561
f 1562 1563 1564
f 1567 1568 1565
f 1565 1566 1567
f 1570 1572 1569
f 1572 1570 1571
f 1575 1576 1573
f 1573 1574 1575
f 1579 1580 1577
f 1577 1578 1579
f 1582 1584 1581
f 1584 1582 1583
f 1586 1588 1585
f 1588 1586 1587
f 1591 1592 1589
f 1589 1590 1591
f 1595 1596 1593
f 1593 1594 1595
f 1598 1600 1597
f 1600 1598 1599
f 1602 1604 1601
f 1604 1602 1603
f 1607 1608 1605
f 1605 1606 1607
f 1611 1612 1609
f 1609 1610 1611
f 1614 1616 1613
f 1616 1614 1615
f 1618 1620 1617
f 1620 1618 1619
f 1623 1624 1621
f 1621 1622 1623
f 1627 1628 1625
f 1625 1626 1627
f 1630 1632 1629
f 1632 1630 1631
f 1634 1636 1633
f 1636 1634 1635
f 1639 1640 1637
f 1637 1638 1639
f 1643 1644 1641
f 1641 1642 1643
f 1646 1648 1645
f 1648 1646 1647
f 1650 1652 1649
f 1652 1650 1651
f 1655 1656 1653
f 1653 1654 1655
f 1659 1660 1657
f 1657 1658 1659
f 1662 1664 1661
f 1664 1662 1663
f 1666 1668 1665
f 1668 1666 1667
f 1671 1672 1669
f 1669 1670 1671
f 1675 1676 1673
f 1673 1674 1675
f 1678 1680 1677
f 1680 1678 1679
f 1682 1684 1681
f 1684 1682 1683
f 1687 1688 1685
f 1685 1686 1687
f 1691 1692 1689
f 1689 1690 1691
f 1694 1696 1693
f 1696 1694 1695
f 1698 1700 1697
f 1700 1698 1699
f 1703 1704 1701
f 1701 1702 1703
f 1707 1708 1705
f 1705 1706 1707
f 1710 1712 1709
f 1712 1710 1711
f 1714 1716 1713
f 1716 1714 1715
f 1719 1720 1717
f 1717 1718 1719
f 1723 1724 1721
f 1721 1722 1723
f 1726 1728 1725
f 1728 1726 1727
f 1731 1732 1729
f 1729 1730 1731
f 1734 1736 1733
f 1736 1734 1735
f 1739 1740 1737
f 1737 1738 1739
f 1742 1744 1741
f 1744 1742 1743
f 1747 1748 1745
f 1745 1746 1747
f 1749 1750 1751
f 1752 1753 1754
f 1755 1756 1757
f 1758 1759 1760
f 1763 1764 1761
f 1761 1762 1763
f 1767 1768 1765
f 1765 1766 1767
f 1770 1772 1769
f 1772 1770 1771
f 1774 1776 1773
f 1776 1774 1775
f 1778 1780 1777
f 1780 1778 1779
f 1781 1782 1783
f 1784 1785 1786
f 1787 1788 1789
f 1790 1791 1792
f 1793 1794 1795
f 1797 1799 1796
f 1799 1797 1798
f 1802 1803 1800
f 1800 1801 1802
f 1806 1807 1804
f 1804 1805 1806
f 1810 1811 1808
f 1808 1809 1810
f 1813 1815 1812
f 1815 1813 1814
f 1816 1817 1818
f 1819 1820 1821
f 1822 1823 1824
f 1825 1826 1827
f 1829 1831 1828
f 1831 1829 1830
f 1834 1835 1832
f 1832 1833 1834
f 1838 1839 1836
f 1836 1837 1838
f 1842 1843 1840
f 1840 1841 1842
f 1845 1847 1844
f 1847 1845 1846
f 1848 1849 1850
f 1851 1852 1853
f 1854 1855 1856
f 1857 1858 1859
f 1862 1863 1860
f 1860 1861 1862
f 1865 1867 1864
f 1867 1865 1866
f 1870 1871 1868
f 1868 1869 1870
f 1873 1875 1872
f 1875 1873 1874
f 1878 1879 1876
f 1876 1877 1878
f 1880 1881 1882
f 1883 1884 1885
f 1886 1887 1888
f 1889 1890 1891
f 1893 1895 1892
f 1895 1893 1894
f 1898 1899 1896
f 1896 1897 1898
f 1902 1903 1900
f 1900 1901 1902
f 1905 1907 1904
f 1907 1905 1906
f 1910 1911 1908
f 1908 1909 1910
f 1912 1913 1914
f 1915 1916 1917
f 1918 1919 1920
f 1921 1922 1923
f 1925 1927 1924
f 1927 1925 1926
f 1930 1931 1928
f 1928 1929 1930
f 1932 1933 1934
f 1935 1936 1937
f 1939 1941 1938
f 1941 1939 1940
f 1942 1943 1944
f 1945 1946 1947
f 1949 1951 1948
f 1951 1949 1950
f 1953 1955 1952
f 1955 1953 1954
f 1957 1959 1956
f 1959 1957 1958
f 1961 1963 1960
f 1963 1961 1962
f 1966 1967 1964
f 1964 1965 1966
f 1969 1971 1968
f 1971 1969 1970
f 1973 1975 1972
f 1975 1973 1974
f 1977 1979 1976
f 1979 1977 1978
f 1982 1983 1980
f 1980 1981 1982
f 1985 1987 1984
f 1987 1985 1986
f 1989 1991 1988
f 1991 1989 1990
f 1993 1995 1992
f 1995 1993 1994
f 1998 1999 1996
f 1996 1997 1998
f 2001 2003 2000
f 2003 2001 2002
f 2005 2007 2004
f 2007 2005 2006
f 2009 2011 2008
f 2011 2009 2010
f 2014 2015 2012
f 2012 2013 2014
f 2018 2019 2016
f 2016 2017 2018
f 2021 2023 2020
f 2023 2021 2022
f 2025 2027 2024
f 2027 2025 2026
f 2030 2031 2028
f 2028 2029 2030
f 2034 2035 2032
f 2032 2033 2034
f 2037 2039 2036
f 2039 2037 2038
f 2041 2043 2040
f 2043 2041 2042
f 2046 2047 2044
f 2044 2045 2046
f 2050 2051 2048
f 2048 2049 2050
f 2053 2055 2052
f 2055 2053 2054
f 2057 2059 2056
f 2059 2057 2058
f 2062 2063 2060
f 2060 2061 2062
f 2066 2067 2064
f 2064 2065 2066
f 2069 2071 2068
f 2071 2069 2070
f 2073 2075 2072
f 2075 2073 2074
f 2078 2079 2076
f 2076 2077 2078
f 2082 2083 2080
f 2080 2081 2082
f 2085 2087 2084
f 2087 2085 2086
f 2089 2091 2088
f 2091 2089 2090
f 2094 2095 2092
f 2092 2093 2094
f 2098 2099 2096
f 2096 2097 2098
f 2101 2103 2100
f 2103 2101 2102
f 2105 2107 2104
f 2107 2105 2106
f 2110 2111 2108
f 2108 2109 2110
f 2113 2115 2112
f 2115 2113 2114
f 2118 2119 2116
f 2116 2117 2118
f 2122 2123 2120
f 2120 2121 2122
f 2125 2127 2124
f 2127 2125 2126
f 2130 2131 2128
f 2128 2129 2130
f 2132 2133 2134
f 2135 2136 2137
f 2138 2139 2140
f 2141 2142 2143
f 2145 2147 2144
f 2147 2145 2146
f 2149 2151 2148
f 2151 2149 2150
f 2154 2155 2152
f 2152 2153 2154
f 2158 2159 2156
f 2156 2157 2158
f 2162 2163 2160
f 2160 2161 2162
f 2164 2165 2166
f 2167 2168 2169
f 2170 2171 2172
f 2173 2174 2175
f 2176 2177 2178
f 2181 2182 2179
f 2179 2180 2181
f 2184 2186 2183
f 2186 2184 2185
f 2189 2190 2187
f 2187 2188 2189
f 2192 2194 2191
f 2194 2192 2193
f 2196 2198 2195
f 2198 2196 2197
f 2199 2200 2201
f 2202 2203 2204
f 2205 2206 2207
f 2208 2209 2210
f 2213 2214 2211
f 2211 2212 2213
f 2216 2218 2215
f 2218 2216 2217
f 2221 2222 2219
f 2219 2220 2221
f 2224 2226 2223
f 2226 2224 2225
f 2228 2230 2227
f 2230 2228 2229
f 2231 2232 2233
f 2234 2235 2236
f 2237 2238 2239
f 2240 2241 2242
f 2244 2246 2243
f 2246 2244 2245
f 2249 2250 2247
f 2247 2248 2249
f 2253 2254 2251
f 2251 2252 2253
f 2256 2258 2255
f 2258 2256 2257
f 2261 2262 2259
f 2259 2260 2261
f 2263 2264 2265
f 2266 2267 2268
f 2269 2270 2271
f 2272 2273 2274
f 2277 2278 2275
f 2275 2276 2277
f 2280 2282 2279
f 2282 2280 2281
f 2285 2286 2283
f 2283 2284 2285
f 2288 2290 2287
f 2290 2288 2289
f 2293 2294 2291
f 2291 2292 2293
f 2295 2296 2297
f 2298 2299 2300
f 2301 2302 2303
f 2304 2305 2306
f 2308 2310 2307
f 2310 2308 2309
f 2313 2314 2311
f 2311 2312 2313
f 2315 2316 2317
f 2318 2319 2320
f 2322 2324 2321
f 2324 2322 2323
f 2325 2326 2327
f 2328 2329 2330
f 2332 2334 2331
f 2334 2332 2333
f 2336 2338 2335
f 2338 2336 2337
f 2340 2342 2339
f 2342 2340 2341
f 2344 2346 2343
f 2346 2344 2345
f 2349 2350 2347
f 2347 2348 2349
f 2352 2354 2351
f 2354 2352 2353
f 2356 2358 2355
f 2358 2356 2357
f 2360 2362 2359
f 2362 2360 2361
f 2365 2366 2363
f 2363 2364 2365
f 2368 2370 2367
f 2370 2368 2369
f 2372 2374 2371
f 2374 2372 2373
f 2376 2378 2375
f 2378 2376 2377
f 2381 2382 2379
f 2379 2380 2381
f 2385 2386 2383
f 2383 2384 2385
f 2388 2390 2387
f 2390 2388 2389
f 2392 2394 2391
f 2394 2392 2393
f 2397 2398 2395
f 2395 2396 2397
f 2401 2402 2399
f 2399 2400 2401
f 2404 2406 2403
f 2406 2404 2405
f 2408 2410 2407
f 2410 2408 2409
f 2413 2414 2411
f 2411 2412 2413
f 2417 2418 2415
f 2415 2416 2417
f 2420 2422 2419
f 2422 2420 2421
f 2424 2426 2423
f 2426 2424 2425
f 2429 2430 2427
f 2427 2428 2429
f 2433 2434 2431
f 2431 2432 2433
f 2436 2438 2435
f 2438 2436 2437
f 2440 2442 2439
f 2442 2440 2441
f 2445 2446 2443
f 2443 2444 2445
f 2449 2450 2447
f 2447 2448 2449
f 2452 2454 2451
f 2454 2452 2453
f 2456 2458 2455
f 2458 2456 2457
f 2461 2462 2459
f 2459 2460 2461
f 2465 2466 2463
f 2463 2464 2465
f 2468 2470 2467
f 2470 2468 2469
f 2472 2474 2471
f 2474 2472 2473
f 2477 2478 2475
f 2475 2476 2477
f 2481 2482 2479
f 2479 2480 2481
f 2484 2486 2483
f 2486 2484 2485
f 2488 2490 2487
f 2490 2488 2489
f 2493 2494 2491
f 2491 2492 2493
f 2496 2498 2495
f 2498 2496 2497
f 2501 2502 2499
f 2499 2500 2501
f 2505 2506 2503
f 2503 2504 2505
f 2509 2510 2507
f 2507 2508 2509
f 2512 2514 2511
f 2514 2512 2513
f 2515 2516 2517
f 2518 2519 2520
f 2521 2522 2523
f 2524 2525 2526
f 2528 2530 2527
f 2530 2528 2529
f 2532 2534 2531
f 2534 2532 2533
f 2537 2538 2535
f 2535 2536 2537
f 2541 2542 2539
f 2539 2540 2541
f 2545 2546 2543
f 2543 2544 2545
f 2547 2548 2549
f 2550 2551 2552
f 2553 2554 2555
f 2556 2557 2558
f 2559 2560 2561
f 2564 2565 2562
f 2562 2563 2564
f 2567 2569 2566
f 2569 2567 2568
f 2571 2573 2570
f 2573 2571 2572
f 2576 2577 2574
f 2574 2575 2576
f 2580 2581 2578
f 2578 2579 2580
f 2583 2585 2582
f 2585 2583 2584
f 2588 2589 2586
f 2586 2587 2588
f 2592 2593 2590
f 2590 2591 2592
f 2596 2597 2594
f 2594 2595 2596
f 2599 2601 2598
f 2601 2599 2600
f 2602 2603 2604
f 2605 2606 2607
f 2608 2609 2610
f 2611 2612 2613
f 2616 2617 2614
f 2614 2615 2616
f 2619 2621 2618
f 2621 2619 2620
f 2624 2625 2622
f 2622 2623 2624
f 2627 2629 2626
f 2629 2627 2628
f 2631 2633 2630
f 2633 2631 2632
f 2634 2635 2636
f 2637 2638 2639
f 2640 2641 2642
f 2643 2644 2645
f 2648 2649 2646
f 2646 2647 2648
f 2651 2653 2650
f 2653 2651 2652
f 2656 2657 2654
f 2654 2655 2656
f 2659 2661 2658
f 2661 2659 2660
f 2664 2665 2662
f 2662 2663 2664
f 2666 2667 2668
f 2669 2670 2671
f 2672 2673 2674
f 2675 2676 2677
f 2679 2681 2678
f 2681 2679 2680
f 2683 2685 2682
f 2685 2683 2684
f 2686 2687 2688
f 2689 2690 2691
f 2694 2695 2692
f 2692 2693 2694
f 2696 2697 2698
f 2699 2700 2701
f 2704 2705 2702
f 2702 2703 2704
f 2707 2709 2706
f 2709 2707 2708
f 2712 2713 2710
f 2710 2711 2712
f 2716 2717 2714
f 2714 2715 2716
f 2719 2721 2718
f 2721 2719 2720
f 2723 2725 2722
f 2725 2723 2724
f 2728 2729 2726
f 2726 2727 2728
f 2732 2733 2730
f 2730 2731 2732
f 2735 2737 2734
f 2737 2735 2736
f 2739 2741 2738
f 2741 2739 2740
f 2744 2745 2742
f 2742 2743 2744
f 2748 2749 2746
f 2746 2747 2748
f 2751 2753 2750
f 2753 2751 2752
f 2755 2757 2754
f 2757 2755 2756
f 2760 2761 2758
f 2758 2759 2760
f 2764 2765 2762
f 2762 2763 2764
f 2767 2769 2766
f 2769 2767 2768
f 2771 2773 2770
f 2773 2771 2772
f 2776 2777 2774
f 2774 2775 2776
f 2780 2781 2778
f 2778 2779 2780
f 2783 2785 2782
f 2785 2783 2784
f 2787 2789 2786
f 2789 2787 2788
f 2792 2793 2790
f 2790 2791 2792
f 2796 2797 2794
f 2794 2795 2796
f 2799 2801 2798
f 2801 2799 2800
f 2803 2805 2802
f 2805 2803 2804
f 2808 2809 2806
f 2806 2807 2808
f 2812 2813 2810
f 2810 2811 2812
f 2815 2817 2814
f 2817 2815 2816
f 2819 2821 2818
f 2821 2819 2820
f 2824 2825 2822
f 2822 2823 2824
f 2828 2829 2826
f 2826 2827 2828
f 2831 2833 2830
f 2833 2831 2832
f 2835 2837 2834
f 2837 2835 2836
f 2840 2841 2838
f 2838 2839 2840
f 2844 2845 2842
f 2842 2843 2844
f 2847 2849 2846
f 2849 2847 2848
f 2851 2853 2850
f 2853 2851 2852
f 2856 2857 2854
f 2854 2855 2856
f 2860 2861 2858
f 2858 2859 2860
f 2863 2865 2862
f 2865 2863 2864
f 2868 2869 2866
f 2866 2867 2868
f 2871 2873 2870
f 2873 2871 2872
f 2876 2877 2874
f 2874 2875 2876
f 2879 2881 2878
f 2881 2879 2880
f 2884 2885 2882
f 2882 2883 2884
f 2886 2887 2888
f 2889 2890 2891
f 2892 2893 2894
f 2895 2896 2897
f 2900 2901 2898
f 2898 2899 2900
f 2904 2905 2902
f 2902 2903 2904
f 2907 2909 2906
f 2909 2907 2908
f 2911 2913 2910
f 2913 2911 2912
f 2915 2917 2914
f 2917 2915 2916
f 2918 2919 2920
f 2921 2922 2923
f 2924 2925 2926
f 2927 2928 2929
f 2930 2931 2932
f 2934 2936 2933
f 2936 2934 2935
f 2939 2940 2937
f 2937 2938 2939
f 2943 2944 2941
f 2941 2942 2943
f 2947 2948 2945
f 2945 2946 2947
f 2950 2952 2949
f 2952 2950 2951
f 2953 2954 2955
f 2956 2957 2958
f 2959 2960 2961
f 2962 2963 2964
f 2966 2968 2965
f 2968 2966 2967
f 2971 2972 2969
f 2969 2970 2971
f 2975 2976 2973
f 2973 2974 2975
f 2979 2980 2977
f 2977 2978 2979
f 2982 2984 2981
f 2984 2982 2983
f 2985 2986 2987
f 2988 2989 2990
f 2991 2992 2993
f 2994 2995 2996
f 2999 3000 2997
f 2997 2998 2999
f 3002 3004 3001
f 3004 3002 3003
f 3007 3008 3005
f 3005 3006 3007
f 3010 3012 3009
f 3012 3010 3011
f 3015 3016 3013
f 3013 3014 3015
f 3017 3018 3019
f 3020 3021 3022
f 3023 3024 3025
f 3026 3027 3028
f 3030 3032 3029
f 3032 3030 3031
f 3035 3036 3033
f 3033 3034 3035
f 3039 3040 3037
f 3037 3038 3039
f 3043 3044 3041
f 3041 3042 3043
f 3046 3048 3045
f 3048 3046 3047
f 3049 3050 3051
f 3052 3053 3054
f 3055 3056 3057
f 3058 3059 3060
f 3062 3064 3061
f 3064 3062 3063
f 3066 3068 3065
f 3068 3066 3067
f 3069 3070 3071
f 3072 3073 3074
f 3077 3078 3075
f 3075 3076 3077
f 3079 3080 3081
f 3082 3083 3084
f 3087 3088 3085
f 3085 3086 3087
f 3090 3092 3089
f 3092 3090 3091
f 3095 3096 3093
f 3093 3094 3095
f 3099 3100 3097
f 3097 3098 3099
f 3102 3104 3101
f 3104 3102 3103
f 3106 3108 3105
f 3108 3106 3107
f 3111 3112 3109
f 3109 3110 3111
f 3115 3116 3113
f 3113 3114 3115
f 3118 3120 3117
f 3120 3118 3119
f 3122 3124 3121
f 3124 3122 3123
f 3127 3128 3125
f 3125 3126 3127
f 3131 3132 3129
f 3129 3130 3131
f 3134 3136 3133
f 3136 3134 3135
f 3138 3140 3137
f 3140 3138 3139
f 3143 3144 3141
f 3141 3142 3143
f 3147 3148 3145
f 3145 3146 3147
f 3150 3152 3149
f 3152 3150 3151
f 3154 3156 3153
f 3156 3154 3155
f 3159 3160 3157
f 3157 3158 3159
f 3163 3164 3161
f 3161 3162 3163
f 3166 3168 3165
f 3168 3166 3167
f 3170 3172 3169
f 3172 3170 3171
f 3175 3176 3173
f 3173 3174 3175
f 3179 3180 3177
f 3177 3178 3179
f 3182 3184 3181
f 3184 3182 3183
f 3186 3188 3185
f 3188 3186 3187
f 3191 3192 3189
f 3189 3190 3191
f 3195 3196 3193
f 3193 3194 3195
f 3198 3200 3197
f 3200 3198 3199
f 3202 3204 3201
f 3204 3202 3203
f 3207 3208 3205
f 3205 3206 3207
f 3211 3212 3209
f 3209 3210 3211
f 3214 3216 3213
f 3216 3214 3215
f 3218 3220 3217
f 3220 3218 3219
f 3223 3224 3221
f 3221 3222 3223
f 3227 3228 3225
f 3225 3226 3227
f 3230 3232 3229
f 3232 3230 3231
f 3234 3236 3233
f 3236 3234 3235
f 3239 3240 3237
f 3237 3238 3239
f 3243 3244 3241
f 3241 3242 3243
f 3246 3248 3245
f 3248 3246 3247
f 3251 3252 3249
f 3249 3250 3251
f 3254 3256 3253
f 3256 3254 3255
f 3259 3260 3257
f 3257 3258 3259
f 3262 3264 3261
f 3264 3262 3263
f 3267 3268 3265
f 3265 3266 3267
f 3269 3270 3271
f 3272 3273 3274
f 3275 3276 3277
f 3278 3279 3280
f 3283 3284 3281
f 3281 3282 3283
f 3287 3288 3285
f 3285 3286 3287
f 3290 3292 3289
f 3292 3290 3291
f 3294 3296 3293
f 3296 3294 3295
f 3298 3300 3297
f 3300 3298 3299
f 3301 3302 3303
f 3304 3305 3306
f 3307 3308 3309
f 3310 3311 3312
f 3313 3314 3315
f 3317 3319 3316
f 3319 3317 3318
f 3322 3323 3320
f 3320 3321 3322
f 3326 3327 3324
f 3324 3325 3326
f 3329 3331 3328
f 3331 3329 3330
f 3333 3335 3332
f 3335 3333 3334
f 3338 3339 3336
f 3336 3337 3338
f 3341 3343 3340
f 3343 3341 3342
f 3346 3347 3344
f 3344 3345 3346
f 3349 3351 3348
f 3351 3349 3350
f 3354 3355 3352
f 3352 3353 3354
f 3356 3357 3358
f 3359 3360 3361
f 3362 3363 3364
f 3365 3366 3367
f 3369 3371 3368
f 3371 3369 3370
f 3374 3375 3372
f 3372 3373 3374
f 3378 3379 3376
f 3376 3377 3378
f 3382 3383 3380
f 3380 3381 3382
f 3385 3387 3384
f 3387 3385 3386
f 3388 3389 3390
f 3391 3392 3393
f 3394 3395 3396
f 3397 3398 3399
f 3402 3403 3400
f 3400 3401 3402
f 3405 3407 3404
f 3407 3405 3406
f 3410 3411 3408
f 3408 3409 3410
f 3413 3415 3412
f 3415 3413 3414
f 3418 3419 3416
f 3416 3417 3418
f 3420 3421 3422
f 3423 3424 3425
f 3426 3427 3428
f 3429 3430 3431
f 3433 3435 3432
f 3435 3433 3434
f 3437 3439 3436
f 3439 3437 3438
f 3440 3441 3442
f 3443 3444 3445
f 3448 3449 3446
f 3446 3447 3448
f 3450 3451 3452
f 3453 3454 3455
f 3458 3459 3456
f 3456 3457 3458
f 3461 3463 3460
f 3463 3461 3462
f 3466 3467 3464
f 3464 3465 3466
f 3470 3471 3468
f 3468 3469 3470
f 3473 3475 3472
f 3475 3473 3474
f 3477 3479 3476
f 3479 3477 3478
f 3482 3483 3480
f 3480 3481 3482
f 3486 3487 3484
f 3484 3485 3486
f 3489 3491 3488
f 3491 3489 3490
f 3493 3495 3492
f 3495 3493 3494
f 3498 3499 3496
f 3496 3497 3498
f 3502 3503 3500
f 3500 3501 3502
f 3505 3507 3504
f 3507 3505 3506
f 3509 3511 3508
f 3511 3509 3510
f 3514 3515 3512
f 3512 3513 3514
f 3518 3519 3516
f 3516 3517 3518
f 3521 3523 3520
f 3523 3521 3522
f 3525 3527 3524
f 3527 3525 3526
f 3530 3531 3528
f 3528 3529 3530
f 3534 3535 3532
f 3532 3533 3534
f 3537 3539 3536
f 3539 3537 3538
f 3541 3543 3540
f 3543 3541 3542
f 3546 3547 3544
f 3544 3545 3546
f 3550 3551 3548
f 3548 3549 3550
f 3553 3555 3552
f 3555 3553 3554
f 3557 3559 3556
f 3559 3557 3558
f 3562 3563 3560
f 3560 3561 3562
f 3566 3567 3564
f 3564 3565 3566
f 3569 3571 3568
f 3571 3569 3570
f 3573 3575 3572
f 3575 3573 3574
f 3578 3579 3576
f 3576 3577 3578
f 3582 3583 3580
f 3580 3581 3582
f 3585 3587 3584
f 3587 3585 3586
f 3589 3591 3588
f 3591 3589 3590
f 3594 3595 3592
f 3592 3593 3594
f 3598 3599 3596
f 3596 3597 3598
f 3601 3603 3600
f 3603 3601 3602
f 3605 3607 3604
f 3607 3605 3606
f 3610 3611 3608
f 3608 3609 3610
f 3614 3615 3612
f 3612 3613 3614
f 3617 3619 3616
f 3619 3617 3618
f 3622 3623 3620
f 3620 3621 3622
f 3625 3627 3624
f 3627 3625 3626
f 3630 3631 3628
f 3628 3629 3630
f 3633 3635 3632
f 3635 3633 3634
f 3638 3639 3636
f 3636 3637 3638
f 3640 3641 3642
f 3643 3644 3645
f 3646 3647 3648
f 3649 3650 3651
f 3654 3655 3652
f 3652 3653 3654
f 3658 3659 3656
f 3656 3657 3658
f 3661 3663 3660
f 3663 3661 3662
f 3665 3667 3664
f 3667 3665 3666
f 3669 3671 3668
f 3671 3669 3670
f 3672 3673 3674
f 3675 3676 3677
f 3678 3679 3680
f 3681 3682 3683
f 3684 3685 3686
f 3688 3690 3687
f 3690 3688 3689
f 3693 3694 3691
f 3691 3692 3693
f 3697 3698 3695
f 3695 3696 3697
f 3701 3702 3699
f 3699 3700 3701
f 3704 3706 3703
f 3706 3704 3705
f 3707 3708 3709
f 3710 3711 3712
f 3713 3714 3715
f 3716 3717 3718
f 3720 3722 3719
f 3722 3720 3721
f 3725 3726 3723
f 3723 3724 3725
f 3729 3730 3727
f 3727 3728 3729
f 3733 3734 3731
f 3731 3732 3733
f 3736 3738 3735
f 3738 3736 3737
f 3739 3740 3741
f 3742 3743 3744
f 3745 3746 3747
f 3748 3749 3750
f 3753 3754 3751
f 3751 3752 3753
f 3756 3758 3755
f 3758 3756 3757
f 3761 3762 3759
f 3759 3760 3761
f 3764 3766 3763
f 3766 3764 3765
f 3769 3770 3767
f 3767 3768 3769
f 3771 3772 3773
f 3774 3775 3776
f 3777 3778 3779
f 3780 3781 3782
f 3785 3786 3783
f 3783 3784 3785
f 3788 3790 3787
f 3790 3788 3789
f 3793 3794 3791
f 3791 3792 3793
f 3797 3798 3795
f 3795 3796 3797
f 3800 3802 3799
f 3802 3800 3801
f 3803 3804 3805
f 3806 3807 3808
f 3809 3810 3811
f 3812 3813 3814
f 3817 3818 3815
f 3815 3816 3817
f 3820 3822 3819
f 3822 3820 3821
f 3823 3824 3825
f 3826 3827 3828
f 3831 3832 3829
f 3829 3830 3831
f 3833 3834 3835
f 3836 3837 3838
f 3841 3842 3839
f 3839 3840 3841
f 3845 3846 3843
f 3843 3844 3845
f 3849 3850 3847
f 3847 3848 3849
f 3853 3854 3851
f 3851 3852 3853
f 3856 3858 3855
f 3858 3856 3857
f 3861 3862 3859
f 3859 3860 3861
f 3865 3866 3863
f 3863 3864 3865
f 3869 3870 3867
f 3867 3868 3869
f 3872 3874 3871
f 3874 3872 3873
f 3877 3878 3875
f 3875 3876 3877
f 3881 3882 3879
f 3879 3880 3881
f 3885 3886 3883
f 3883 3884 3885
f 3888 3890 3887
f 3890 3888 3889
f 3893 3894 3891
f 3891 3892 3893
f 3897 3898 3895
f 3895 3896 3897
f 3901 3902 3899
f 3899 3900 3901
f 3904 3906 3903
f 3906 3904 3905
f 3909 3910 3907
f 3907 3908 3909
f 3913 3914 3911
f 3911 3912 3913
f 3917 3918 3915
f 3915 3916 3917
f 3920 3922 3919
f 3922 3920 3921
f 3924 3926 3923
f 3926 3924 3925
f 3929 3930 3927
f 3927 3928 3929
f 3933 3934 3931
f 3931 3932 3933
f 3936 3938 3935
f 3938 3936 3937
f 3940 3942 3939
f 3942 3940 3941
f 3945 3946 3943
f 3943 3944 3945
f 3949 3950 3947
f 3947 3948 3949
f 3952 3954 3951
f 3954 3952 3953
f 3956 3958 3955
f 3958 3956 3957
f 3961 3962 3959
f 3959 3960 3961
f 3965 3966 3963
f 3963 3964 3965
f 3968 3970 3967
f 3970 3968 3969
f 3972 3974 3971
f 3974 3972 3973
f 3977 3978 3975
f 3975 3976 3977
f 3981 3982 3979
f 3979 3980 3981
f 3984 3986 3983
f 3986 3984 3985
f 3988 3990 3987
f 3990 3988 3989
f 3993 3994 3991
f 3991 3992 3993
f 3997 3998 3995
f 3995 3996 3997
f 4000 4002 3999
f 4002 4000 4001
f 4005 4006 4003
f 4003 4004 4005
f 4008 4010 4007
f 4010 4008 4009
f 4013 4014 4011
f 4011 4012 4013
f 4017 4018 4015
f 4015 4016 4017
f 4020 4022 4019
f 4022 4020 4021
f 4023 4024 4025
f 4026 4027 4028
f 4029 4030 4031
f 4032 4033 4034
f 4037 4038 4035
f 4035 4036 4037
f 4041 4042 4039
f 4039 4040 4041
f 4044 4046 4043
f 4046 4044 4045
f 4048 4050 4047
f 4050 4048 4049
f 4052 4054 4051
f 4054 4052 4053
f 4055 4056 4057
f 4058 4059 4060
f 4061 4062 4063
f 4064 4065 4066
f 4067 4068 4069
f 4071 4073 4070
f 4073 4071 4072
f 4076 4077 4074
f 4074 4075 4076
f 4080 4081 4078
f 4078 4079 4080
f 4084 4085 4082
f 4082 4083 4084
f 4088 4089 4086
f 4086 4087 4088
f 4090 4091 4092
f 4093 4094 4095
f 4096 4097 4098
f 4099 4100 4101
f 4103 4105 4102
f 4105 4103 4104
f 4108 4109 4106
f 4106 4107 4108
f 4112 4113 4110
f 4110 4111 4112
f 4116 4117 4114
f 4114 4115 4116
f 4120 4121 4118
f 4118 4119 4120
f 4122 4123 4124
f 4125 4126 4127
f 4128 4129 4130
f 4131 4132 4133
f 4136 4137 4134
f 4134 4135 4136
f 4139 4141 4138
f 4141 4139 4140
f 4144 4145 4142
f 4142 4143 4144
f 4148 4149 4146
f 4146 4147 4148
f 4151 4153 4150
f 4153 4151 4152
f 4154 4155 4156
f 4157 4158 4159
f 4160 4161 4162
f 4163 4164 4165
f 4167 4169 4166
f 4169 4167 4168
f 4172 4173 4170
f 4170 4171 4172
f 4176 4177 4174
f 4174 4175 4176
f 4180 4181 4178
f 4178 4179 4180
f 4183 4185 4182
f 4185 4183 4184
f 4186 4187 4188
f 4189 4190 4191
f 4192 4193 4194
f 4195 4196 4197
f 4200 4201 4198
f 4198 4199 4200
f 4203 4205 4202
f 4205 4203 4204
f 4206 4207 4208
f 4209 4210 4211
f 4214 4215 4212
f 4212 4213 4214
f 4216 4217 4218
f 4219 4220 4221
f 4224 4225 4222
f 4222 4223 4224
f 4228 4229 4226
f 4226 4227 4228
f 4232 4233 4230
f 4230 4231 4232
f 4236 4237 4234
f 4234 4235 4236
f 4239 4241 4238
f 4241 4239 4240
f 4244 4245 4242
f 4242 4243 4244
f 4248 4249 4246
f 4246 4247 4248
f 4252 4253 4250
f 4250 4251 4252
f 4255 4257 4254
f 4257 4255 4256
f 4259 4261 4258
f 4261 4259 4260
f 4264 4265 4262
f 4262 4263 4264
f 4268 4269 4266
f 4266 4267 4268
f 4271 4273 4270
f 4273 4271 4272
f 4275 4277 4274
f 4277 4275 4276
f 4280 4281 4278
f 4278 4279 4280
f 4284 4285 4282
f 4282 4283 4284
f 4287 4289 4286
f 4289 4287 4288
f 4291 4293 4290
f 4293 4291 4292
f 4296 4297 4294
f 4294 4295 4296
f 4300 4301 4298
f 4298 4299 4300
f 4303 4305 4302
f 4305 4303 4304
f 4307 4309 4306
f 4309 4307 4308
f 4312 4313 4310
f 4310 4311 4312
f 4316 4317 4314
f 4314 4315 4316
f 4319 4321 4318
f 4321 4319 4320
f 4323 4325 4322
f 4325 4323 4324
f 4328 4329 4326
f 4326 4327 4328
f 4332 4333 4330
f 4330 4331 4332
f 4335 4337 4334
f 4337 4335 4336
f 4339 4341 4338
f 4341 4339 4340
f 4344 4345 4342
f 4342 4343 4344
f 4348 4349 4346
f 4346 4347 4348
f 4351 4353 4350
f 4353 4351 4352
f 4355 4357 4354
f 4357 4355 4356
f 4360 4361 4358
f 4358 4359 4360
f 4364 4365 4362
f 4362 4363 4364
f 4367 4369 4366
f 4369 4367 4368
f 4371 4373 4370
f 4373 4371 4372
f 4376 4377 4374
f 4374 4375 4376
f 4380 4381 4378
f 4378 4379 4380
f 4383 4385 4382
f 4385 4383 4384
f 4388 4389 4386
f 4386 4387 4388
f 4391 4393 4390
f 4393 4391 4392
f 4396 4397 4394
f 4394 4395 4396
f 4399 4401 4398
f 4401 4399 4400
f 4404 4405 4402
f 4402 4403 4404
f 4406 4407 4408
f 4409 4410 4411
f 4412 4413 4414
f 4415 4416 4417
f 4420 4421 4418
f 4418 4419 4420
f 4424 4425 4422
f 4422 4423 4424
f 4427 4429 4426
f 4429 4427 4428
f 4431 4433 4430
f 4433 4431 4432
f 4435 4437 4434
f 4437 4435 4436
f 4438 4439 4440
f 4441 4442 4443
f 4444 4445 4446
f 4447 4448 4449
f 4450 4451 4452
f 4454 4456 4453
f 4456 4454 4455
f 4459 4460 4457
f 4457 4458 4459
f 4463 4464 4461
f 4461 4462 4463
f 4466 4468 4465
f 4468 4466 4467
f 4470 4472 4469
f 4472 4470 4471
f 4475 4476 4473
f 4473 4474 4475
f 4478 4480 4477
f 4480 4478 4479
f 4483 4484 4481
f 4481 4482 4483
f 4486 4488 4485
f 4488 4486 4487
f 4490 4492 4489
f 4492 4490 4491
f 4493 4494 4495
f 4496 4497 4498
f 4499 4500 4501
f 4502 4503 4504
f 4506 4508 4505
f 4508 4506 4507
f 4511 4512 4509
f 4509 4510 4511
f 4515 4516 4513
f 4513 4514 4515
f 4519 4520 4517
f 4517 4518 4519
f 4523 4524 4521
f 4521 4522 4523
f 4525 4526 4527
f 4528 4529 4530
f 4531 4532 4533
f 4534 4535 4536
f 4538 4540 4537
f 4540 4538 4539
f 4543 4544 4541
f 4541 4542 4543
f 4547 4548 4545
f 4545 4546 4547
f 4551 4552 4549
f 4549 4550 4551
f 4554 4556 4553
f 4556 4554 4555
f 4557 4558 4559
f 4560 4561 4562
f 4563 4564 4565
f 4566 4567 4568
f 4571 4572 4569
f 4569 4570 4571
f 4575 4576 4573
f 4573 4574 4575
f 4577 4578 4579
f 4580 4581 4582
f 4584 4586 4583
f 4586 4584 4585
f 4587 4588 4589
f 4590 4591 4592
f 4594 4596 4593
f 4596 4594 4595
f 4599 4600 4597
f 4597 4598 4599
f 4602 4604 4601
f 4604 4602 4603
f 4606 4608 4605
f 4608 4606 4607
f 4611 4612 4609
f 4609 4610 4611
f 4615 4616 4613
f 4613 4614 4615
f 4618 4620 4617
f 4620 4618 4619
f 4622 4624 4621
f 4624 4622 4623
f 4627 4628 4625
f 4625 4626 4627
f 4631 4632 4629
f 4629 4630 4631
f 4634 4636 4633
f 4636 4634 4635
f 4638 4640 4637
f 4640 4638 4639
f 4643 4644 4641
f 4641 4642 4643
f 4647 4648 4645
f 4645 4646 4647
f 4650 4652 4649
f 4652 4650 4651
f 4654 4656 4653
f 4656 4654 4655
f 4659 4660 4657
f 4657 4658 4659
f 4663 4664 4661
f 4661 4662 4663
f 4666 4668 4665
f 4668 4666 4667
f 4670 4672 4669
f 4672 4670 4671
f 4675 4676 4673
f 4673 4674 4675
f 4679 4680 4677
f 4677 4678 4679
f 4682 4684 4681
f 4684 4682 4683
f 4686 4688 4685
f 4688 4686 4687
f 4691 4692 4689
f 4689 4690 4691
f 4695 4696 4693
f 4693 4694 4695
f 4698 4700 4697
f 4700 4698 4699
f 4702 4704 4701
f 4704 4702 4703
f 4707 4708 4705
f 4705 4706 4707
f 4711 4712 4709
f 4709 4710 4711
f 4714 4716 4713
f 4716 4714 4715
f 4718 4720 4717
f 4720 4718 4719
f 4723 4724 4721
f 4721 4722 4723
f 4727 4728 4725
f 4725 4726 4727
f 4730 4732 4729
f 4732 4730 4731
f 4734 4736 4733
f 4736 4734 4735
f 4739 4740 4737
f 4737 4738 4739
f 4743 4744 4741
f 4741 4742 4743
f 4746 4748 4745
f 4748 4746 4747
f 4750 4752 4749
f 4752 4750 4751
f 4755 4756 4753
f 4753 4754 4755
f 4758 4760 4757
f 4760 4758 4759
f 4763 4764 4761
f 4761 4762 4763
f 4767 4768 4765
f 4765 4766 4767
f 4771 4772 4769
f 4769 4770 4771
f 4774 4776 4773
f 4776 4774 4775
f 4777 4778 4779
f 4780 4781 4782
f 4783 4784 4785
f 4786 4787 4788
f 4790 4792 4789
f 4792 4790 4791
f 4794 4796 4793
f 4796 4794 4795
f 4799 4800 4797
f 4797 4798 4799
f 4803 4804 4801
f 4801 4802 4803
f 4807 4808 4805
f 4805 4806 4807
f 4809 4810 4811
f 4812 4813 4814
f 4815 4816 4817
f 4818 4819 4820
f 4821 4822 4823
f 4826 4827 4824
f 4824 4825 4826
f 4829 4831 4828
f 4831 4829 4830
f 4834 4835 4832
f 4832 4833 4834
f 4837 4839 4836
f 4839 4837 4838
f 4842 4843 4840
f 4840 4841 4842
f 4844 4845 4846
f 4847 4848 4849
f 4850 4851 4852
f 4853 4854 4855
f 4858 4859 4856
f 4856 4857 4858
f 4861 4863 4860
f 4863 4861 4862
f 4866 4867 4864
f 4864 4865 4866
f 4869 4871 4868
f 4871 4869 4870
f 4874 4875 4872
f 4872 4873 4874
f 4876 4877 4878
f 4879 4880 4881
f 4882 4883 4884
f 4885 4886 4887
f 4889 4891 4888
f 4891 4889 4890
f 4894 4895 4892
f 4892 4893 4894
f 4898 4899 4896
f 4896 4897 4898
f 4902 4903 4900
f 4900 4901 4902
f 4905 4907 4904
f 4907 4905 4906
f 4908 4909 4910
f 4911 4912 4913
f 4914 4915 4916
f 4917 4918 4919
f 4922 4923 4920
f 4920 4921 4922
f 4925 4927 4924
f 4927 4925 4926
f 4930 4931 4928
f 4928 4929 4930
f 4933 4935 4932
f 4935 4933 4934
f 4938 4939 4936
f 4936 4937 4938
f 4940 4941 4942
f 4943 4944 4945
f 4946 4947 4948
f 4949 4950 4951
f 4954 4955 4952
f 4952 4953 4954
f 4958 4959 4956
f 4956 4957 4958
f 4960 4961 4962
f 4963 4964 4965
f 4967 4969 4966
f 4969 4967 4968
f 4970 4971 4972
f 4973 4974 4975
f 4977 4979 4976
f 4979 4977 4978
f 4982 4983 4980
f 4980 4981 4982
f 4985 4987 4984
f 4987 4985 4986
f 4989 4991 4988
f 4991 4989 4990
f 4994 4995 4992
f 4992 4993 4994
f 4998 4999 4996
f 4996 4997 4998
f 5001 5003 5000
f 5003 5001 5002
f 5005 5007 5004
f 5007 5005 5006
f 5010 5011 5008
f 5008 5009 5010
f 5014 5015 5012
f 5012 5013 5014
f 5017 5019 5016
f 5019 5017 5018
f 5021 5023 5020
f 5023 5021 5022
f 5026 5027 5024
f 5024 5025 5026
f 5030 5031 5028
f 5028 5029 5030
f 5033 5035 5032
f 5035 5033 5034
f 5037 5039 5036
f 5039 5037 5038
f 5042 5043 5040
f 5040 5041 5042
f 5046 5047 5044
f 5044 5045 5046
f 5049 5051 5048
f 5051 5049 5050
f 5053 5055 5052
f 5055 5053 5054
f 5058 5059 5056
f 5056 5057 5058
f 5062 5063 5060
f 5060 5061 5062
f 5065 5067 5064
f 5067 5065 5066
f 5069 5071 5068
f 5071 5069 5070
f 5074 5075 5072
f 5072 5073 5074
f 5078 5079 5076
f 5076 5077 5078
f 5081 5083 5080
f 5083 5081 5082
f 5085 5087 5084
f 5087 5085 5086
f 5090 5091 5088
f 5088 5089 5090
f 5094 5095 5092
f 5092 5093 5094
f 5097 5099 5096
f 5099 5097 5098
f 5101 5103 5100
f 5103 5101 5102
f 5106 5107 5104
f 5104 5105 5106
f 5110 5111 5108
f 5108 5109 5110
f 5113 5115 5112
f 5115 5113 5114
f 5117 5119 5116
f 5119 5117 5118
f 5122 5123 5120
f 5120 5121 5122
f 5126 5127 5124
f 5124 5125 5126
f 5129 5131 5128
f 5131 5129 5130
f 5133 5135 5132
f 5135 5133 5134
f 5138 5139 5136
f 5136 5137 5138
f 5141 5143 5140
f 5143 5141 5142
f 5146 5147 5144
f 5144 5145 5146
f 5150 5151 5148
f 5148 5149 5150
f 5154 5155 5152
f 5152 5153 5154
f 5157 5159 5156
f 5159 5157 5158
f 5160 5161 5162
f 5163 5164 5165
f 5166 5167 5168
f 5169 5170 5171
f 5173 5175 5172
f 5175 5173 5174
f 5177 5179 5176
f 5179 5177 5178
f 5182 5183 5180
f 5180 5181 5182
f 5186 5187 5184
f 5184 5185 5186
f 5190 5191 5188
f 5188 5189 5190
f 5192 5193 5194
f 5195 5196 5197
f 5198 5199 5200
f 5201 5202 5203
f 5204 5205 5206
f 5209 5210 5207
f 5207 5208 5209
f 5212 5214 5211
f 5214 5212 5213
f 5216 5218 5215
f 5218 5216 5217
f 5221 5222 5219
f 5219 5220 5221
f 5225 5226 5223
f 5223 5224 5225
f 5228 5230 5227
f 5230 5228 5229
f 5233 5234 5231
f 5231 5232 5233
f 5237 5238 5235
f 5235 5236 5237
f 5241 5242 5239
f 5239 5240 5241
f 5244 5246 5243
f 5246 5244 5245
f 5247 5248 5249
f 5250 5251 5252
f 5253 5254 5255
f 5256 5257 5258
f 5261 5262 5259
f 5259 5260 5261
f 5264 5266 5263
f 5266 5264 5265
f 5268 5270 5267
f 5270 5268 5269
f 5272 5274 5271
f 5274 5272 5273
f 5277 5278 5275
f 5275 5276 5277
f 5279 5280 5281
f 5282 5283 5284
f 5285 5286 5287
f 5288 5289 5290
f 5292 5294 5291
f 5294 5292 5293
f 5297 5298 5295
f 5295 5296 5297
f 5301 5302 5299
f 5299 5300 5301
f 5305 5306 5303
f 5303 5304 5305
f 5308 5310 5307
f 5310 5308 5309
f 5311 5312 5313
f 5314 5315 5316
f 5317 5318 5319
f 5320 5321 5322
f 5325 5326 5323
f 5323 5324 5325
f 5329 5330 5327
f 5327 5328 5329
f 5331 5332 5333
f 5334 5335 5336
f 5338 5340 5337
f 5340 5338 5339
f 5341 5342 5343
f 5344 5345 5346
f 5348 5350 5347
f 5350 5348 5349
f 5353 5354 5351
f 5351 5352 5353
f 5356 5358 5355
f 5358 5356 5357
f 5360 5362 5359
f 5362 5360 5361
f 5365 5366 5363
f 5363 5364 5365
f 5369 5370 5367
f 5367 5368 5369
f 5372 5374 5371
f 5374 5372 5373
f 5376 5378 5375
f 5378 5376 5377
f 5381 5382 5379
f 5379 5380 5381
f 5385 5386 5383
f 5383 5384 5385
f 5388 5390 5387
f 5390 5388 5389
f 5392 5394 5391
f 5394 5392 5393
f 5397 5398 5395
f 5395 5396 5397
f 5401 5402 5399
f 5399 5400 5401
f 5404 5406 5403
f 5406 5404 5405
f 5408 5410 5407
f 5410 5408 5409
f 5413 5414 5411
f 5411 5412 5413
f 5417 5418 5415
f 5415 5416 5417
f 5420 5422 5419
f 5422 5420 5421
f 5424 5426 5423
f 5426 5424 5425
f 5429 5430 5427
f 5427 5428 5429
f 5433 5434 5431
f 5431 5432 5433
f 5436 5438 5435
f 5438 5436 5437
f 5440 5442 5439
f 5442 5440 5441
f 5445 5446 5443
f 5443 5444 5445
f 5449 5450 5447
f 5447 5448 5449
f 5452 5454 5451
f 5454 5452 5453
f 5456 5458 5455
f 5458 5456 5457
f 5461 5462 5459
f 5459 5460 5461
f 5465 5466 5463
f 5463 5464 5465
f 5468 5470 5467
f 5470 5468 5469
f 5472 5474 5471
f 5474 5472 5473
f 5477 5478 5475
f 5475 5476 5477
f 5481 5482 5479
f 5479 5480 5481
f 5484 5486 5483
f 5486 5484 5485
f 5488 5490 5487
f 5490 5488 5489
f 5493 5494 5491
f 5491 5492 5493
f 5497 5498 5495
f 5495 5496 5497
f 5500 5502 5499
f 5502 5500 5501
f 5504 5506 5503
f 5506 5504 5505
f 5509 5510 5507
f 5507 5508 5509
f 5512 5514 5511
f 5514 5512 5513
f 5517 5518 5515
f 5515 5516 5517
f 5521 5522 5519
f 5519 5520 5521
f 5525 5526 5523
f 5523 5524 5525
f 5528 5530 5527
f 5530 5528 5529
f 5531 5532 5533
f 5534 5535 5536
f 5537 5538 5539
f 5540 5541 5542
f 5544 5546 5543
f 5546 5544 5545
f 5548 5550 5547
f 5550 5548 5549
f 5553 5554 5551
f 5551 5552 5553
f 5557 5558 5555
f 5555 5556 5557
f 5561 5562 5559
f 5559 5560 5561
f 5563 5564 5565
f 5566 5567 5568
f 5569 5570 5571
f 5572 5573 5574
f 5575 5576 5577
f 5580 5581 5578
f 5578 5579 5580
f 5583 5585 5582
f 5585 5583 5584
f 5588 5589 5586
f 5586 5587 5588
f 5591 5593 5590
f 5593 5591 5592
f 5596 5597 5594
f 5594 5595 5596
f 5598 5599 5600
f 5601 5602 5603
f 5604 5605 5606
f 5607 5608 5609
f 5612 5613 5610
f 5610 5611 5612
f 5615 5617 5614
f 5617 5615 5616
f 5620 5621 5618
f 5618 5619 5620
f 5623 5625 5622
f 5625 5623 5624
f 5628 5629 5626
f 5626 5627 5628
f 5630 5631 5632
f 5633 5634 5635
f 5636 5637 5638
f 5639 5640 5641
f 5643 5645 5642
f 5645 5643 5644
f 5648 5649 5646
f 5646 5647 5648
f 5652 5653 5650
f 5650 5651 5652
f 5656 5657 5654
f 5654 5655 5656
f 5659 5661 5658
f 5661 5659 5660
f 5662 5663 5664
f 5665 5666 5667
f 5668 5669 5670
f 5671 5672 5673
f 5676 5677 5674
f 5674 5675 5676
f 5679 5681 5678
f 5681 5679 5680
f 5684 5685 5682
f 5682 5683 5684
f 5688 5689 5686
f 5686 5687 5688
f 5691 5693 5690
f 5693 5691 5692
f 5694 5695 5696
f 5697 5698 5699
f 5700 5701 5702
f 5703 5704 5705
f 5708 5709 5706
f 5706 5707 5708
f 5711 5713 5710
f 5713 5711 5712
f 5714 5715 5716
f 5717 5718 5719
f 5722 5723 5720
f 5720 5721 5722
f 5724 5725 5726
f 5727 5728 5729
f 5732 5733 5730
f 5730 5731 5732
f 5736 5737 5734
f 5734 5735 5736
f 5740 5741 5738
f 5738 5739 5740
f 5744 5745 5742
f 5742 5743 5744
f 5747 5749 5746
f 5749 5747 5748
f 5752 5753 5750
f 5750 5751 5752
f 5756 5757 5754
f 5754 5755 5756
f 5760 5761 5758
f 5758 5759 5760
f 5763 5765 5762
f 5765 5763 5764
f 5768 5769 5766
f 5766 5767 5768
f 5772 5773 5770
f 5770 5771 5772
f 5776 5777 5774
f 5774 5775 5776
f 5779 5781 5778
f 5781 5779 5780
f 5784 5785 5782
f 5782 5783 5784
f 5788 5789 5786
f 5786 5787 5788
f 5792 5793 5790
f 5790 5791 5792
f 5795 5797 5794
f 5797 5795 5796
f 5800 5801 5798
f 5798 5799 5800
f 5804 5805 5802
f 5802 5803 5804
f 5808 5809 5806
f 5806 5807 5808
f 5811 5813 5810
f 5813 5811 5812
f 5815 5817 5814
f 5817 5815 5816
f 5820 5821 5818
f 5818 5819 5820
f 5824 5825 5822
f 5822 5823 5824
f 5827 5829 5826
f 5829 5827 5828
f 5831 5833 5830
f 5833 5831 5832
f 5836 5837 5834
f 5834 5835 5836
f 5840 5841 5838
f 5838 5839 5840
f 5843 5845 5842
f 5845 5843 5844
f 5847 5849 5846
f 5849 5847 5848
f 5852 5853 5850
f 5850 5851 5852
f 5856 5857 5854
f 5854 5855 5856
f 5859 5861 5858
f 5861 5859 5860
f 5863 5865 5862
f 5865 5863 5864
f 5868 5869 5866
f 5866 5867 5868
f 5872 5873 5870
f 5870 5871 5872
f 5875 5877 5874
f 5877 5875 5876
f 5879 5881 5878
f 5881 5879 5880
f 5884 5885 5882
f 5882 5883 5884
f 5888 5889 5886
f 5886 5887 5888
f 5891 5893 5890
f 5893 5891 5892
f 5896 5897 5894
f 5894 5895 5896
f 5899 5901 5898
f 5901 5899 5900
f 5904 5905 5902
f 5902 5903 5904
f 5908 5909 5906
f 5906 5907 5908
f 5911 5913 5910
f 5913 5911 5912
f 5914 5915 5916
f 5917 5918 5919
f 5920 5921 5922
f 5923 5924 5925
f 5928 5929 5926
f 5926 5927 5928
f 5932 5933 5930
f 5930 5931 5932
f 5935 5937 5934
f 5937 5935 5936
f 5939 5941 5938
f 5941 5939 5940
f 5943 5945 5942
f 5945 5943 5944
f 5946 5947 5948
f 5949 5950 5951
f 5952 5953 5954
f 5955 5956 5957
f 5958 5959 5960
f 5962 5964 5961
f 5964 5962 5963
f 5967 5968 5965
f 5965 5966 5967
f 5971 5972 5969
f 5969 5970 5971
f 5975 5976 5973
f 5973 5974 5975
f 5979 5980 5977
f 5977 5978 5979
f 5981 5982 5983
f 5984 5985 5986
f 5987 5988 5989
f 5990 5991 5992
f 5994 5996 5993
f 5996 5994 5995
f 5999 6000 5997
f 5997 5998 5999
f 6003 6004 6001
f 6001 6002 6003
f 6007 6008 6005
f 6005 6006 6007
f 6011 6012 6009
f 6009 6010 6011
f 6013 6014 6015
f 6016 6017 6018
f 6019 6020 6021
f 6022 6023 6024
f 6027 6028 6025
f 6025 6026 6027
f 6030 6032 6029
f 6032 6030 6031
f 6035 6036 6033
f 6033 6034 6035
f 6039 6040 6037
f 6037 6038 6039
f 6042 6044 6041
f 6044 6042 6043
f 6045 6046 6047
f 6048 6049 6050
f 6051 6052 6053
f 6054 6055 6056
f 6058 6060 6057
f 6060 6058 6059
f 6063 6064 6061
f 6061 6062 6063
f 6067 6068 6065
f 6065 6066 6067
f 6071 6072 6069
f 6069 6070 6071
f 6074 6076 6073
f 6076 6074 6075
f 6077 6078 6079
f 6080 6081 6082
f 6083 6084 6085
f 6086 6087 6088
f 6091 6092 6089
f 6089 6090 6091
f 6094 6096 6093
f 6096 6094 6095
f 6097 6098 6099
f 6100 6101 6102
f 6105 6106 6103
f 6103 6104 6105
f 6107 6108 6109
f 6110 6111 6112
f 6115 6116 6113
f 6113 6114 6115
f 6119 6120 6117
f 6117 6118 6119
f 6123 6124 6121
f 6121 6122 6123
f 6127 6128 6125
f 6125 6126 6127
f 6130 6132 6129
f 6132 6130 6131
f 6135 6136 6133
f 6133 6134 6135
f 6139 6140 6137
f 6137 6138 6139
f 6143 6144 6141
f 6141 6142 6143
f 6146 6148 6145
f 6148 6146 6147
f 6150 6152 6149
f 6152 6150 6151
f 6155 6156 6153
f 6153 6154 6155
f 6159 6160 6157
f 6157 6158 6159
f 6162 6164 6161
f 6164 6162 6163
f 6166 6168 6165
f 6168 6166 6167
f 6171 6172 6169
f 6169 6170 6171
f 6175 6176 6173
f 6173 6174 6175
f 6178 6180 6177
f 6180 6178 6179
f 6182 6184 6181
f 6184 6182 6183
f 6187 6188 6185
f 6185 6186 6187
f 6191 6192 6189
f 6189 6190 6191
f 6194 6196 6193
f 6196 6194 6195
f 6198 6200 6197
f 6200 6198 6199
f 6203 6204 6201
f 6201 6202 6203
f 6207 6208 6205
f 6205 6206 6207
f 6210 6212 6209
f 6212 6210 6211
f 6214 6216 6213
f 6216 6214 6215
f 6219 6220 6217
f 6217 6218 6219
f 6223 6224 6221
f 6221 6222 6223
f 6226 6228 6225
f 6228 6226 6227
f 6230 6232 6229
f 6232 6230 6231
f 6235 6236 6233
f 6233 6234 6235
f 6239 6240 6237
f 6237 6238 6239
f 6242 6244 6241
f 6244 6242 6243
f 6246 6248 6245
f 6248 6246 6247
f 6251 6252 6249
f 6249 6250 6251
f 6255 6256 6253
f 6253 6254 6255
f 6258 6260 6257
f 6260 6258 6259
f 6262 6264 6261
f 6264 6262 6263
f 6267 6268 6265
f 6265 6266 6267
f 6271 6272 6269
f 6269 6270 6271
f 6274 6276 6273
f 6276 6274 6275
f 6279 6280 6277
f 6277 6278 6279
f 6282 6284 6281
f 6284 6282 6283
f 6287 6288 6285
f 6285 6286 6287
f 6290 6292 6289
f 6292 6290 6291
f 6295 6296 6293
f 6293 6294 6295
f 6297 6298 6299
f 6300 6301 6302
f 6303 6304 6305
f 6306 6307 6308
f 6311 6312 6309
f 6309 6310 6311
f 6315 6316 6313
f 6313 6314 6315
f 6318 6320 6317
f 6320 6318 6319
f 6322 6324 6321
f 6324 6322 6323
f 6326 6328 6325
f 6328 6326 6327
f 6329 6330 6331
f 6332 6333 6334
f 6335 6336 6337
f 6338 6339 6340
f 6341 6342 6343
f 6345 6347 6344
f 6347 6345 6346
f 6350 6351 6348
f 6348 6349 6350
f 6354 6355 6352
f 6352 6353 6354
f 6357 6359 6356
f 6359 6357 6358
f 6361 6363 6360
f 6363 6361 6362
f 6366 6367 6364
f 6364 6365 6366
f 6369 6371 6368
f 6371 6369 6370
f 6374 6375 6372
f 6372 6373 6374
f 6377 6379 6376
f 6379 6377 6378
f 6381 6383 6380
f 6383 6381 6382
f 6384 6385 6386
f 6387 6388 6389
f 6390 6391 6392
f 6393 6394 6395
f 6397 6399 6396
f 6399 6397 6398
f 6402 6403 6400
f 6400 6401 6402
f 6406 6407 6404
f 6404 6405 6406
f 6410 6411 6408
f 6408 6409 6410
f 6414 6415 6412
f 6412 6413 6414
f 6416 6417 6418
f 6419 6420 6421
f 6422 6423 6424
f 6425 6426 6427
f 6429 6431 6428
f 6431 6429 6430
f 6434 6435 6432
f 6432 6433 6434
f 6438 6439 6436
f 6436 6437 6438
f 6442 6443 6440
f 6440 6441 6442
f 6445 6447 6444
f 6447 6445 6446
f 6448 6449 6450
f 6451 6452 6453
f 6454 6455 6456
f 6457 6458 6459
f 6462 6463 6460
f 6460 6461 6462
f 6466 6467 6464
f 6464 6465 6466
f 6468 6469 6470
f 6471 6472 6473
f 6475 6477 6474
f 6477 6475 6476
f 6478 6479 6480
f 6481 6482 6483
f 6485 6487 6484
f 6487 6485 6486
f 6490 6491 6488
f 6488 6489 6490
f 6493 6495 6492
f 6495 6493 6494
f 6497 6499 6496
f 6499 6497 6498
f 6502 6503 6500
f 6500 6501 6502
f 6506 6507 6504
f 6504 6505 6506
f 6509 6511 6508
f 6511 6509 6510
f 6513 6515 6512
f 6515 6513 6514
f 6518 6519 6516
f 6516 6517 6518
f 6522 6523 6520
f 6520 6521 6522
f 6525 6527 6524
f 6527 6525 6526
f 6529 6531 6528
f 6531 6529 6530
f 6534 6535 6532
f 6532 6533 6534
f 6538 6539 6536
f 6536 6537 6538
f 6541 6543 6540
f 6543 6541 6542
f 6545 6547 6544
f 6547 6545 6546
f 6550 6551 6548
f 6548 6549 6550
f 6554 6555 6552
f 6552 6553 6554
f 6557 6559 6556
f 6559 6557 6558
f 6561 6563 6560
f 6563 6561 6562
f 6566 6567 6564
f 6564 6565 6566
f 6570 6571 6568
f 6568 6569 6570
f 6573 6575 6572
f 6575 6573 6574
f 6577 6579 6576
f 6579 6577 6578
f 6582 6583 6580
f 6580 6581 6582
f 6586 6587 6584
f 6584 6585 6586
f 6589 6591 6588
f 6591 6589 6590
f 6593 6595 6592
f 6595 6593 6594
f 6598 6599 6596
f 6596 6597 6598
f 6602 6603 6600
f 6600 6601 6602
f 6605 6607 6604
f 6607 6605 6606
f 6609 6611 6608
f 6611 6609 6610
f 6614 6615 6612
f 6612 6613 6614
f 6618 6619 6616
f 6616 6617 6618
f 6621 6623 6620
f 6623 6621 6622
f 6625 6627 6624
f 6627 6625 6626
f 6630 6631 6628
f 6628 6629 6630
f 6634 6635 6632
f 6632 6633 6634
f 6637 6639 6636
f 6639 6637 6638
f 6641 6643 6640
f 6643 6641 6642
f 6646 6647 6644
f 6644 6645 6646
f 6649 6651 6648
f 6651 6649 6650
f 6654 6655 6652
f 6652 6653 6654
f 6658 6659 6656
f 6656 6657 6658
f 6662 6663 6660
f 6660 6661 6662
f 6665 6667 6664
f 6667 6665 6666
f 6668 6669 6670
f 6671 6672 6673
f 6674 6675 6676
f 6677 6678 6679
f 6681 6683 6680
f 6683 6681 6682
f 6685 6687 6684
f 6687 6685 6686
f 6690 6691 6688
f 6688 6689 6690
f 6694 6695 6692
f 6692 6693 6694
f 6698 6699 6696
f 6696 6697 6698
f 6700 6701 6702
f 6703 6704 6705
f 6706 6707 6708
f 6709 6710 6711
f 6712 6713 6714
f 6717 6718 6715
f 6715 6716 6717
f 6720 6722 6719
f 6722 6720 6721
f 6725 6726 6723
f 6723 6724 6725
f 6728 6730 6727
f 6730 6728 6729
f 6733 6734 6731
f 6731 6732 6733
f 6735 6736 6737
f 6738 6739 6740
f 6741 6742 6743
f 6744 6745 6746
f 6749 6750 6747
f 6747 6748 6749
f 6752 6754 6751
f 6754 6752 6753
f 6757 6758 6755
f 6755 6756 6757
f 6760 6762 6759
f 6762 6760 6761
f 6765 6766 6763
f 6763 6764 6765
f 6767 6768 6769
f 6770 6771 6772
f 6773 6774 6775
f 6776 6777 6778
f 6780 6782 6779
f 6782 6780 6781
f 6785 6786 6783
f 6783 6784 6785
f 6789 6790 6787
f 6787 6788 6789
f 6793 6794 6791
f 6791 6792 6793
f 6796 6798 6795
f 6798 6796 6797
f 6799 6800 6801
f 6802 6803 6804
f 6805 6806 6807
f 6808 6809 6810
f 6813 6814 6811
f 6811 6812 6813
f 6816 6818 6815
f 6818 6816 6817
f 6821 6822 6819
f 6819 6820 6821
f 6824 6826 6823
f 6826 6824 6825
f 6829 6830 6827
f 6827 6828 6829
f 6831 6832 6833
f 6834 6835 6836
f 6837 6838 6839
f 6840 6841 6842
f 6845 6846 6843
f 6843 6844 6845
f 6849 6850 6847
f 6847 6848 6849
f 6851 6852 6853
f 6854 6855 6856
f 6858 6860 6857
f 6860 6858 6859
f 6861 6862 6863
f 6864 6865 6866
f 6868 6870 6867
f 6870 6868 6869
f 6873 6874 6871
f 6871 6872 6873
f 6876 6878 6875
f 6878 6876 6877
f 6880 6882 6879
f 6882 6880 6881
f 6885 6886 6883
f 6883 6884 6885
f 6889 6890 6887
f 6887 6888 6889
f 6892 6894 6891
f 6894 6892 6893
f 6896 6898 6895
f 6898 6896 6897
f 6901 6902 6899
f 6899 6900 6901
f 6905 6906 6903
f 6903 6904 6905
f 6908 6910 6907
f 6910 6908 6909
f 6912 6914 6911
f 6914 6912 6913
f 6917 6918 6915
f 6915 6916 6917
f 6921 6922 6919
f 6919 6920 6921
f 6924 6926 6923
f 6926 6924 6925
f 6928 6930 6927
f 6930 6928 6929
f 6933 6934 6931
f 6931 6932 6933
f 6937 6938 6935
f 6935 6936 6937
f 6940 6942 6939
f 6942 6940 6941
f 6944 6946 6943
f 6946 6944 6945
f 6949 6950 6947
f 6947 6948 6949
f 6953 6954 6951
f 6951 6952 6953
f 6956 6958 6955
f 6958 6956 6957
f 6960 6962 6959
f 6962 6960 6961
f 6965 6966 6963
f 6963 6964 6965
f 6969 6970 6967
f 6967 6968 6969
f 6972 6974 6971
f 6974 6972 6973
f 6976 6978 6975
f 6978 6976 6977
f 6981 6982 6979
f 6979 6980 6981
f 6985 6986 6983
f 6983 6984 6985
f 6988 6990 6987
f 6990 6988 6989
f 6992 6994 6991
f 6994 6992 6993
f 6997 6998 6995
f 6995 6996 6997
f 7001 7002 6999
f 6999 7000 7001
f 7004 7006 7003
f 7006 7004 7005
f 7008 7010 7007
f 7010 7008 7009
f 7013 7014 7011
f 7011 7012 7013
f 7017 7018 7015
f 7015 7016 7017
f 7020 7022 7019
f 7022 7020 7021
f 7024 7026 7023
f 7026 7024 7025
f 7029 7030 7027
f 7027 7028 7029
f 7032 7034 7031
f 7034 7032 7033
f 7037 7038 7035
f 7035 7036 7037
f 7041 7042 7039
f 7039 7040 7041
f 7045 7046 7043
f 7043 7044 7045
f 7048 7050 7047
f 7050 7048 7049
f 7051 7052 7053
f 7054 7055 7056
f 7057 7058 7059
f 7060 7061 7062
f 7064 7066 7063
f 7066 7064 7065
f 7068 7070 7067
f 7070 7068 7069
f 7073 7074 7071
f 7071 7072 7073
f 7077 7078 7075
f 7075 7076 7077
f 7081 7082 7079
f 7079 7080 7081
f 7083 7084 7085
f 7086 7087 7088
f 7089 7090 7091
f 7092 7093 7094
f 7095 7096 7097
f 7100 7101 7098
f 7098 7099 7100
f 7103 7105 7102
f 7105 7103 7104
f 7107 7109 7106
f 7109 7107 7108
f 7112 7113 7110
f 7110 7111 7112
f 7116 7117 7114
f 7114 7115 7116
f 7119 7121 7118
f 7121 7119 7120
f 7124 7125 7122
f 7122 7123 7124
f 7128 7129 7126
f 7126 7127 7128
f 7132 7133 7130
f 7130 7131 7132
f 7135 7137 7134
f 7137 7135 7136
f 7138 7139 7140
f 7141 7142 7143
f 7144 7145 7146
f 7147 7148 7149
f 7152 7153 7150
f 7150 7151 7152
f 7155 7157 7154
f 7157 7155 7156
f 7159 7161 7158
f 7161 7159 7160
f 7163 7165 7162
f 7165 7163 7164
f 7168 7169 7166
f 7166 7167 7168
f 7170 7171 7172
f 7173 7174 7175
f 7176 7177 7178
f 7179 7180 7181
f 7183 7185 7182
f 7185 7183 7184
f 7188 7189 7186
f 7186 7187 7188
f 7192 7193 7190
f 7190 7191 7192
f 7196 7197 7194
f 7194 7195 7196
f 7199 7201 7198
f 7201 7199 7200
f 7202 7203 7204
f 7205 7206 7207
f 7208 7209 7210
f 7211 7212 7213
f 7216 7217 7214
f 7214 7215 7216
f 7220 7221 7218
f 7218 7219 7220
f 7222 7223 7224
f 7225 7226 7227
f 7229 7231 7228
f 7231 7229 7230
f 7232 7233 7234
f 7235 7236 7237
f 7239 7241 7238
f 7241 7239 7240
f 7244 7245 7242
f 7242 7243 7244
f 7247 7249 7246
f 7249 7247 7248
f 7251 7253 7250
f 7253 7251 7252
f 7256 7257 7254
f 7254 7255 7256
f 7260 7261 7258
f 7258 7259 7260
f 7263 7265 7262
f 7265 7263 7264
f 7267 7269 7266
f 7269 7267 7268
f 7272 7273 7270
f 7270 7271 7272
f 7276 7277 7274
f 7274 7275 7276
f 7279 7281 7278
f 7281 7279 7280
f 7283 7285 7282
f 7285 7283 7284
f 7288 7289 7286
f 7286 7287 7288
f 7292 7293 7290
f 7290 7291 7292
f 7295 7297 7294
f 7297 7295 7296
f 7299 7301 7298
f 7301 7299 7300
f 7304 7305 7302
f 7302 7303 7304
f 7308 7309 7306
f 7306 7307 7308
f 7311 7313 7310
f 7313 7311 7312
f 7315 7317 7314
f 7317 7315 7316
f 7320 7321 7318
f 7318 7319 7320
f 7324 7325 7322
f 7322 7323 7324
f 7327 7329 7326
f 7329 7327 7328
f 7331 7333 7330
f 7333 7331 7332
f 7336 7337 7334
f 7334 7335 7336
f 7340 7341 7338
f 7338 7339 7340
f 7343 7345 7342
f 7345 7343 7344
f 7347 7349 7346
f 7349 7347 7348
f 7352 7353 7350
f 7350 7351 7352
f 7356 7357 7354
f 7354 7355 7356
f 7359 7361 7358
f 7361 7359 7360
f 7363 7365 7362
f 7365 7363 7364
f 7368 7369 7366
f 7366 7367 7368
f 7372 7373 7370
f 7370 7371 7372
f 7375 7377 7374
f 7377 7375 7376
f 7379 7381 7378
f 7381 7379 7380
f 7384 7385 7382
f 7382 7383 7384
f 7388 7389 7386
f 7386 7387 7388
f 7391 7393 7390
f 7393 7391 7392
f 7395 7397 7394
f 7397 7395 7396
f 7400 7401 7398
f 7398 7399 7400
f 7403 7405 7402
f 7405 7403 7404
f 7408 7409 7406
f 7406 7407 7408
f 7412 7413 7410
f 7410 7411 7412
f 7416 7417 7414
f 7414 7415 7416
f 7419 7421 7418
f 7421 7419 7420
f 7422 7423 7424
f 7425 7426 7427
f 7428 7429 7430
f 7431 7432 7433
f 7435 7437 7434
f 7437 7435 7436
f 7439 7441 7438
f 7441 7439 7440
f 7444 7445 7442
f 7442 7443 7444
f 7448 7449 7446
f 7446 7447 7448
f 7452 7453 7450
f 7450 7451 7452
f 7454 7455 7456
f 7457 7458 7459
f 7460 7461 7462
f 7463 7464 7465
f 7466 7467 7468
f 7471 7472 7469
f 7469 7470 7471
f 7474 7476 7473
f 7476 7474 7475
f 7479 7480 7477
f 7477 7478 7479
f 7482 7484 7481
f 7484 7482 7483
f 7487 7488 7485
f 7485 7486 7487
f 7489 7490 7491
f 7492 7493 7494
f 7495 7496 7497
f 7498 7499 7500
f 7503 7504 7501
f 7501 7502 7503
f 7506 7508 7505
f 7508 7506 7507
f 7511 7512 7509
f 7509 7510 7511
f 7514 7516 7513
f 7516 7514 7515
f 7519 7520 7517
f 7517 7518 7519
f 7521 7522 7523
f 7524 7525 7526
f 7527 7528 7529
f 7530 7531 7532
f 7534 7536 7533
f 7536 7534 7535
f 7539 7540 7537
f 7537 7538 7539
f 7543 7544 7541
f 7541 7542 7543
f 7547 7548 7545
f 7545 7546 7547
f 7550 7552 7549
f 7552 7550 7551
f 7553 7554 7555
f 7556 7557 7558
f 7559 7560 7561
f 7562 7563 7564
f 7567 7568 7565
f 7565 7566 7567
f 7570 7572 7569
f 7572 7570 7571
f 7575 7576 7573
f 7573 7574 7575
f 7579 7580 7577
f 7577 7578 7579
f 7582 7584 7581
f 7584 7582 7583
f 7585 7586 7587
f 7588 7589 7590
f 7591 7592 7593
f 7594 7595 7596
f 7599 7600 7597
f 7597 7598 7599
f 7602 7604 7601
f 7604 7602 7603
f 7605 7606 7607
f 7608 7609 7610
f 7613 7614 7611
f 7611 7612 7613
f 7615 7616 7617
f 7618 7619 7620
f 7623 7624 7621
f 7621 7622 7623
f 7627 7628 7625
f 7625 7626 7627
f 7631 7632 7629
f 7629 7630 7631
f 7635 7636 7633
f 7633 7634 7635
f 7638 7640 7637
f 7640 7638 7639
f 7643 7644 7641
f 7641 7642 7643
f 7647 7648 7645
f 7645 7646 7647
f 7651 7652 7649
f 7649 7650 7651
f 7654 7656 7653
f 7656 7654 7655
f 7659 7660 7657
f 7657 7658 7659
f 7663 7664 7661
f 7661 7662 7663
f 7667 7668 7665
f 7665 7666 7667
f 7670 7672 7669
f 7672 7670 7671
f 7675 7676 7673
f 7673 7674 7675
f 7679 7680 7677
f 7677 7678 7679
f 7683 7684 7681
f 7681 7682 7683
f 7686 7688 7685
f 7688 7686 7687
f 7691 7692 7689
f 7689 7690 7691
f 7695 7696 7693
f 7693 7694 7695
f 7699 7700 7697
f 7697 7698 7699
f 7702 7704 7701
f 7704 7702 7703
f 7706 7708 7705
f 7708 7706 7707
f 7711 7712 7709
f 7709 7710 7711
f 7715 7716 7713
f 7713 7714 7715
f 7718 7720 7717
f 7720 7718 7719
f 7722 7724 7721
f 7724 7722 7723
f 7727 7728 7725
f 7725 7726 7727
f 7731 7732 7729
f 7729 7730 7731
f 7734 7736 7733
f 7736 7734 7735
f 7738 7740 7737
f 7740 7738 7739
f 7743 7744 7741
f 7741 7742 7743
f 7747 7748 7745
f 7745 7746 7747
f 7750 7752 7749
f 7752 7750 7751
f 7754 7756 7753
f 7756 7754 7755
f 7759 7760 7757
f 7757 7758 7759
f 7763 7764 7761
f 7761 7762 7763
f 7766 7768 7765
f 7768 7766 7767
f 7770 7772 7769
f 7772 7770 7771
f 7775 7776 7773
f 7773 7774 7775
f 7779 7780 7777
f 7777 7778 7779
f 7782 7784 7781
f 7784 7782 7783
f 7787 7788 7785
f 7785 7786 7787
f 7790 7792 7789
f 7792 7790 7791
f 7795 7796 7793
f 7793 7794 7795
f 7799 7800 7797
f 7797 7798 7799
f 7802 7804 7801
f 7804 7802 7803
f 7805 7806 7807
f 7808 7809 7810
f 7811 7812 7813
f 7814 7815 7816
f 7819 7820 7817
f 7817 7818 7819
f 7823 7824 7821
f 7821 7822 7823
f 7826 7828 7825
f 7828 7826 7827
f 7830 7832 7829
f 7832 7830 7831
f 7834 7836 7833
f 7836 7834 7835
f 7837 7838 7839
f 7840 7841 7842
f 7843 7844 7845
f 7846 7847 7848
f 7849 7850 7851
f 7853 7855 7852
f 7855 7853 7854
f 7858 7859 7856
f 7856 7857 7858
f 7862 7863 7860
f 7860 7861 7862
f 7866 7867 7864
f 7864 7865 7866
f 7870 7871 7868
f 7868 7869 7870
f 7872 7873 7874
f 7875 7876 7877
f 7878 7879 7880
f 7881 7882 7883
f 7885 7887 7884
f 7887 7885 7886
f 7890 7891 7888
f 7888 7889 7890
f 7894 7895 7892
f 7892 7893 7894
f 7898 7899 7896
f 7896 7897 7898
f 7902 7903 7900
f 7900 7901 7902
f 7904 7905 7906
f 7907 7908 7909
f 7910 7911 7912
f 7913 7914 7915
f 7918 7919 7916
f 7916 7917 7918
f 7921 7923 7920
f 7923 7921 7922
f 7926 7927 7924
f 7924 7925 7926
f 7930 7931 7928
f 7928 7929 7930
f 7933 7935 7932
f 7935 7933 7934
f 7936 7937 7938
f 7939 7940 7941
f 7942 7943 7944
f 7945 7946 7947
f 7949 7951 7948
f 7951 7949 7950
f 7954 7955 7952
f 7952 7953 7954
f 7958 7959 7956
f 7956 7957 7958
f 7962 7963 7960
f 7960 7961 7962
f 7965 7967 7964
f 7967 7965 7966
f 7968 7969 7970
f 7971 7972 7973
f 7974 7975 7976
f 7977 7978 7979
f 7982 7983 7980
f 7980 7981 7982
f 7985 7987 7984
f 7987 7985 7986
f 7988 7989 7990
f 7991 7992 7993
f 7996 7997 7994
f 7994 7995 7996
f 7998 7999 8000
f 8001 8002 8003
f 8006 8007 8004
f 8004 8005 8006
f 8010 8011 8008
f 8008 8009 8010
f 8014 8015 8012
f 8012 8013 8014
f 8018 8019 8016
f 8016 8017 8018
f 8021 8023 8020
f 8023 8021 8022
f 8026 8027 8024
f 8024 8025 8026
f 8030 8031 8028
f 8028 8029 8030
f 8034 8035 8032
f 8032 8033 8034
f 8037 8039 8036
f 8039 8037 8038
f 8041 8043 8040
f 8043 8041 8042
f 8046 8047 8044
f 8044 8045 8046
f 8050 8051 8048
f 8048 8049 8050
f 8053 8055 8052
f 8055 8053 8054
f 8057 8059 8056
f 8059 8057 8058
f 8062 8063 8060
f 8060 8061 8062
f 8066 8067 8064
f 8064 8065 8066
f 8069 8071 8068
f 8071 8069 8070
f 8073 8075 8072
f 8075 8073 8074
f 8078 8079 8076
f 8076 8077 8078
f 8082 8083 8080
f 8080 8081 8082
f 8085 8087 8084
f 8087 8085 8086
f 8089 8091 8088
f 8091 8089 8090
f 8094 8095 8092
f 8092 8093 8094
f 8098 8099 8096
f 8096 8097 8098
f 8101 8103 8100
f 8103 8101 8102
f 8105 8107 8104
f 8107 8105 8106
f 8110 8111 8108
f 8108 8109 8110
f 8114 8115 8112
f 8112 8113 8114
f 8117 8119 8116
f 8119 8117 8118
f 8121 8123 8120
f 8123 8121 8122
f 8126 8127 8124
f 8124 8125 8126
f 8130 8131 8128
f 8128 8129 8130
f 8133 8135 8132
f 8135 8133 8134
f 8137 8139 8136
f 8139 8137 8138
f 8142 8143 8140
f 8140 8141 8142
f 8146 8147 8144
f 8144 8145 8146
f 8149 8151 8148
f 8151 8149 8150
f 8153 8155 8152
f 8155 8153 8154
f 8158 8159 8156
f 8156 8157 8158
f 8162 8163 8160
f 8160 8161 8162
f 8165 8167 8164
f 8167 8165 8166
f 8170 8171 8168
f 8168 8169 8170
f 8173 8175 8172
f 8175 8173 8174
f 8178 8179 8176
f 8176 8177 8178
f 8181 8183 8180
f 8183 8181 8182
f 8186 8187 8184
f 8184 8185 8186
f 8188 8189 8190
f 8191 8192 8193
f 8194 8195 8196
f 8197 8198 8199
f 8202 8203 8200
f 8200 8201 8202
f 8206 8207 8204
f 8204 8205 8206
f 8209 8211 8208
f 8211 8209 8210
f 8213 8215 8212
f 8215 8213 8214
f 8217 8219 8216
f 8219 8217 8218
f 8220 8221 8222
f 8223 8224 8225
f 8226 8227 8228
f 8229 8230 8231
f 8232 8233 8234
f 8236 8238 8235
f 8238 8236 8237
f 8241 8242 8239
f 8239 8240 8241
f 8245 8246 8243
f 8243 8244 8245
f 8248 8250 8247
f 8250 8248 8249
f 8252 8254 8251
f 8254 8252 8253
f 8257 8258 8255
f 8255 8256 8257
f 8260 8262 8259
f 8262 8260 8261
f 8265 8266 8263
f 8263 8264 8265
f 8268 8270 8267
f 8270 8268 8269
f 8272 8274 8271
f 8274 8272 8273
f 8275 8276 8277
f 8278 8279 8280
f 8281 8282 8283
f 8284 8285 8286
f 8288 8290 8287
f 8290 8288 8289
f 8293 8294 8291
f 8291 8292 8293
f 8297 8298 8295
f 8295 8296 8297
f 8301 8302 8299
f 8299 8300 8301
f 8305 8306 8303
f 8303 8304 8305
f 8307 8308 8309
f 8310 8311 8312
f 8313 8314 8315
f 8316 8317 8318
f 8320 8322 8319
f 8322 8320 8321
f 8325 8326 8323
f 8323 8324 8325
f 8329 8330 8327
f 8327 8328 8329
f 8333 8334 8331
f 8331 8332 8333
f 8336 8338 8335
f 8338 8336 8337
f 8339 8340 8341
f 8342 8343 8344
f 8345 8346 8347
f 8348 8349 8350
f 8353 8354 8351
f 8351 8352 8353
f 8357 8358 8355
f 8355 8356 8357
f 8359 8360 8361
f 8362 8363 8364
f 8366 8368 8365
f 8368 8366 8367
f 8369 8370 8371
f 8372 8373 8374
f 8376 8378 8375
f 8378 8376 8377
f 8381 8382 8379
f 8379 8380 8381
f 8384 8386 8383
f 8386 8384 8385
f 8388 8390 8387
f 8390 8388 8389
f 8393 8394 8391
f 8391 8392 8393
f 8397 8398 8395
f 8395 8396 8397
f 8400 8402 8399
f 8402 8400 8401
f 8404 8406 8403
f 8406 8404 8405
f 8409 8410 8407
f 8407 8408 8409
f 8413 8414 8411
f 8411 8412 8413
f 8416 8418 8415
f 8418 8416 8417
f 8420 8422 8419
f 8422 8420 8421
f 8425 8426 8423
f 8423 8424 8425
f 8429 8430 8427
f 8427 8428 8429
f 8432 8434 8431
f 8434 8432 8433
f 8436 8438 8435
f 8438 8436 8437
f 8441 8442 8439
f 8439 8440 8441
f 8445 8446 8443
f 8443 8444 8445
f 8448 8450 8447
f 8450 8448 8449
f 8452 8454 8451
f 8454 8452 8453
f 8457 8458 8455
f 8455 8456 8457
f 8461 8462 8459
f 8459 8460 8461
f 8464 8466 8463
f 8466 8464 8465
f 8468 8470 8467
f 8470 8468 8469
f 8473 8474 8471
f 8471 8472 8473
f 8477 8478 8475
f 8475 8476 8477
f 8480 8482 8479
f 8482 8480 8481
f 8484 8486 8483
f 8486 8484 8485
f 8489 8490 8487
f 8487 8488 8489
f 8493 8494 8491
f 8491 8492 8493
f 8496 8498 8495
f 8498 8496 8497
f 8500 8502 8499
f 8502 8500 8501
f 8505 8506 8503
f 8503 8504 8505
f 8509 8510 8507
f 8507 8508 8509
f 8512 8514 8511
f 8514 8512 8513
f 8516 8518 8515
f 8518 8516 8517
f 8521 8522 8519
f 8519 8520 8521
f 8525 8526 8523
f 8523 8524 8525
f 8528 8530 8527
f 8530 8528 8529
f 8532 8534 8531
f 8534 8532 8533
f 8537 8538 8535
f 8535 8536 8537
f 8540 8542 8539
f 8542 8540 8541
f 8545 8546 8543
f 8543 8544 8545
f 8549 8550 8547
f 8547 8548 8549
f 8553 8554 8551
f 8551 8552 8553
f 8556 8558 8555
f 8558 8556 8557
f 8559 8560 8561
f 8562 8563 8564
f 8565 8566 8567
f 8568 8569 8570
f 8572 8574 8571
f 8574 8572 8573
f 8576 8578 8575
f 8578 8576 8577
f 8581 8582 8579
f 8579 8580 8581
f 8585 8586 8583
f 8583 8584 8585
f 8589 8590 8587
f 8587 8588 8589
f 8591 8592 8593
f 8594 8595 8596
f 8597 8598 8599
f 8600 8601 8602
f 8603 8604 8605
f 8608 8609 8606
f 8606 8607 8608
f 8611 8613 8610
f 8613 8611 8612
f 8616 8617 8614
f 8614 8615 8616
f 8619 8621 8618
f 8621 8619 8620
f 8624 8625 8622
f 8622 8623 8624
f 8626 8627 8628
f 8629 8630 8631
f 8632 8633 8634
f 8635 8636 8637
f 8640 8641 8638
f 8638 8639 8640
f 8643 8645 8642
f 8645 8643 8644
f 8648 8649 8646
f 8646 8647 8648
f 8651 8653 8650
f 8653 8651 8652
f 8656 8657 8654
f 8654 8655 8656
f 8658 8659 8660
f 8661 8662 8663
f 8664 8665 8666
f 8667 8668 8669
f 8671 8673 8670
f 8673 8671 8672
f 8676 8677 8674
f 8674 8675 8676
f 8680 8681 8678
f 8678 8679 8680
f 8684 8685 8682
f 8682 8683 8684
f 8687 8689 8686
f 8689 8687 8688
f 8690 8691 8692
f 8693 8694 8695
f 8696 8697 8698
f 8699 8700 8701
f 8704 8705 8702
f 8702 8703 8704
f 8707 8709 8706
f 8709 8707 8708
f 8712 8713 8710
f 8710 8711 8712
f 8715 8717 8714
f 8717 8715 8716
f 8720 8721 8718
f 8718 8719 8720
f 8722 8723 8724
f 8725 8726 8727
f 8728 8729 8730
f 8731 8732 8733
f 8736 8737 8734
f 8734 8735 8736
f 8740 8741 8738
f 8738 8739 8740
f 8742 8743 8744
f 8745 8746 8747
f 8749 8751 8748
f 8751 8749 8750
f 8752 8753 8754
f 8755 8756 8757
f 8759 8761 8758
f 8761 8759 8760
f 8764 8765 8762
f 8762 8763 8764
f 8767 8769 8766
f 8769 8767 8768
f 8771 8773 8770
f 8773 8771 8772
f 8776 8777 8774
f 8774 8775 8776
f 8780 8781 8778
f 8778 8779 8780
f 8783 8785 8782
f 8785 8783 8784
f 8787 8789 8786
f 8789 8787 8788
f 8792 8793 8790
f 8790 8791 8792
f 8796 8797 8794
f 8794 8795 8796
f 8799 8801 8798
f 8801 8799 8800
f 8803 8805 8802
f 8805 8803 8804
f 8808 8809 8806
f 8806 8807 8808
f 8812 8813 8810
f 8810 8811 8812
f 8815 8817 8814
f 8817 8815 8816
f 8819 8821 8818
f 8821 8819 8820
f 8824 8825 8822
f 8822 8823 8824
f 8828 8829 8826
f 8826 8827 8828
f 8831 8833 8830
f 8833 8831 8832
f 8835 8837 8834
f 8837 8835 8836
f 8840 8841 8838
f 8838 8839 8840
f 8844 8845 8842
f 8842 8843 8844
f 8847 8849 8846
f 8849 8847 8848
f 8851 8853 8850
f 8853 8851 8852
f 8856 8857 8854
f 8854 8855 8856
f 8860 8861 8858
f 8858 8859 8860
f 8863 8865 8862
f 8865 8863 8864
f 8867 8869 8866
f 8869 8867 8868
f 8872 8873 8870
f 8870 8871 8872
f 8876 8877 8874
f 8874 8875 8876
f 8879 8881 8878
f 8881 8879 8880
f 8883 8885 8882
f 8885 8883 8884
f 8888 8889 8886
f 8886 8887 8888
f 8892 8893 8890
f 8890 8891 8892
f 8895 8897 8894
f 8897 8895 8896
f 8899 8901 8898
f 8901 8899 8900
f 8904 8905 8902
f 8902 8903 8904
f 8908 8909 8906
f 8906 8907 8908
f 8911 8913 8910
f 8913 8911 8912
f 8915 8917 8914
f 8917 8915 8916
f 8920 8921 8918
f 8918 8919 8920
f 8923 8925 8922
f 8925 8923 8924
f 8928 8929 8926
f 8926 8927 8928
f 8932 8933 8930
f 8930 8931 8932
f 8936 8937 8934
f 8934 8935 8936
f 8939 8941 8938
f 8941 8939 8940
f 8942 8943 8944
f 8945 8946 8947
f 8948 8949 8950
f 8951 8952 8953
f 8955 8957 8954
f 8957 8955 8956
f 8959 8961 8958
f 8961 8959 8960
f 8964 8965 8962
f 8962 8963 8964
f 8968 8969 8966
f 8966 8967 8968
f 8972 8973 8970
f 8970 8971 8972
f 8974 8975 8976
f 8977 8978 8979
f 8980 8981 8982
f 8983 8984 8985
f 8986 8987 8988
f 8991 8992 8989
f 8989 8990 8991
f 8994 8996 8993
f 8996 8994 8995
f 8998 9000 8997
f 9000 8998 8999
f 9003 9004 9001
f 9001 9002 9003
f 9007 9008 9005
f 9005 9006 9007
f 9010 9012 9009
f 9012 9010 9011
f 9015 9016 9013
f 9013 9014 9015
f 9019 9020 9017
f 9017 9018 9019
f 9023 9024 9021
f 9021 9022 9023
f 9026 9028 9025
f 9028 9026 9027
f 9029 9030 9031
f 9032 9033 9034
f 9035 9036 9037
f 9038 9039 9040
f 9043 9044 9041
f 9041 9042 9043
f 9046 9048 9045
f 9048 9046 9047
f 9050 9052 9049
f 9052 9050 9051
f 9054 9056 9053
f 9056 9054 9055
f 9059 9060 9057
f 9057 9058 9059
f 9061 9062 9063
f 9064 9065 9066
f 9067 9068 9069
f 9070 9071 9072
f 9074 9076 9073
f 9076 9074 9075
f 9079 9080 9077
f 9077 9078 9079
f 9083 9084 9081
f 9081 9082 9083
f 9087 9088 9085
f 9085 9086 9087
f 9090 9092 9089
f 9092 9090 9091
f 9093 9094 9095
f 9096 9097 9098
f 9099 9100 9101
f 9102 9103 9104
f 9107 9108 9105
f 9105 9106 9107
f 9111 9112 9109
f 9109 9110 9111
f 9113 9114 9115
f 9116 9117 9118
f 9120 9122 9119
f 9122 9120 9121
f 9123 9124 9125
f 9126 9127 9128
f 9130 9132 9129
f 9132 9130 9131
f 9135 9136 9133
f 9133 9134 9135
f 9138 9140 9137
f 9140 9138 9139
f 9142 9144 9141
f 9144 9142 9143
f 9147 9148 9145
f 9145 9146 9147
f 9151 9152 9149
f 9149 9150 9151
f 9154 9156 9153
f 9156 9154 9155
f 9158 9160 9157
f 9160 9158 9159
f 9163 9164 9161
f 9161 9162 9163
f 9167 9168 9165
f 9165 9166 9167
f 9170 9172 9169
f 9172 9170 9171
f 9174 9176 9173
f 9176 9174 9175
f 9179 9180 9177
f 9177 9178 9179
f 9183 9184 9181
f 9181 9182 9183
f 9186 9188 9185
f 9188 9186 9187
f 9190 9192 9189
f 9192 9190 9191
f 9195 9196 9193
f 9193 9194 9195
f 9199 9200 9197
f 9197 9198 9199
f 9202 9204 9201
f 9204 9202 9203
f 9206 9208 9205
f 9208 9206 9207
f 9211 9212 9209
f 9209 9210 9211
f 9215 9216 9213
f 9213 9214 9215
f 9218 9220 9217
f 9220 9218 9219
f 9222 9224 9221
f 9224 9222 9223
f 9227 9228 9225
f 9225 9226 9227
f 9231 9232 9229
f 9229 9230 9231
f 9234 9236 9233
f 9236 9234 9235
f 9238 9240 9237
f 9240 9238 9239
f 9243 9244 9241
f 9241 9242 9243
f 9247 9248 9245
f 9245 9246 9247
f 9250 9252 9249
f 9252 9250 9251
f 9254 9256 9253
f 9256 9254 9255
f 9259 9260 9257
f 9257 9258 9259
f 9263 9264 9261
f 9261 9262 9263
f 9266 9268 9265
f 9268 9266 9267
f 9270 9272 9269
f 9272 9270 9271
f 9275 9276 9273
f 9273 9274 9275
f 9279 9280 9277
f 9277 9278 9279
f 9282 9284 9281
f 9284 9282 9283
f 9286 9288 9285
f 9288 9286 9287
f 9291 9292 9289
f 9289 9290 9291
f 9294 9296 9293
f 9296 9294 9295
f 9299 9300 9297
f 9297 9298 9299
f 9303 9304 9301
f 9301 9302 9303
f 9307 9308 9305
f 9305 9306 9307
f 9310 9312 9309
f 9312 9310 9311
f 9313 9314 9315
f 9316 9317 9318
f 9319 9320 9321
f 9322 9323 9324
f 9326 9328 9325
f 9328 9326 9327
f 9330 9332 9329
f 9332 9330 9331
f 9335 9336 9333
f 9333 9334 9335
f 9339 9340 9337
f 9337 9338 9339
f 9343 9344 9341
f 9341 9342 9343
f 9345 9346 9347
f 9348 9349 9350
f 9351 9352 9353
f 9354 9355 9356
f 9357 9358 9359
f 9362 9363 9360
f 9360 9361 9362
f 9365 9367 9364
f 9367 9365 9366
f 9370 9371 9368
f 9368 9369 9370
f 9373 9375 9372
f 9375 9373 9374
f 9378 9379 9376
f 9376 9377 9378
f 9380 9381 9382
f 9383 9384 9385
f 9386 9387 9388
f 9389 9390 9391
f 9394 9395 9392
f 9392 9393 9394
f 9397 9399 9396
f 9399 9397 9398
f 9402 9403 9400
f 9400 9401 9402
f 9405 9407 9404
f 9407 9405 9406
f 9410 9411 9408
f 9408 9409 9410
f 9412 9413 9414
f 9415 9416 9417
f 9418 9419 9420
f 9421 9422 9423
f 9425 9427 9424
f 9427 9425 9426
f 9430 9431 9428
f 9428 9429 9430
f 9434 9435 9432
f 9432 9433 9434
f 9438 9439 9436
f 9436 9437 9438
f 9441 9443 9440
f 9443 9441 9442
f 9444 9445 9446
f 9447 9448 9449
f 9450 9451 9452
f 9453 9454 9455
